file,entropy,edge_density,contrast,homogeneity
H1_100a_1.jpg,5.8841107656967635,0.0,4.010805611222445,0.49628970003131057
H1_100a_2.jpg,5.670171953741259,0.0,2.58834869739479,0.5824656947251374
H1_100a_3.jpg,5.174821177062525,0.0,2.0747214428857714,0.6312226325487751
H1_100a_4.jpg,5.754648003320855,0.0,3.539947895791583,0.5285845542914009
H1_100a_5.jpg,4.841841641618666,0.0,1.8213867735470943,0.6476241879616169
H1_100a_6.jpg,4.6115523482291545,0.0,1.6017074148296593,0.673843805612069
H1_100a_7.jpg,5.680831211434306,0.0,3.5924208416833667,0.5234207770018473
H1_100a_8.jpg,5.586090460419707,0.0,2.1945731462925853,0.6144337444940369
H1_100a_9.jpg,5.4215972199691675,0.0,1.625382765531062,0.6532168964084314
H1_101a_1.jpg,6.107370096143583,0.0,3.156204408817636,0.5672421269448416
H1_101a_2.jpg,5.351349436573682,0.0,4.275635270541082,0.5180239249855689
H1_101a_3.jpg,5.545794324714888,0.0,3.842480961923848,0.5236361135807631
H1_101a_4.jpg,5.666103838469487,0.0,2.727382765531062,0.5952668434554323
H1_101a_5.jpg,5.59119286067559,3.6e-05,3.672472945891784,0.5406405992595642
H1_101a_6.jpg,5.700501589724501,4.8e-05,3.561026052104208,0.5398271173142792
H1_101a_7.jpg,5.540992976863079,0.0,2.6680320641282567,0.5888412533393754
H1_101a_8.jpg,5.555457819119641,0.0,3.858761523046092,0.5326283708586393
H1_101a_9.jpg,5.659214834571609,0.0,4.251230460921843,0.5104196369509251
H1_101b_1.jpg,5.524251291873342,0.0,4.287230460921844,0.5252139383952782
H1_101b_10.jpg,5.52261381308864,0.0,5.70307014028056,0.4902566363917085
H1_101b_11.jpg,5.353674717220211,0.0,4.8997995991983965,0.49922407027094545
H1_101b_12.jpg,5.491328112761152,0.000248,5.550356713426854,0.519127364358248
H1_101b_13.jpg,5.6303278018728165,0.0,3.7294669338677355,0.5473472223880422
H1_101b_14.jpg,5.710740051077612,0.00026,6.302945891783567,0.46837592944487505
H1_101b_15.jpg,5.594547316618979,0.0,4.409783567134269,0.5213159538064336
H1_101b_16.jpg,5.714571636527902,0.00046,6.621302605210421,0.4704714511297947
H1_101b_2.jpg,6.081505387949941,0.0,3.699046092184369,0.5342114216617813
H1_101b_3.jpg,6.564492757002091,0.0,3.1550460921843695,0.5551665207783453
H1_101b_4.jpg,6.333504187112538,4e-05,4.031795591182365,0.5374374658020025
H1_101b_5.jpg,5.564055922436492,0.0,5.219903807615231,0.48240394389656943
H1_101b_6.jpg,5.2109685635614,0.0,3.914004008016032,0.5320062270127118
H1_101b_7.jpg,5.554779679131085,0.0,4.76131863727455,0.49991584177773485
H1_101b_8.jpg,6.103676183060839,0.0,4.279567134268538,0.5284004733087609
H1_101b_9.jpg,5.1946452589240435,0.0,2.8887615230460923,0.5824912489070334
H1_101c_1.jpg,5.586684246200065,0.0,6.461819639278557,0.45271611184762545
H1_101c_10.jpg,5.548345090826224,0.0,4.712789579158317,0.5039859751524793
H1_101c_11.jpg,5.20287023866869,6e-05,3.698496993987976,0.5533613576681029
H1_101c_12.jpg,5.099387405433802,2.4e-05,3.796056112224449,0.5529099714324711
H1_101c_13.jpg,5.314132194374909,0.0,4.47172745490982,0.5138388402242978
H1_101c_14.jpg,5.495794740532833,0.0,4.773691382765531,0.5049773032108292
H1_101c_15.jpg,5.279197085384574,5.6e-05,3.6019358717434864,0.5553150605562204
H1_101c_16.jpg,4.975274337722441,0.0,3.1266372745490987,0.5735863786308671
H1_101c_2.jpg,5.581145680149451,0.0,4.64335871743487,0.5035608641683222
H1_101c_3.jpg,5.613090240546682,0.0,4.578533066132264,0.5175114781271164
H1_101c_4.jpg,5.632786059181018,0.0,3.8606773547094195,0.5408973036446216
H1_101c_5.jpg,5.789615123816234,0.0,6.46817635270541,0.45558404398659774
H1_101c_6.jpg,5.654971837421145,0.0,4.577931863727454,0.4984950117756594
H1_101c_7.jpg,5.535983883996541,0.0,3.767599198396794,0.5421960556135703
H1_101c_8.jpg,5.8944306552656425,0.000168,4.8388336673346695,0.5071855097193289
H1_101c_9.jpg,5.425317402935313,0.0,5.168545090180361,0.4899080517165275
H1_101d_1.jpg,5.647834449638455,0.0,4.394388777555109,0.50802073369131
H1_101d_2.jpg,5.718848078851539,0.0,4.225126252505009,0.5088439664321522
H1_101d_3.jpg,5.607578123864645,0.0,4.562068136272545,0.5030136538184169
H1_101d_4.jpg,5.679780161658043,0.0,4.639438877755511,0.5009274092769713
H1_101d_5.jpg,5.8698910486646305,0.0,6.090861723446894,0.4553253505525239
H1_101d_6.jpg,5.798211479871241,0.0,5.71314629258517,0.46622615485321217
H1_101d_7.jpg,5.960520128772717,0.0,4.516488977955911,0.5077767035416538
H1_101d_8.jpg,5.6647278133511625,0.0,4.920649298597195,0.49239154073920305
H1_101d_9.jpg,5.72778179379437,9.2e-05,6.152256513026052,0.45706757303983314
H1_102a_1.jpg,5.787271742374719,0.0,1.0530020040080161,0.7109577180063473
H1_102a_10.jpg,5.624848724209386,0.0,0.7912344689378759,0.7563097662118516
H1_102a_11.jpg,5.294330451505698,0.0,0.9357995991983968,0.7341639163792255
H1_102a_12.jpg,4.88945610670558,0.0,0.8947615230460921,0.7338469786920501
H1_102a_13.jpg,5.273071252973702,0.0,0.884320641282565,0.7410772904882954
H1_102a_14.jpg,5.987023790765952,0.0,0.6822685370741483,0.7739930753325166
H1_102a_15.jpg,6.068426687097148,0.0,0.7236032064128257,0.7667884269159633
H1_102a_16.jpg,4.997475837535508,0.0,0.7966813627254508,0.756615615028516
H1_102a_17.jpg,5.0202421780371544,0.0,0.7859078156312624,0.7576534717569704
H1_102a_18.jpg,5.20813272342979,0.0,1.0355791583166332,0.7270865730728084
H1_102a_19.jpg,6.567037774961725,0.0,1.1018356713426858,0.7167109587765546
H1_102a_2.jpg,5.093072265717441,0.0,0.6785170340681363,0.7803748532848992
H1_102a_20.jpg,6.727303310348584,0.0,1.2683967935871747,0.6975700249766781
H1_102a_21.jpg,5.005902388650266,0.0,0.808809619238477,0.7547863539332098
H1_102a_22.jpg,5.2671555769285945,0.0,0.8129258517034068,0.7518297086477813
H1_102a_23.jpg,5.390564036426518,0.0,1.0564769539078156,0.721967493042222
H1_102a_24.jpg,6.599146921631372,0.0,1.1771983967935873,0.7060001336455296
H1_102a_25.jpg,6.746662043569931,0.0,1.4031142284569138,0.6862850971234813
H1_102a_3.jpg,4.62942535037571,0.0,0.7243366733466934,0.7754146487517879
H1_102a_4.jpg,5.249621460066595,0.0,0.7862444889779558,0.7539788569971113
H1_102a_5.jpg,5.175386801755331,0.0,0.7562204408817634,0.7591678750040133
H1_102a_6.jpg,5.604789162274415,0.0,0.8610781563126252,0.741393606457091
H1_102a_7.jpg,4.552611645419136,0.0,0.8137635270541081,0.7716905750928611
H1_102a_8.jpg,5.416808052851655,0.0,0.972064128256513,0.7380412360178377
H1_102a_9.jpg,5.830906076563722,0.0,0.8092705410821643,0.748408572125056
H1_102b_1.jpg,3.3609142711198365,0.0,0.6939238476953907,0.7853932748358523
H1_102b_10.jpg,5.895052886666216,0.0,0.9235190380761524,0.7287794660370861
H1_102b_11.jpg,3.254043394679829,0.0,0.6716593186372746,0.7865316583517511
H1_102b_12.jpg,3.686383599668463,0.0,0.6207214428857716,0.7923529176489216
H1_102b_13.jpg,3.959084926083943,0.0,0.6866332665330661,0.7790092314748182
H1_102b_14.jpg,5.273726820239525,0.0,0.8579839679358716,0.7431960849959731
H1_102b_15.jpg,5.541350986635965,0.0,1.0124128256513025,0.7145590602606706
H1_102b_16.jpg,4.958775688043149,0.0,0.7988577154308618,0.7618785333212772
H1_102b_17.jpg,5.127608785927273,0.0,0.6691142284569136,0.7794605612345025
H1_102b_18.jpg,5.1589949577154055,0.0,0.7234268537074149,0.7708542566752681
H1_102b_19.jpg,4.149900442499852,0.0,0.6532144288577154,0.7855823503678508
H1_102b_2.jpg,3.9793235884119063,0.0,0.6321362725450903,0.7844272243641067
H1_102b_20.jpg,4.571350606112502,0.0,0.7196472945891784,0.7707368462640475
H1_102b_21.jpg,5.027278547392731,0.0,0.8433947895791586,0.754156726748327
H1_102b_22.jpg,5.087000787341245,0.0,0.6631943887775551,0.7810792735968717
H1_102b_23.jpg,5.0833890314955,0.0,0.7061683366733466,0.7721983029970911
H1_102b_24.jpg,3.8838265525820903,0.0,0.6378316633266532,0.7872168080517155
H1_102b_25.jpg,4.549684318240021,0.0,0.7007935871743487,0.7751602975352686
H1_102b_3.jpg,3.4427965569716132,0.0,0.6545170340681362,0.7823224058095402
H1_102b_4.jpg,4.815985606820258,0.0,0.6848897795591182,0.7735839650733531
H1_102b_5.jpg,5.34631573121208,0.0,0.709879759519038,0.76922472773866
H1_102b_6.jpg,3.787381457700172,0.0,0.6237034068136273,0.7944325671276515
H1_102b_7.jpg,3.3879181218561105,0.0,0.6531222444889779,0.7858321331325977
H1_102b_8.jpg,3.2977947515999197,0.0,0.6612384769539078,0.7862176738360255
H1_102b_9.jpg,5.215185887786733,0.0,0.8039839679358718,0.7557586106197965
H1_103a_1.jpg,4.067972772332358,0.0,0.7536032064128257,0.7738912127103662
H1_103a_10.jpg,5.147219900763835,0.0,1.060801603206413,0.7213006442588742
H1_103a_11.jpg,5.488495285755212,0.0,1.306492985971944,0.6848827937400745
H1_103a_12.jpg,5.965620939091542,0.0,1.6425490981963928,0.6365328900103335
H1_103a_13.jpg,6.0237072416873865,0.0,1.3622925851703411,0.6827253963978024
H1_103a_14.jpg,5.8460692007944415,0.0,1.294240480961924,0.677750550622889
H1_103a_15.jpg,5.810211638389641,0.0,1.4562004008016034,0.6623671141393975
H1_103a_16.jpg,6.096842686236197,0.0,1.7474629258517032,0.6302961041228152
H1_103a_17.jpg,5.9725732504318705,0.0,1.2653987975951904,0.684230844179315
H1_103a_18.jpg,6.206453374445594,0.0,1.7382444889779558,0.637204808540746
H1_103a_19.jpg,6.161211794567312,0.0,1.7191663326653306,0.6293895839059693
H1_103a_2.jpg,3.3771514947400862,0.0,0.7354629258517034,0.773263521961135
H1_103a_20.jpg,6.109170747496103,0.0,1.9166452905811622,0.616491341995608
H1_103a_21.jpg,6.119702469971087,0.0,1.7228056112224452,0.6277563507761535
H1_103a_22.jpg,5.927571238463146,0.0,1.247006012024048,0.6839592841557648
H1_103a_23.jpg,6.262440952742827,0.0,1.9280681362725451,0.617434887384759
H1_103a_24.jpg,6.216046244976451,0.0,1.913627254509018,0.6125956459487067
H1_103a_25.jpg,6.249299969001928,0.0,2.1704969939879764,0.5943558677685583
H1_103a_3.jpg,4.315589714730495,0.0,0.8613346693386772,0.7498409636585261
H1_103a_4.jpg,4.2439987740354095,0.0,0.8103567134268536,0.75779000182106
H1_103a_5.jpg,4.37150091600143,0.0,0.8739278557114228,0.7441511963827044
H1_103a_6.jpg,4.8645472684491216,0.0,0.7870420841683369,0.7664976889711708
H1_103a_7.jpg,5.372569983237185,0.0,1.259426853707415,0.6916894156065375
H1_103a_8.jpg,6.061739911566393,0.0,1.579246492985972,0.6446098692316424
H1_103a_9.jpg,5.365759311738013,0.0,1.2158957915831663,0.698864479413511
H1_103b_1.jpg,4.798861163390769,0.0,0.9384248496993987,0.7416798638634345
H1_103b_10.jpg,5.0246461595809535,0.0,0.9021723446893788,0.7490799665723282
H1_103b_11.jpg,4.710951813083184,0.0,0.7303366733466934,0.7729090283683484
H1_103b_12.jpg,4.69276003539286,0.0,0.6579478957915833,0.7852633191440973
H1_103b_13.jpg,6.236837858857737,0.0,2.2133827655310623,0.6006239512754218
H1_103b_14.jpg,5.406717236495468,0.0,1.0706893787575151,0.7200005343385265
H1_103b_15.jpg,4.89241107272037,0.0,0.7155871743486975,0.7773159273415484
H1_103b_16.jpg,4.665591417027525,0.0,0.6523847695390782,0.7885441399222561
H1_103b_2.jpg,4.671643199260053,0.0,0.7525771543086173,0.7681976309424524
H1_103b_3.jpg,4.569047506329829,0.0,0.7611583166332666,0.770616123419596
H1_103b_4.jpg,4.38906848799331,0.0,0.6827735470941882,0.7816427936907915
H1_103b_5.jpg,5.3636553584758335,0.0,1.025691382765531,0.7255801979078386
H1_103b_6.jpg,4.689163415614997,0.0,0.7074188376753505,0.7798310165540874
H1_103b_7.jpg,4.426352836202239,0.0,0.6978356713426854,0.7847396189066195
H1_103b_8.jpg,4.4630670840958695,0.0,0.6661563126252505,0.7881992151503694
H1_103b_9.jpg,6.063098552659541,0.0,1.9107575150300602,0.6218399230250996
H1_103c_1.jpg,6.417414562160231,0.002,2.4443126252505007,0.581309012771132
H1_103c_10.jpg,5.2852462385474395,0.0,0.9513707414829659,0.735796322880156
H1_103c_11.jpg,4.451776721896382,0.0,0.7874949899799599,0.770469737469074
H1_103c_12.jpg,4.0390825674955755,0.0,0.7226052104208417,0.7767163705714045
H1_103c_2.jpg,5.748531874373394,0.002,1.252749498997996,0.6904008366419574
H1_103c_3.jpg,4.554850049787321,0.001912,0.7878436873747493,0.7745755676138629
H1_103c_4.jpg,4.402711309610606,0.001568,0.7294028056112224,0.7826156540762212
H1_103c_5.jpg,5.978483327831137,0.0,1.451995991983968,0.6654061485599266
H1_103c_6.jpg,4.907922611131913,0.0,0.854613226452906,0.7460360140703649
H1_103c_7.jpg,4.034227720517299,0.0,0.6349298597194388,0.7967686443448287
H1_103c_8.jpg,3.8322850302293303,0.0,0.5973627254509016,0.8001466946807885
H1_103c_9.jpg,5.517894418761492,0.0,1.252685370741483,0.6987925524679413
H1_104a_1.jpg,4.391629318669734,0.0,1.920517034068136,0.631969126280825
H1_104a_10.jpg,4.447302467586723,0.0,1.3828136272545088,0.677098952556023
H1_104a_11.jpg,4.742483460222245,0.0,1.9014228456913826,0.6365386284459251
H1_104a_12.jpg,4.51454361074819,0.0,1.611823647294589,0.6577232881817543
H1_104a_13.jpg,5.008408570779836,0.0,2.1153787575150305,0.6146068100412089
H1_104a_14.jpg,4.256394490863204,0.0,1.3964328657314629,0.6776560942017339
H1_104a_15.jpg,4.614556913821402,0.0,1.803062124248497,0.6482346660255618
H1_104a_16.jpg,4.439972857503883,0.0,1.5498116232464931,0.665108659457802
H1_104a_2.jpg,4.218358373354848,0.0,1.595683366733467,0.6617119433459058
H1_104a_3.jpg,4.29739538216404,0.0,1.6686573146292585,0.653989326179337
H1_104a_4.jpg,4.1542595133604,0.0,1.400997995991984,0.6830107294901789
H1_104a_5.jpg,4.653053514122831,0.0,1.638084168336673,0.657549334125023
H1_104a_6.jpg,4.337622054356082,0.0,1.3096192384769538,0.686357655726359
H1_104a_7.jpg,4.459425321317667,0.0,1.6590661322645288,0.6649169364739153
H1_104a_8.jpg,4.250522254987606,0.0,1.4689258517034072,0.6762406787019992
H1_104a_9.jpg,5.4181454604865085,0.0,1.9462725450901806,0.6236438365897171
H1_104b_1.jpg,4.480376741598784,0.0,1.8987895791583165,0.6270697593575744
H1_104b_10.jpg,5.309485673831777,0.0,2.37751503006012,0.5938236210232729
H1_104b_11.jpg,4.773958636741661,0.0,1.7717635270541081,0.6379403930369387
H1_104b_12.jpg,4.970672429847515,0.0,1.8202324649298598,0.6321450592417853
H1_104b_13.jpg,4.963062427990327,0.0,2.1902124248496992,0.6091490558914427
H1_104b_14.jpg,4.891785483587917,0.0,2.1350741482965927,0.6110381694880529
H1_104b_15.jpg,4.670435686031213,0.0,1.6326613226452906,0.6542651782940949
H1_104b_16.jpg,4.855359803220798,0.0,1.9453466933867736,0.6341859717593935
H1_104b_2.jpg,4.641665121972206,0.0,1.8479959919839675,0.6313024287390299
H1_104b_3.jpg,4.697654479079959,0.0,1.9519318637274548,0.6291786639379087
H1_104b_4.jpg,4.536571555144053,0.0,1.6469819639278556,0.6542496840266876
H1_104b_5.jpg,5.178452894965748,0.0,2.409454909819639,0.5927475639238864
H1_104b_6.jpg,5.120524731804741,0.0,2.4584368737474946,0.5815706050144911
H1_104b_7.jpg,5.223889532597649,0.0,2.175134268537074,0.6085040622149959
H1_104b_8.jpg,5.212781933939522,0.0,2.123206412825651,0.6105413997314292
H1_104b_9.jpg,5.0515364205925035,0.0,2.2782805611222443,0.5986037272991972
H1_104c_1.jpg,4.809658952286438,0.0,1.5134589178356714,0.664250586592319
H1_104c_10.jpg,5.418351818825861,0.0,2.658192384769539,0.5796437700593035
H1_104c_11.jpg,5.699460362977533,0.0,3.1024729458917837,0.5510125775085144
H1_104c_12.jpg,5.671318985385168,0.0,2.8945010020040076,0.5548133563930158
H1_104c_2.jpg,4.540249825024558,0.0,1.440613226452906,0.6702614761176219
H1_104c_3.jpg,4.937516450421055,0.0,2.0469619238476953,0.6166331849887031
H1_104c_4.jpg,5.0304819393759015,0.0,2.0414028056112223,0.6106493437933942
H1_104c_5.jpg,5.3324067096818055,0.0,1.961603206412826,0.6433750813111547
H1_104c_6.jpg,4.960786086031795,0.0,2.257891783567134,0.6171530313572979
H1_104c_7.jpg,5.542413642654151,0.0,2.852669338677354,0.5701224816387263
H1_104c_8.jpg,5.546349331605533,0.0,2.6581162324649297,0.5740312851935635
H1_104c_9.jpg,5.408231236238794,0.0,2.010897795591182,0.6301630154918431
H1_105a_1.jpg,5.2453359666456345,0.0,0.9987014028056115,0.7206773857155727
H1_105a_10.jpg,5.043788252295366,0.0,0.9843887775551103,0.7342802930152563
H1_105a_11.jpg,5.497914452246114,0.0,0.867430861723447,0.7428772579563494
H1_105a_12.jpg,5.1255822188915126,0.0,0.8109579158316633,0.7568123785881775
H1_105a_13.jpg,4.4925303566765065,0.0,1.0243807615230462,0.7377800302490031
H1_105a_14.jpg,5.621643405090135,0.0,1.24013627254509,0.6892938931346586
H1_105a_15.jpg,5.617895438953944,0.0,1.2595230460921845,0.6870669924521033
H1_105a_16.jpg,5.450458047593333,0.0,0.8225290581162326,0.7518465087930524
H1_105a_17.jpg,4.858460485713014,0.0,0.7482845691382766,0.7652761345806715
H1_105a_18.jpg,4.568074615750776,0.0,1.030432865731463,0.7345177711402112
H1_105a_19.jpg,5.25766240386292,0.0,1.1012384769539079,0.7115091983769866
H1_105a_2.jpg,5.356386789400658,0.0,0.8628496993987977,0.7421713168288573
H1_105a_20.jpg,5.368996383607858,0.0,1.197879759519038,0.6978953576760117
H1_105a_3.jpg,5.142360726965992,0.0,0.8543406813627255,0.7510188237349937
H1_105a_4.jpg,4.4658293833290506,0.0,0.6896713426853707,0.7778637971063626
H1_105a_5.jpg,4.512855660993456,0.0,0.7157394789579158,0.771324314001373
H1_105a_6.jpg,5.185643115823446,0.0,0.904432865731463,0.7433890990210156
H1_105a_7.jpg,5.574285457811021,0.0,0.9137354709418839,0.7382594200500973
H1_105a_8.jpg,5.427859049023417,0.0,0.9838557114228458,0.7286457628560646
H1_105a_9.jpg,5.147373459259662,0.0,0.9936232464929861,0.7282958740273808
H1_105b_1.jpg,5.322838422664959,0.0,1.1258797595190377,0.7100940285725847
H1_105b_2.jpg,5.417511387804919,0.0,1.095679358717435,0.7165161325899154
H1_105b_3.jpg,5.389307938936514,0.0,1.076248496993988,0.7194767771957918
H1_105b_4.jpg,5.3784853200151925,0.0,1.1137154308617234,0.7147234342863436
H1_105b_5.jpg,5.099505071904138,0.0,0.851751503006012,0.7486278088062905
H1_105b_6.jpg,5.085045701114436,0.0,0.8095350701402805,0.7568056088323983
H1_105b_7.jpg,5.3666148754715435,0.0,1.1015511022044089,0.7176517301819089
H1_105b_8.jpg,5.06349848271993,0.0,0.8210861723446895,0.7509279787504628
H1_105b_9.jpg,5.051109131728914,0.0,0.783490981963928,0.7585466649191708
H1_105c_1.jpg,5.918689336206634,0.001444,17.8429498997996,0.6776814055339514
H1_105c_10.jpg,5.243064304666775,0.0,1.0178557114228457,0.7204256706431649
H1_105c_11.jpg,5.312349482318208,0.0,1.1648256513026052,0.7090662231659189
H1_105c_12.jpg,5.611130260978961,0.0,1.2320721442885774,0.6926007204716402
H1_105c_13.jpg,5.416723763288642,0.0,1.1138917835671343,0.7081476834573728
H1_105c_14.jpg,5.2246774968448175,0.0,1.0168577154308618,0.7211763222465596
H1_105c_15.jpg,5.6466828389079184,0.0,1.1287615230460921,0.7114847028057509
H1_105c_16.jpg,5.932650937583332,0.0,1.1284368737474952,0.7032677896805278
H1_105c_2.jpg,4.616355955159947,0.0,0.875058116232465,0.741491877088903
H1_105c_3.jpg,5.136068519727717,0.0,1.2567895791583164,0.6872844223344092
H1_105c_4.jpg,5.227725040282499,0.0,1.1367254509018037,0.6999341330864449
H1_105c_5.jpg,5.392994473254787,0.0,1.013619238476954,0.7278647001761913
H1_105c_6.jpg,5.03142767334659,0.0,0.8802244488977956,0.7378752589929769
H1_105c_7.jpg,5.52638880077317,0.0,1.080444889779559,0.7163369687447352
H1_105c_8.jpg,5.748777564106204,0.0,1.1249258517034069,0.6991785886350472
H1_105c_9.jpg,5.293263006683243,0.0,0.9702044088176354,0.7287561613085457
H1_105d_1.jpg,5.316164722326005,0.0,0.955743486973948,0.7293944880540095
H1_105d_2.jpg,4.86739428186258,0.0,0.8860961923847694,0.7410723807956008
H1_105d_3.jpg,5.274977628541473,0.0,0.9008216432865732,0.7390764317530745
H1_105d_4.jpg,4.9017867378498226,0.0,0.9730821643286575,0.7321705801319931
H1_105d_5.jpg,5.569247679401059,0.0,1.020933867735471,0.7174113953226431
H1_105d_6.jpg,5.593520286322022,0.0,1.025442885771543,0.7156901838499239
H1_105d_7.jpg,4.721316516834985,0.0,0.9927214428857716,0.7386808390996698
H1_105d_8.jpg,5.72982372001243,0.0,1.367250501002004,0.6739747756825865
H1_105d_9.jpg,5.513682351142951,0.0,1.2889178356713427,0.684573304623098
H1_105e_1.jpg,5.548261265538108,0.0,1.1918717434869741,0.7023698436117795
H1_105e_2.jpg,5.78262473954692,0.0,1.0869899799599199,0.7070713843204431
H1_105e_3.jpg,5.70328775518227,0.0,1.0489819639278557,0.7136324072665174
H1_105e_4.jpg,5.337673080981092,0.0,1.1788897795591182,0.7073042565563247
H1_105e_5.jpg,5.43339807911302,0.0,1.2111863727454912,0.6982469179202893
H1_105e_6.jpg,5.129087125664719,0.0,1.0294589178356714,0.7220595355821777
H1_105e_7.jpg,5.349492639629899,0.0,1.193430861723447,0.7072213224294495
H1_105e_8.jpg,4.987033257367653,0.0,0.9279118236472945,0.7321719426128435
H1_105e_9.jpg,4.87671136588205,0.0,0.8881803607214431,0.7398385378608058
H1_106a_1.jpg,4.348159425535417,0.0,1.7738917835671342,0.6500770613533862
H1_106a_10.jpg,4.748335466646899,0.0,1.7573787575150301,0.6404833665705502
H1_106a_11.jpg,4.209684780579146,0.0,1.680276553106212,0.656385722084549
H1_106a_12.jpg,4.162033497813831,0.0,1.571867735470942,0.6644539866868698
H1_106a_13.jpg,4.3300659911951564,0.0,1.5037915831663329,0.6744062489339935
H1_106a_14.jpg,4.584545760133934,0.0,1.6381563126252505,0.65339394866069
H1_106a_15.jpg,4.13957353787124,0.0,1.5160160320641283,0.6752474691928212
H1_106a_16.jpg,4.213875751211414,0.0,1.5330741482965928,0.6683953212087447
H1_106a_2.jpg,4.663434663211112,0.0,1.7257434869739479,0.6439401296968578
H1_106a_3.jpg,4.566700528193808,0.0,1.9639719438877759,0.6283820378477853
H1_106a_4.jpg,4.490645513224212,0.0,1.8140521042084168,0.6393674889450512
H1_106a_5.jpg,4.138018359341191,0.0,1.493298597194389,0.6767031101747816
H1_106a_6.jpg,4.585354027039421,0.0,1.657907815631262,0.6507014884638459
H1_106a_7.jpg,4.325150781527454,0.0,1.570324649298597,0.6666489754666686
H1_106a_8.jpg,4.287944931453585,0.0,1.5356472945891784,0.6661240716960695
H1_106a_9.jpg,4.113977892508738,0.0,1.5649819639278553,0.6672953330673493
H1_106b_1.jpg,4.228320906704967,0.0,1.5247615230460922,0.6715615607252218
H1_106b_2.jpg,4.476296551927898,0.0,1.4211382765531064,0.6781255994841615
H1_106b_3.jpg,4.414348891907519,0.0,1.4671222444889778,0.6762414862056408
H1_106b_4.jpg,4.501405801242536,0.0,1.3794228456913826,0.6907820470071944
H1_106b_5.jpg,4.684579850277612,0.0,1.3729819639278558,0.685028169795844
H1_106b_6.jpg,4.5357865653050835,0.0,1.3605170340681363,0.6883398888905332
H1_106b_7.jpg,4.364753674291551,0.0,1.3328817635270545,0.6990190106995202
H1_106b_8.jpg,4.489156367952156,0.0,1.4033426853707416,0.6841021638936865
H1_106b_9.jpg,4.417687141573857,0.0,1.4048096192384771,0.6856065355958456
H1_106c_1.jpg,4.1688856671911,0.0,1.629342685370742,0.659471806464575
H1_106c_10.jpg,4.157482943206328,0.0,1.5125931863727455,0.6730310809051331
H1_106c_11.jpg,3.9600144190023308,0.0,1.4347174348697393,0.6864029145346888
H1_106c_12.jpg,4.110731020954057,0.0,1.286749498997996,0.6983499771465013
H1_106c_13.jpg,3.9592178345300297,0.0,1.4373707414829657,0.679831825872757
H1_106c_14.jpg,4.046788862597602,0.0,1.394004008016032,0.6847783639524657
H1_106c_15.jpg,3.9505551551317497,0.0,1.4016352705410824,0.69536598024399
H1_106c_16.jpg,4.008730189838516,0.0,1.2968176352705412,0.694951189274333
H1_106c_2.jpg,3.9711033556487445,0.0,1.4862925851703406,0.6695012468662022
H1_106c_3.jpg,4.137724832757508,0.0,1.6513907815631261,0.6597525294708304
H1_106c_4.jpg,4.485060666592249,0.0,1.4453466933867734,0.6742777516169716
H1_106c_5.jpg,4.124732984018684,0.0,1.5057995991983968,0.6753779972434167
H1_106c_6.jpg,4.288456362019559,0.0,1.4755070140280562,0.6712945854354401
H1_106c_7.jpg,4.400466650579507,0.0,1.4546172344689379,0.6788223286885672
H1_106c_8.jpg,4.096472835966021,0.0,1.3201482965931866,0.6885073189440492
H1_106c_9.jpg,4.051218198657407,0.0,1.5064168336673347,0.6720776019305014
H1_107a_1.jpg,3.8761586829801695,0.0,0.6754068136272546,0.7916024551489206
H1_107a_10.jpg,4.881959523076708,0.0,0.7479879759519038,0.7762381353532162
H1_107a_11.jpg,4.34069923224996,0.0,0.8709659318637275,0.7588805790419818
H1_107a_12.jpg,4.446313107191121,0.0,0.8469539078156313,0.7570967117867475
H1_107a_13.jpg,4.56760184066789,0.0,0.8768577154308617,0.755693594942295
H1_107a_14.jpg,4.924269561852575,0.0,0.8271503006012024,0.7629897158043284
H1_107a_15.jpg,4.569561905943747,0.0,0.8700080160320639,0.756610412644749
H1_107a_16.jpg,4.651007163782535,0.0,0.8727895791583167,0.7541436349762737
H1_107a_2.jpg,4.004241088427295,0.0,0.6589659318637275,0.7944971976777329
H1_107a_3.jpg,4.585937405925433,0.0,0.9003607214428855,0.7540522297747553
H1_107a_4.jpg,4.9554710320676465,0.0,0.9175390781563126,0.747465433651298
H1_107a_5.jpg,4.405355235235151,0.0,0.800308617234469,0.7759553521586442
H1_107a_6.jpg,5.000422219170029,0.0,0.8505731462925852,0.7634879431453936
H1_107a_7.jpg,4.75444720982755,0.0,0.8174308617234468,0.7689368749528003
H1_107a_8.jpg,4.733560388553363,0.0,0.8228737474949899,0.7638895717111089
H1_107a_9.jpg,4.691969538484144,0.0,0.9433386773547093,0.7425759665952604
H1_107b_1.jpg,4.2199826272209355,0.0,0.8714709418837677,0.7540586292209812
H1_107b_10.jpg,4.22243891228439,0.0,0.7408977955911822,0.7783473623960786
H1_107b_11.jpg,4.0831442954138915,0.0,0.8002805611222443,0.7751859542635412
H1_107b_12.jpg,4.205926460315676,0.0,0.747815631262525,0.7760188936211397
H1_107b_13.jpg,4.189211420857165,0.0,0.7549619238476953,0.7779851538049798
H1_107b_14.jpg,4.15146720068872,0.0,0.7217715430861724,0.7820091079157925
H1_107b_15.jpg,4.050039244085196,0.0,0.7524609218436874,0.783465914084374
H1_107b_16.jpg,4.199678834829317,0.0,0.7434669338677355,0.779119255390802
H1_107b_2.jpg,4.463602928133048,0.0,0.97250501002004,0.7352098100882731
H1_107b_3.jpg,4.819679576720898,0.0,0.9565531062124248,0.7379055458543848
H1_107b_4.jpg,4.90317582325627,0.0,0.9232144288577153,0.739474723456703
H1_107b_5.jpg,4.658893718357261,0.0,0.9616392785571142,0.742437541761041
H1_107b_6.jpg,5.038073367830368,0.0,0.8366573146292584,0.7543669344115709
H1_107b_7.jpg,4.874896553592966,0.0,0.9885130260521042,0.7351769555197157
H1_107b_8.jpg,4.5834527377726255,0.0,0.8581563126252504,0.752604700010463
H1_107b_9.jpg,4.21513797093279,0.0,0.8179759519038077,0.7648162978591659
H1_108a_1.jpg,4.825899520134195,0.0,0.8051983967935873,0.7668875517156424
H1_108a_10.jpg,4.656246047483238,0.0,0.8302124248496995,0.7617916343674443
H1_108a_11.jpg,4.7717234114038165,0.0,1.0022484969939882,0.7332887632266178
H1_108a_12.jpg,4.597531199178025,0.0,0.8930420841683367,0.7460012082944132
H1_108a_13.jpg,4.54959864785937,0.0,0.8042044088176353,0.7732407233739255
H1_108a_14.jpg,4.617707438200232,0.0,0.7941162324649297,0.7708196278564579
H1_108a_15.jpg,4.759113569880084,0.0,0.9348456913827655,0.7473243937090304
H1_108a_16.jpg,4.6056827348075515,0.0,0.8851062124248497,0.7490195143942588
H1_108a_2.jpg,5.217310271632618,0.0,1.0696392785571143,0.7216882254141213
H1_108a_3.jpg,4.691237394090158,0.0,0.9647815631262524,0.7409391602535725
H1_108a_4.jpg,4.6455353782872075,0.0,0.8921963927855713,0.7507180042890926
H1_108a_5.jpg,3.966095882228417,0.0,0.7364128256513026,0.7853146785862714
H1_108a_6.jpg,4.540480503397812,0.0,0.886304609218437,0.7509673512333447
H1_108a_7.jpg,4.534252504176103,0.0,0.8209819639278556,0.7703480933563399
H1_108a_8.jpg,4.544076773865955,0.0,0.7875631262525051,0.7726112956434975
H1_108a_9.jpg,4.470506415367008,0.0,0.86075751503006,0.7615251063095438
H1_108b_1.jpg,4.781382603540966,0.0,0.9393026052104209,0.7439516919023583
H1_108b_10.jpg,4.867283948376282,0.0,0.9133707414829659,0.7467383886042626
H1_108b_11.jpg,5.167881333267268,0.0,0.9498517034068137,0.7461773520275555
H1_108b_12.jpg,4.90859239757219,0.0,0.8804488977955911,0.7549515470654735
H1_108b_2.jpg,4.391126681369575,0.0,0.7926693386773547,0.7704738184634136
H1_108b_3.jpg,4.960027314407205,0.0,0.9867174348697392,0.7430268791087173
H1_108b_4.jpg,5.041833291063172,0.0,0.8961042084168337,0.7466940805970609
H1_108b_5.jpg,4.641452733142247,0.0,0.9367655310621243,0.7461623285078425
H1_108b_6.jpg,4.9475363035298425,0.0,0.8644168336673347,0.7519814664769963
H1_108b_7.jpg,4.808531951124002,0.0,0.9151462925851703,0.746977174120012
H1_108b_8.jpg,4.623593631120225,0.0,0.8739679358717435,0.7529188620900844
H1_108b_9.jpg,4.2082577622512884,0.0,0.8386052104208418,0.764575375627388
H1_109a_1.jpg,3.8735385902718944,0.0,2.2184649298597194,0.6297783779553634
H1_109a_10.jpg,4.700190660766575,0.0,2.5319238476953903,0.6006113824987325
H1_109a_11.jpg,4.294394054666401,0.0,2.3485851703406815,0.6271267937568415
H1_109a_12.jpg,4.1567322479966915,0.0,2.119955911823647,0.6331467240858945
H1_109a_13.jpg,4.392064135741683,0.0,2.469583166332664,0.6196839547207594
H1_109a_14.jpg,5.00403795599361,0.0,2.718649298597194,0.5970975186820132
H1_109a_15.jpg,4.962834285661174,0.0,3.6037955911823656,0.5503981687411154
H1_109a_16.jpg,5.473356392221309,0.0,4.046549098196393,0.5143823771338069
H1_109a_17.jpg,5.724649058055526,0.0,5.264200400801603,0.48313777786244816
H1_109a_18.jpg,5.491555918764427,0.0,3.919158316633266,0.5377545522793111
H1_109a_19.jpg,4.326514573076184,0.0,1.893915831663327,0.6541515629335772
H1_109a_2.jpg,4.09955603312392,0.0,2.14425250501002,0.6337895388480519
H1_109a_20.jpg,4.838586679556632,0.0,2.497062124248497,0.6027414003483224
H1_109a_21.jpg,5.5592206791061045,0.0,4.874645290581162,0.49588506133398724
H1_109a_22.jpg,5.656567480583196,0.0,5.031791583166333,0.4816478458475856
H1_109a_23.jpg,5.655980506060831,0.0,4.8306973947895795,0.48969892111672086
H1_109a_24.jpg,5.727338901822238,0.0,4.547218436873747,0.4931972030024008
H1_109a_25.jpg,4.510623903717202,0.0,2.0129979959919844,0.6427805584013215
H1_109a_26.jpg,4.630768501124329,0.0,2.486585170340681,0.6001276209700371
H1_109a_27.jpg,5.265564142826824,0.0,4.762597194388778,0.5076729551891376
H1_109a_28.jpg,5.52468215077276,0.0,5.53574749498998,0.4660134961938609
H1_109a_29.jpg,5.528249272888798,0.0,3.834961923847696,0.5459806179194566
H1_109a_3.jpg,4.340426479211111,0.0,2.73075751503006,0.594538709020897
H1_109a_30.jpg,5.542090539763094,0.0,3.1815911823647296,0.568106653990506
H1_109a_4.jpg,4.588485757786664,0.0,2.815214428857716,0.5906929369069381
H1_109a_5.jpg,4.054402406790476,0.0,2.5819839679358716,0.6067759952533297
H1_109a_6.jpg,4.271999142186044,0.0,2.483679358717435,0.6094964985246505
H1_109a_7.jpg,3.9835401965131867,0.0,1.8498356713426851,0.6607846118316716
H1_109a_8.jpg,3.968874555476284,0.0,1.9658476953907815,0.6426262779767038
H1_109a_9.jpg,3.8327903596332873,0.0,2.0561162324649294,0.6405093645342101
H1_10a_1.jpg,4.97028008725259,0.0,2.3420040080160325,0.6064872956939817
H1_10a_2.jpg,4.149585457288313,0.0,1.8084929859719445,0.6416625090170377
H1_10a_3.jpg,4.114676917457094,0.0,1.6078557114228458,0.660488365063838
H1_10a_4.jpg,4.457496385562478,0.0,1.8139078156312625,0.6480112562603135
H1_10a_5.jpg,5.704506406717592,0.0,2.2585290581162325,0.6054279580814781
H1_10a_6.jpg,5.454367258771561,0.0,1.6019599198396794,0.6593183796179962
H1_10a_7.jpg,4.255116276005468,0.0,1.7468937875751502,0.6518210886923664
H1_10a_8.jpg,6.119889248445744,0.0,2.3202124248496996,0.5924219522845997
H1_10a_9.jpg,5.920035367157288,0.0,1.787939879759519,0.638799430161496
H1_10b_1.jpg,4.919747304406413,0.001968,1.89660120240481,0.6381137059955838
H1_10b_2.jpg,5.617111277555554,0.002,2.4314108216432864,0.5794723801601313
H1_10b_3.jpg,5.080058253887003,0.001744,1.9352264529058112,0.638802273767626
H1_10b_4.jpg,5.95900356162862,0.0,1.914669338677355,0.629302888549123
H1_10b_5.jpg,5.742752412842646,0.0,2.334957915831663,0.5956315045339918
H1_10b_6.jpg,4.919674836808236,0.0,1.7223847695390782,0.6537051796879153
H1_10c_1.jpg,5.2542012392683555,0.0,1.94413627254509,0.6256387169562456
H1_10c_2.jpg,5.480693486646776,0.0,2.617527054108217,0.5872284484355743
H1_10c_3.jpg,5.513162420069327,0.0,2.5314348697394786,0.5933081016030716
H1_10c_4.jpg,5.530583138281016,0.0,2.457811623246493,0.5950352736637716
H1_110a_1.jpg,5.052251688063744,0.0,1.22650501002004,0.696838920098705
H1_110a_2.jpg,5.281818730802982,0.0,1.3434909819639276,0.6822804982871021
H1_110a_3.jpg,5.283540467020482,0.0,1.321879759519038,0.6854559058370633
H1_110a_4.jpg,5.015588834033474,0.0,1.1933426853707414,0.7073001859437283
H1_110a_5.jpg,4.8386591585128285,0.0,1.1577234468937874,0.7110487117634081
H1_110a_6.jpg,4.421233902826231,0.0,0.9862324649298598,0.7362482710002665
H1_110a_7.jpg,5.398246220709834,0.0,1.1649699398797595,0.713149150487695
H1_110a_8.jpg,5.13253518154947,0.0,1.1371222444889781,0.7129248146016887
H1_110a_9.jpg,4.970748571582884,0.0,1.004056112224449,0.7277089017694363
H1_110b_1.jpg,4.975498485547949,0.0,1.1847615230460922,0.7084705438137218
H1_110b_2.jpg,4.7923439216838615,0.0,1.1293426853707416,0.7132841287776518
H1_110b_3.jpg,5.278303437292315,0.0,1.1288256513026051,0.7137447760973905
H1_110b_4.jpg,5.159961152781865,0.0,1.084364729458918,0.7163503257545942
H1_111a_1.jpg,3.9878953511410105,0.0,1.290645290581162,0.7001000783559262
H1_111a_10.jpg,5.098087279538526,0.0,1.9258476953907815,0.6332919585917878
H1_111a_11.jpg,5.530853536130436,0.0,2.832853707414829,0.5588546470289624
H1_111a_12.jpg,5.536961614913711,0.0,2.6222044088176353,0.5699289705440169
H1_111a_13.jpg,3.7019761979993793,0.0,1.2495150300601203,0.711259038835326
H1_111a_14.jpg,4.869958181445499,0.0,1.74545490981964,0.6533510154637928
H1_111a_15.jpg,5.778812340295217,0.0,2.6809699398797595,0.5703969593635776
H1_111a_16.jpg,5.6856065400130325,0.0,2.489410821643286,0.5806720816569501
H1_111a_2.jpg,4.753603736389816,0.0,1.4860721442885771,0.6667885736977707
H1_111a_3.jpg,5.770417127635865,0.0,2.4418276553106213,0.5832222395588482
H1_111a_4.jpg,5.737056072001048,0.0,2.2608897795591183,0.5943647726309312
H1_111a_5.jpg,4.024253575707025,0.0,1.278881763527054,0.705871502305249
H1_111a_6.jpg,5.1868408886399235,0.0,1.8124088176352706,0.633963311286207
H1_111a_7.jpg,5.493932644728708,0.0,2.3950340681362725,0.5882209399911822
H1_111a_8.jpg,5.449944947635776,0.0,2.4383406813627255,0.5819470414460609
H1_111a_9.jpg,3.6926955716791383,0.0,1.2875671342685369,0.7025764979945486
H1_111b_1.jpg,4.823678517973621,0.0,1.7106132264529057,0.6525627669198293
H1_111b_10.jpg,4.9038771325948485,0.0,1.7706412825651305,0.6472166791136847
H1_111b_11.jpg,5.239959747525946,0.0,2.075823647294589,0.6208711479942335
H1_111b_12.jpg,5.597410456515441,0.0,2.4030180360721443,0.5839422062710695
H1_111b_13.jpg,5.634572533323991,0.0,3.4083927855711416,0.5234162910891585
H1_111b_14.jpg,5.158861171597845,0.0,2.024949899799599,0.619978935298695
H1_111b_15.jpg,4.500478938502667,0.0,1.6574589178356713,0.6572130046830054
H1_111b_16.jpg,5.327988358237092,0.0,2.0442765531062133,0.6243468501729541
H1_111b_17.jpg,5.594602600279865,0.0,2.457206412825651,0.5771120514632836
H1_111b_18.jpg,5.514469727282523,0.0,3.1897715430861724,0.5376506040230643
H1_111b_19.jpg,5.523932163424286,0.0,2.131370741482966,0.6087686676773447
H1_111b_2.jpg,5.141360681670181,0.0,2.2030861723446895,0.6183694110972084
H1_111b_20.jpg,5.099788700242,0.0,1.809138276553106,0.6416937050804423
H1_111b_3.jpg,4.630069593706662,0.0,1.717114228456914,0.6543382277577873
H1_111b_4.jpg,4.159374900599688,0.0,1.3577795591182367,0.6928902312081299
H1_111b_5.jpg,4.8257387765111055,0.0,1.5631943887775552,0.6659934393546241
H1_111b_6.jpg,4.340376812120135,0.0,1.418657314629258,0.6881780725139904
H1_111b_7.jpg,5.827388891696521,0.0,2.934925851703407,0.5551583331888471
H1_111b_8.jpg,5.479320669373668,0.0,2.261815631262525,0.5999981024894294
H1_111b_9.jpg,5.705925455127368,0.0,2.02714629258517,0.6271295948778591
H1_112a_1.jpg,4.633771792554875,0.0,1.0874629258517032,0.7203214517768954
H1_112a_10.jpg,4.4406676268130125,0.0,0.872188376753507,0.7512795907578436
H1_112a_11.jpg,4.303645115170862,0.0,0.9514028056112225,0.7392729462540216
H1_112a_12.jpg,4.286805132161361,0.0,0.9053827655310622,0.7478560474639133
H1_112a_13.jpg,4.207857373385914,0.0,0.9403046092184368,0.7472121157947023
H1_112a_14.jpg,4.392444741945211,0.0,0.8536873747494991,0.7555840445831958
H1_112a_15.jpg,4.331151235861792,0.0,0.8986332665330661,0.7528545232438878
H1_112a_16.jpg,4.319464828956937,0.0,0.8992384769539078,0.7500462484187801
H1_112a_2.jpg,4.4761117766536325,0.0,0.860925851703407,0.7576590410215194
H1_112a_3.jpg,4.484132829327732,0.0,0.951683366733467,0.7410476934519638
H1_112a_4.jpg,4.513166865888485,0.0,0.9584729458917837,0.7401599816619624
H1_112a_5.jpg,4.338693372580635,0.0,0.9474268537074148,0.7461733624596536
H1_112a_6.jpg,4.5897717838251655,0.0,0.8613106212424849,0.7568977542995265
H1_112a_7.jpg,4.664368465727453,0.0,0.9755350701402806,0.742465108276205
H1_112a_8.jpg,4.675754280680313,0.0,1.0002444889779558,0.7405010071110216
H1_112a_9.jpg,4.1932664417876975,0.0,0.99287374749499,0.7366795423407884
H1_112b_1.jpg,4.7334905331702455,0.0,1.1041442885771542,0.7129329418376597
H1_112b_2.jpg,4.623081829430474,0.0,1.0084809619238475,0.7267882578503032
H1_112b_3.jpg,4.6186898093970195,0.0,0.9875350701402806,0.7323422652263508
H1_112b_4.jpg,4.497538788473227,0.0,0.8955791583166335,0.7522189391053088
H1_112b_5.jpg,4.687894648811216,0.0,1.004745490981964,0.7291819757245831
H1_112b_6.jpg,4.580366445735002,0.0,0.9428136272545089,0.7380370332144551
H1_112b_7.jpg,4.421867515589101,0.0,0.9050140280561122,0.7499338364942889
H1_112b_8.jpg,4.432662193861253,0.0,0.9682044088176353,0.7368451111731835
H1_112b_9.jpg,4.476289687490623,0.0,0.9639438877755513,0.7360327221839588
H1_112c_1.jpg,4.3339941993407,0.0,0.9912825651302606,0.736662677681321
H1_112c_2.jpg,4.861682094213862,0.0,0.9789939879759519,0.7267347854665588
H1_112c_3.jpg,5.0941396653636755,0.0,0.9898196392785571,0.7283479947932203
H1_112c_4.jpg,4.486026232775558,0.0,1.0870340681362727,0.7254030240630198
H1_112c_5.jpg,4.760728289822318,0.0,1.1115991983967934,0.7098387274936111
H1_112c_6.jpg,4.92602700076447,0.0,1.0889659318637273,0.7126443898764335
H1_112c_7.jpg,4.242241718130841,0.0,0.9813907815631264,0.7361816827624055
H1_112c_8.jpg,5.368612068963616,0.0,1.0888416833667334,0.7181061049907052
H1_112c_9.jpg,5.506125737445518,0.0,1.0959158316633266,0.7169655815550039
H1_113a_1.jpg,6.003663492706729,0.0,0.7876192384769538,0.7570220725562717
H1_113a_10.jpg,6.1153540060927165,0.0,1.3752064128256514,0.6654837137169367
H1_113a_11.jpg,5.780800500551067,0.0,0.9527735470941883,0.7266825053943917
H1_113a_12.jpg,5.328563954259015,0.0,0.8852384769539079,0.7381902529817824
H1_113a_13.jpg,5.606918944562627,0.0,1.0820440881763527,0.7158107129498511
H1_113a_14.jpg,6.216052328245827,0.0,1.343527054108216,0.6751195101655263
H1_113a_15.jpg,6.253791578240571,0.0,1.3691823647294588,0.6679478875133465
H1_113a_16.jpg,5.176792847983865,0.0,0.8598436873747495,0.750108559434839
H1_113a_17.jpg,5.5919117929309605,0.0,1.007503006012024,0.7197308625934242
H1_113a_18.jpg,5.816367031011181,0.0,1.011879759519038,0.7213713464039908
H1_113a_19.jpg,5.659927690606529,0.0,1.1024088176352707,0.7069893837533963
H1_113a_2.jpg,4.862796101642062,0.0,0.8431863727454908,0.7481403997279196
H1_113a_20.jpg,5.63614011947183,0.0,1.1176192384769539,0.7043951831024908
H1_113a_21.jpg,5.208421526584251,0.0,1.0249819639278557,0.7289021162177324
H1_113a_22.jpg,5.255119570780335,0.0,0.9186492985971944,0.7358392948107295
H1_113a_23.jpg,5.590193015121722,0.0,0.9902364729458918,0.7311253296564102
H1_113a_24.jpg,5.624214814278244,0.0,1.0346492985971945,0.7146951082536899
H1_113a_25.jpg,5.562577079453139,0.0,1.011362725450902,0.7192624237430253
H1_113a_3.jpg,5.566392358027556,0.0,1.1158997995991986,0.7128526041892276
H1_113a_4.jpg,5.865199190723524,0.0,1.1050140280561123,0.7015447371195528
H1_113a_5.jpg,5.850907148528794,0.0,1.1317234468937876,0.6974930265760042
H1_113a_6.jpg,6.556284722688108,0.0,0.9908496993987976,0.7273927747470351
H1_113a_7.jpg,5.279650777401723,0.0,0.8472184368737475,0.7513405860956676
H1_113a_8.jpg,5.386353754885746,0.0,0.9677755511022044,0.7381662895928879
H1_113a_9.jpg,6.13119378257051,0.0,1.3033907815631263,0.676567306790463
H1_113b_1.jpg,6.1771771590573845,0.0,1.5851022044088179,0.6455060164588322
H1_113b_10.jpg,5.769618650051562,0.0,1.2135871743486975,0.6859007182806541
H1_113b_11.jpg,6.12029174149439,0.0,1.4320681362725456,0.6673833127521783
H1_113b_12.jpg,6.063899205300696,0.0,1.2862725450901802,0.677029193580017
H1_113b_13.jpg,5.690013253300231,0.0,1.092745490981964,0.7134544664903175
H1_113b_14.jpg,5.629657796159562,0.0,0.875871743486974,0.7360931769568242
H1_113b_15.jpg,5.675855196449596,0.0,1.0770581162324648,0.7144821423982586
H1_113b_16.jpg,5.629275037629825,0.0,1.18574749498998,0.71147440854933
H1_113b_17.jpg,5.648620660496278,0.0,1.1360400801603205,0.7034484288410859
H1_113b_18.jpg,5.556424243879022,0.0,0.9151462925851704,0.7333551969486297
H1_113b_19.jpg,5.6646256611168955,0.0,1.1534709418837674,0.7037700263889971
H1_113b_2.jpg,6.217668779613184,0.0,1.664192384769539,0.635325855125475
H1_113b_20.jpg,5.294347533019018,0.0,1.08588376753507,0.7201990065767474
H1_113b_3.jpg,6.08253966363897,0.0,1.2424208416833669,0.6803732430675637
H1_113b_4.jpg,5.827282451971064,0.0,1.1821683366733466,0.6927304874667903
H1_113b_5.jpg,6.238526517301986,0.0,1.6221002004008018,0.6495418422175127
H1_113b_6.jpg,5.942998676724198,0.0,1.2879839679358718,0.678288149179455
H1_113b_7.jpg,5.907253162306312,0.0,1.1908577154308615,0.692789823296428
H1_113b_8.jpg,5.979660451507787,0.0,1.3161803607214428,0.673415283857848
H1_113b_9.jpg,6.101138098816959,0.0,1.3047815631262527,0.6778872917842832
H1_113c_1.jpg,5.902193426184993,0.0,1.2951543086172346,0.6775976115700023
H1_113c_10.jpg,5.8177627467749335,0.0,1.167434869739479,0.6966907682013294
H1_113c_11.jpg,5.818055631554352,0.0,1.0176593186372744,0.715141317439103
H1_113c_12.jpg,5.698736148580334,0.0,0.8730621242484973,0.737456654906977
H1_113c_13.jpg,5.836132937818444,0.0,1.3282404809619237,0.6951739581089927
H1_113c_14.jpg,5.561205125430239,0.0,0.966933867735471,0.7228495792601584
H1_113c_15.jpg,5.860055377896913,0.0,0.8647054108216433,0.7443461380968776
H1_113c_16.jpg,5.863799403565011,0.0,0.8008096192384769,0.752624049291937
H1_113c_2.jpg,5.916523170401829,0.0,1.117190380761523,0.7035167530805011
H1_113c_3.jpg,6.306588089426408,0.0,1.3825130260521044,0.6639526286117845
H1_113c_4.jpg,6.324477658592374,0.0,1.3368376753507014,0.667982533669816
H1_113c_5.jpg,5.895958532067866,0.0,1.305310621242485,0.6794851037145224
H1_113c_6.jpg,6.149734289198096,0.0,1.3916392785571141,0.6637539341358815
H1_113c_7.jpg,5.783376138525035,0.0,1.1518476953907815,0.7026248039274661
H1_113c_8.jpg,5.688820423834645,0.0,1.085050100200401,0.7103303873139694
H1_113c_9.jpg,6.0815932510648985,0.0,1.3989659318637273,0.6643297010965863
H1_114a_1.jpg,5.295875611833271,0.0,1.323114228456914,0.6779933243212785
H1_114a_10.jpg,5.598954447651703,0.0,1.1464488977955911,0.696557167287057
H1_114a_11.jpg,5.622884574509248,0.0,1.3735511022044087,0.666770605338279
H1_114a_12.jpg,5.28663034189497,0.0,1.1529418837675351,0.6987643011788588
H1_114a_13.jpg,4.695608693790649,0.0,1.1237795591182362,0.7158238743491488
H1_114a_14.jpg,5.644802091010857,0.0,1.1395270541082163,0.6997648866996078
H1_114a_15.jpg,5.734449987058912,0.0,1.3025210420841686,0.6806209934280868
H1_114a_16.jpg,5.422249511541332,0.0,1.1753947895791583,0.6976509479364476
H1_114a_2.jpg,5.414179062813929,0.0,1.3128456913827655,0.6747263517020828
H1_114a_3.jpg,4.744296891670417,0.0,0.9125370741482968,0.7348358690547286
H1_114a_4.jpg,4.8360868138614315,0.0,1.0120601202404809,0.7194269691776191
H1_114a_5.jpg,4.866543094817794,0.0,0.9991142284569138,0.7291965500706008
H1_114a_6.jpg,5.315427096040699,0.0,1.0835831663326652,0.7049745126159844
H1_114a_7.jpg,5.0780476010295095,0.0,1.143446893787575,0.7061515293756212
H1_114a_8.jpg,4.9736026543807474,0.0,1.1093146292585172,0.7047689740552244
H1_114a_9.jpg,4.834375523181536,0.0,1.2364689378757512,0.6995673469067493
H1_114b_1.jpg,4.575652546493434,0.0,1.1754388777555111,0.7063064717740173
H1_114b_10.jpg,5.47972749950194,0.0,1.2902525050100202,0.6815553925853387
H1_114b_11.jpg,5.392559945349255,0.0,1.0944849699398798,0.7111258724223963
H1_114b_12.jpg,5.43659622343025,0.0,1.1472625250501,0.7000412266283372
H1_114b_2.jpg,5.271975046237947,0.0,1.0603126252505009,0.7139289369162782
H1_114b_3.jpg,5.849962816023471,0.0,1.5595511022044088,0.6607202594852689
H1_114b_4.jpg,5.859261141119019,0.0,1.492553106212425,0.6652142674770227
H1_114b_5.jpg,6.077470738847959,0.0,1.2233346693386773,0.6957193082580799
H1_114b_6.jpg,5.649878935143004,0.0,1.259250501002004,0.681595787596379
H1_114b_7.jpg,5.983562247730424,0.0,1.327875751503006,0.6778675181235836
H1_114b_8.jpg,5.960772411527223,0.0,1.30887374749499,0.6777381929504019
H1_114b_9.jpg,6.183351699790566,0.0,1.3134068136272545,0.6832654578104226
H1_115a_1.jpg,5.040057511798567,0.0,0.7483206412825651,0.7757067877656767
H1_115a_10.jpg,5.293749703434541,0.0,0.7086693386773546,0.7777690006205451
H1_115a_11.jpg,3.763214324207413,0.0,0.6455110220440883,0.7983537561509286
H1_115a_12.jpg,4.476146508251809,0.0,0.5851583166332666,0.8069305322543869
H1_115a_13.jpg,4.535753488797613,0.0,0.7787374749498999,0.7731958599664953
H1_115a_14.jpg,5.101463277543148,0.0,0.6468737474949899,0.792496929316147
H1_115a_15.jpg,5.112266812090608,0.0,0.6734709418837675,0.7841718580874579
H1_115a_16.jpg,3.690781075072451,0.0,0.5817675350701405,0.8149003278218476
H1_115a_17.jpg,4.1514605528806445,0.0,0.6046533066132265,0.8076969277184733
H1_115a_18.jpg,3.6048095903927004,0.0,0.5619719438877755,0.8156312821313411
H1_115a_19.jpg,3.8385265097085495,0.0,0.542993987975952,0.8173239464718849
H1_115a_2.jpg,4.79231080700082,0.0,0.5993787575150299,0.8035593108484362
H1_115a_20.jpg,3.8250608089427085,0.0,0.5543567134268537,0.8137774063178393
H1_115a_21.jpg,4.034116422679042,0.0,0.6012625250501004,0.8096921321277754
H1_115a_22.jpg,4.3201264634218095,0.0,0.5613186372745491,0.8193662803653103
H1_115a_23.jpg,4.01559342395268,0.0,0.5868937875751503,0.8136896598426274
H1_115a_24.jpg,4.232752343738012,0.0,0.6041442885771543,0.8027768823887286
H1_115a_25.jpg,4.221866675398218,0.0,0.6119839679358718,0.7993959535061438
H1_115a_3.jpg,4.981166901811002,0.0,0.7131262525050099,0.7841562011431626
H1_115a_4.jpg,4.376338993488709,0.0,0.6432905811623246,0.7968110276294235
H1_115a_5.jpg,4.3635933520456245,0.0,0.6511503006012024,0.7922613239684761
H1_115a_6.jpg,4.034409901796799,0.0,0.5765931863727456,0.8126429704707203
H1_115a_7.jpg,6.419867974610971,0.0,1.1032104208416835,0.7089157636065082
H1_115a_8.jpg,5.296269660097053,0.0,0.85411623246493,0.7608914801688225
H1_115a_9.jpg,5.289061398543141,0.0,0.696060120240481,0.782557107964247
H1_115b_1.jpg,5.698928355745159,0.0,1.0531102204408818,0.7297443859332016
H1_115b_2.jpg,5.582822649194444,0.0,0.8377835671342685,0.755461680904103
H1_115b_3.jpg,5.567270858526222,0.0,0.866308617234469,0.7519613255253761
H1_115b_4.jpg,4.938995824178551,0.0,0.8137114228456914,0.7722233823054795
H1_115b_5.jpg,5.765385481527995,0.0,1.1297074148296593,0.709232402185733
H1_115b_6.jpg,5.799219065534847,0.0,1.1432424849699399,0.7101398924561981
H1_115b_7.jpg,4.866399550132942,0.0,0.7630981963927856,0.7789985615940268
H1_115b_8.jpg,5.783700121527768,0.0,1.201875751503006,0.7003017886461989
H1_115b_9.jpg,5.831683682038099,0.0,1.233503006012024,0.6984312636305565
H1_115c_1.jpg,5.343961077204799,0.0,1.1328577154308614,0.7223293105287808
H1_115c_2.jpg,6.271442336087984,0.0,1.6672464929859718,0.6375268521928563
H1_115c_3.jpg,6.016770990497907,0.0,1.3193186372745491,0.6811247727045242
H1_115c_4.jpg,5.7351246984440545,0.0,1.4093386773547092,0.6889404951894709
H1_115c_5.jpg,6.21784232155194,0.0,2.088316633266533,0.6031522060372222
H1_115c_6.jpg,6.107510258346114,0.0,1.3784048096192385,0.6694109064878371
H1_115c_7.jpg,5.947870811705763,0.0,1.5610861723446892,0.666608391600947
H1_115c_8.jpg,6.149102981924578,0.0,2.02535871743487,0.6096131415816104
H1_115c_9.jpg,6.127550085378291,0.0,1.4740040080160322,0.6660926686624005
H1_116a_1.jpg,3.9345252573654306,0.0,1.0170060120240485,0.7373859668138137
H1_116a_2.jpg,4.794965473248926,0.0,1.3009258517034068,0.697545446346507
H1_116a_3.jpg,4.2804799586296625,0.0,1.0501282565130259,0.7316033425486205
H1_116a_4.jpg,4.000434850188453,0.0,1.2690981963927856,0.7164091405880758
H1_116a_5.jpg,3.780985870233032,0.0,1.0487695390781564,0.7397952844778221
H1_116a_6.jpg,3.373048663317437,0.0,0.8427334669338677,0.7604095327642134
H1_116b_1.jpg,4.588345479174666,0.0,1.0624288577154313,0.7303730824675786
H1_116b_10.jpg,5.44456475079283,0.0,1.5007094188376753,0.683226288556322
H1_116b_11.jpg,6.052058148604076,0.0,2.2671102204408813,0.6284682328384531
H1_116b_12.jpg,6.022148245890347,0.0,2.177991983967936,0.6276046277500027
H1_116b_2.jpg,6.1145981955658835,0.0,1.355318637274549,0.6862332519682772
H1_116b_3.jpg,3.7872455368405356,0.0,1.018188376753507,0.7422286025533029
H1_116b_4.jpg,3.709289459850663,0.0,0.933314629258517,0.7523124157524649
H1_116b_5.jpg,4.342268329596851,0.0,0.8661122244488979,0.7659809042782817
H1_116b_6.jpg,5.319211434308344,0.0,1.3709779559118236,0.6970203248724646
H1_116b_7.jpg,5.447074195350796,0.0,1.6218917835671343,0.6800011090202833
H1_116b_8.jpg,5.355391160219653,0.0,1.530805611222445,0.6853817175076287
H1_116b_9.jpg,3.799892274193694,0.0,0.9434589178356713,0.7545564281209606
H1_11a_1.jpg,5.49097212981301,0.0,0.7793707414829658,0.7747769948902533
H1_11a_10.jpg,3.963269586784963,0.0,0.7360521042084169,0.7805242643682867
H1_11a_11.jpg,4.896237293552326,0.0,0.7853306613226455,0.7702946195215361
H1_11a_12.jpg,4.771299496192372,0.0,0.8133306613226452,0.765242326397906
H1_11a_13.jpg,4.820076546339738,0.0,0.852376753507014,0.7574393055155253
H1_11a_14.jpg,4.505330417308006,0.0,0.8994989979959921,0.7499635078001623
H1_11a_15.jpg,4.454606799779892,0.0,0.9541963927855713,0.7500484588333327
H1_11a_2.jpg,5.549316456075557,0.0,0.996877755511022,0.7332811631039543
H1_11a_3.jpg,5.323304516078692,0.0,1.0620120240480961,0.7217012106062994
H1_11a_4.jpg,4.5221758901742986,0.0,0.7685891783567136,0.771816841792857
H1_11a_5.jpg,4.80459316870537,0.0,0.7842565130260521,0.7661141284177799
H1_11a_6.jpg,4.16220394944079,0.0,0.6465611222444891,0.8007335409477654
H1_11a_7.jpg,5.300023653128864,0.0,1.0012665330661323,0.7368810786886946
H1_11a_8.jpg,5.750492656192,0.0,1.1219639278557116,0.7129364929378824
H1_11a_9.jpg,4.258306969600565,0.0,0.7849699398797595,0.7741214107699496
H1_11b_1.jpg,5.269444713191259,0.0,1.21112625250501,0.713534235089273
H1_11b_10.jpg,5.655485503951618,0.0,1.2726332665330662,0.6925130806451041
H1_11b_11.jpg,3.935035658691367,0.0,0.8607815631262524,0.7594660745914038
H1_11b_12.jpg,4.189729210013168,0.0,0.8010981963927856,0.7677053061134841
H1_11b_13.jpg,4.273737364703918,0.0,0.8425571142284569,0.7639821083963325
H1_11b_14.jpg,4.587889411693171,0.0,0.7277394789579158,0.7790162967900407
H1_11b_15.jpg,5.480850205811266,0.0,1.2065090180360718,0.7097372656455273
H1_11b_16.jpg,4.075647289523945,0.0,0.826140280561122,0.7688370350523823
H1_11b_17.jpg,4.149156799868604,0.0,0.7455671342685372,0.7732758923445584
H1_11b_18.jpg,4.377082546571368,0.0,0.9414709418837673,0.7609492209599431
H1_11b_19.jpg,4.170901220908249,0.0,0.726861723446894,0.7824703220990226
H1_11b_2.jpg,5.314649120432435,0.0,1.1135030060120241,0.7268565467105915
H1_11b_20.jpg,5.330238302432677,0.0,1.5721883767535072,0.6916416475242626
H1_11b_3.jpg,5.02543264505956,0.0,0.9302565130260521,0.7473340519222549
H1_11b_4.jpg,4.7499466202722465,0.0,0.9181883767535071,0.7534964601721406
H1_11b_5.jpg,4.063575071416807,0.0,0.679807615230461,0.7930481047208824
H1_11b_6.jpg,4.594155361830634,0.0,1.005426853707415,0.7456168488607059
H1_11b_7.jpg,4.635518464219714,0.0,0.8306412825651301,0.7573775228075705
H1_11b_8.jpg,4.447702345201733,0.0,0.8664769539078157,0.7562804386698688
H1_11b_9.jpg,4.687771940933164,0.0,0.8789939879759519,0.7534781044141599
H1_12a_1.jpg,5.7131433471224815,0.0,1.476328657314629,0.67993945560423
H1_12a_10.jpg,5.45325211126976,0.0,1.2334028056112225,0.6987606750497026
H1_12a_11.jpg,5.732686262123611,0.0,1.4220280561122243,0.6778068957388197
H1_12a_12.jpg,5.555711754801727,0.0,1.3262204408817635,0.6882055124026746
H1_12a_2.jpg,5.3753293387023,0.0,1.5367535070140281,0.6643061334887209
H1_12a_3.jpg,5.234047185575128,0.0,1.3218597194388777,0.6919747564544786
H1_12a_4.jpg,5.694598213503719,0.0,1.425122244488978,0.675977065439576
H1_12a_5.jpg,5.412834251471999,0.0,1.3043527054108215,0.6912553899873846
H1_12a_6.jpg,5.469057334241519,0.0,1.3247895791583166,0.6864173604893374
H1_12a_7.jpg,5.46395413086409,0.0,1.253939879759519,0.6925692949116673
H1_12a_8.jpg,5.715455077096693,0.0,1.394004008016032,0.6776784620435536
H1_12a_9.jpg,5.51579368851652,0.0,1.2337034068136274,0.6960410939505913
H1_12b_1.jpg,5.540920037781499,0.0,1.287310621242485,0.6877734368079186
H1_12b_10.jpg,5.408259387290098,0.0,1.2849458917835672,0.6898442593115983
H1_12b_11.jpg,5.812984977950838,0.0,1.7630180360721444,0.6464697322943662
H1_12b_12.jpg,5.239762747101462,0.0,1.376689378757515,0.6813186853276565
H1_12b_13.jpg,5.465809265061877,0.0,1.4197114228456913,0.6771492933055254
H1_12b_14.jpg,5.440083190126384,0.0,1.3914789579158318,0.6789966229390768
H1_12b_15.jpg,5.369284862909487,0.0,1.3357154308617232,0.6846417248771157
H1_12b_16.jpg,5.810883045783957,0.0,1.703050100200401,0.6542098055333141
H1_12b_17.jpg,5.2510694303502,0.0,1.3445090180360721,0.6832812771030736
H1_12b_18.jpg,5.472464257747608,0.0,1.3550380761523044,0.6867327322139778
H1_12b_19.jpg,5.442507743454933,0.0,1.3641402805611222,0.6816344362914303
H1_12b_2.jpg,5.781095062092282,0.0,1.2613627254509017,0.6875420140792234
H1_12b_20.jpg,5.388461500647958,0.0,1.3099879759519037,0.6873311318442272
H1_12b_3.jpg,5.7907818564255775,0.0,1.4841362725450902,0.6702454816126986
H1_12b_4.jpg,5.465545700101865,0.0,1.2052264529058117,0.7085743184993569
H1_12b_5.jpg,5.494480433715371,0.0,1.3415390781563126,0.6883613603740255
H1_12b_6.jpg,5.3299678911573345,0.0,1.4036112224448896,0.6783671013938262
H1_12b_7.jpg,5.649247998633029,0.0,1.5976633266533067,0.6555408066256361
H1_12b_8.jpg,5.386885311939873,0.0,1.336681362725451,0.6921705097552778
H1_12b_9.jpg,5.246610330280893,0.0,1.1993026052104212,0.7023145969548024
H1_12c_1.jpg,5.564232266839659,0.0,1.4838156312625252,0.6631127478528988
H1_12c_10.jpg,5.856478033220893,0.0,1.3039919839679361,0.6882982025271045
H1_12c_11.jpg,5.554460419513302,0.0,1.64763126252505,0.6481810049477611
H1_12c_12.jpg,5.654587458350725,0.0,1.6723727454909818,0.6432967238019085
H1_12c_13.jpg,6.166918140784418,0.0,1.5512264529058117,0.6581789602866543
H1_12c_14.jpg,5.5939306802534,0.0,1.891326653306613,0.6313043882990622
H1_12c_15.jpg,5.894255333464757,0.0,2.499635270541082,0.5985959848813134
H1_12c_16.jpg,5.25373952867043,0.0,1.4826132264529057,0.6672350674701728
H1_12c_17.jpg,5.7044044468532205,0.0,1.8132705410821643,0.6327931651079953
H1_12c_18.jpg,6.156362740057548,0.0,1.493811623246493,0.6697742011015644
H1_12c_19.jpg,5.6251553891516375,0.0,1.6748256513026054,0.6500934699490369
H1_12c_2.jpg,5.498719930138126,0.0,1.282008016032064,0.6896012698106413
H1_12c_20.jpg,6.035851378671751,0.0,3.172248496993988,0.5588528939620782
H1_12c_3.jpg,5.639894216262102,0.0,1.3532625250501003,0.6838883816152685
H1_12c_4.jpg,5.539942686571669,0.0,1.4123046092184368,0.6760139389959161
H1_12c_5.jpg,5.208892686750698,0.0,1.3363086172344687,0.6847503573850053
H1_12c_6.jpg,5.554927497935208,0.0,1.2932104208416833,0.6886822627168323
H1_12c_7.jpg,5.601522307854191,0.0,1.3822925851703407,0.6757281804291406
H1_12c_8.jpg,5.815550098925726,0.0,1.6984128256513025,0.6463978597604586
H1_12c_9.jpg,5.4790363358135,0.0,1.5201322645290583,0.6608636178307348
H1_12d_1.jpg,5.404444867055348,0.0,1.353871743486974,0.6898899449006708
H1_12d_10.jpg,5.779386771698824,0.0,1.410557114228457,0.6764704343304457
H1_12d_11.jpg,5.681329285667254,0.0,1.569326653306613,0.6574626371292929
H1_12d_12.jpg,5.503904330013615,0.0,1.437983967935872,0.6737141840620887
H1_12d_13.jpg,5.703058998989508,0.0,1.510745490981964,0.6671721781479024
H1_12d_14.jpg,5.715464328903342,0.0,1.4519639278557115,0.6676664230668476
H1_12d_15.jpg,5.667404158120742,0.0,1.4061683366733466,0.6745298123139782
H1_12d_16.jpg,5.854105457328832,0.0,2.5131783567134267,0.6027510627755452
H1_12d_17.jpg,5.6768496389164245,0.0,1.7551503006012021,0.6442729023910666
H1_12d_18.jpg,5.430614522447738,0.0,1.3319639278557114,0.6898034106774054
H1_12d_19.jpg,5.8664569411894485,0.0,1.8587414829659321,0.6342720505298106
H1_12d_2.jpg,5.264512228830663,0.0,1.4160000000000001,0.6715497534215559
H1_12d_20.jpg,5.885623599532294,0.0,1.7914709418837678,0.6440480605103961
H1_12d_3.jpg,5.624924427733811,0.0,1.8060480961923848,0.6452580736332534
H1_12d_4.jpg,5.59462477101467,0.0,1.3597154308617232,0.6807891536442294
H1_12d_5.jpg,5.749626267478181,0.0,1.466124248496994,0.6678230334636857
H1_12d_6.jpg,5.6131506046643205,0.0,1.432068136272545,0.6747911577639627
H1_12d_7.jpg,5.557005090141642,0.0,1.526697394789579,0.6661569340861843
H1_12d_8.jpg,5.639654137112836,0.0,1.6548857715430865,0.6576641795209308
H1_12d_9.jpg,5.805143860485714,0.0,1.286813627254509,0.6904527574459123
H1_13a_1.jpg,6.014526473794174,0.000312,6.42365130260521,0.4570805662865318
H1_13a_10.jpg,5.670734474819727,0.0,5.837811623246493,0.47202798323762385
H1_13a_11.jpg,5.8935205510714095,0.0,4.925306613226454,0.5106804933514237
H1_13a_12.jpg,5.992157070213635,0.0,3.810364729458918,0.5387283926196783
H1_13a_13.jpg,5.594547295422895,0.0,4.50772745490982,0.49897965844482906
H1_13a_14.jpg,5.712642240382712,0.0,5.199342685370741,0.47904771930570045
H1_13a_15.jpg,5.860527312880297,0.0,4.953058116232465,0.5057391472789483
H1_13a_16.jpg,5.834952405796438,0.0,4.276773547094189,0.5215268745391609
H1_13a_2.jpg,5.327663013756515,0.0,2.703879759519038,0.5934262548014708
H1_13a_3.jpg,5.906621639645116,0.0,2.5412705410821648,0.5998849663090606
H1_13a_4.jpg,5.393585304261122,0.0,2.4140200400801604,0.6026199360274095
H1_13a_5.jpg,5.85757120085452,6e-05,5.788801603206412,0.4761445499947513
H1_13a_6.jpg,5.421270020606525,0.0,3.8295871743486973,0.5348146048536834
H1_13a_7.jpg,5.718057884168244,0.0,4.805198396793587,0.5126586386557991
H1_13a_8.jpg,5.723523724659389,0.0,3.2959759519038077,0.5557933578914239
H1_13a_9.jpg,5.504244096917217,0.000308,5.541278557114229,0.4866465962958216
H1_13b_1.jpg,5.757870984859316,3.2e-05,5.8968296593186365,0.47584514929743177
H1_13b_10.jpg,5.604115998235379,3.6e-05,5.641731462925851,0.4791559288762406
H1_13b_11.jpg,5.734349330020199,0.0,4.551490981963928,0.5057682314375191
H1_13b_12.jpg,5.773105739064626,0.000104,4.5619198396793585,0.5088687145378643
H1_13b_2.jpg,6.328315490773016,0.000836,11.931919839679356,0.37059134036983277
H1_13b_3.jpg,5.303361710545012,0.0,2.873699398797595,0.5791907453991374
H1_13b_4.jpg,5.229810994086623,0.0,2.5302404809619237,0.5982022689283856
H1_13b_5.jpg,5.735870094755806,0.0,6.6160040080160325,0.45926566746639685
H1_13b_6.jpg,5.659408418826679,0.0,4.550657314629259,0.5171206074388184
H1_13b_7.jpg,5.830193231048651,0.0,3.700541082164328,0.5409764346003564
H1_13b_8.jpg,5.898362882173126,0.0,3.8400200400801605,0.535584428697398
H1_13b_9.jpg,5.739564200299997,0.0,4.909883767535071,0.4899134312393511
H1_13c_1.jpg,5.627600813681595,0.0,3.788088176352705,0.5362318787658101
H1_13c_10.jpg,5.838049556940815,0.0,6.9302044088176356,0.4429790139404252
H1_13c_11.jpg,5.615428070700658,0.0,4.093418837675351,0.5157673502071884
H1_13c_12.jpg,5.532866033837813,2.4e-05,3.8838637274549095,0.5186496488379975
H1_13c_13.jpg,5.295112014509597,0.0,4.002452905811624,0.5123884602074188
H1_13c_14.jpg,5.6871849988761936,0.0,4.191194388777555,0.5110369564536307
H1_13c_15.jpg,5.467814401041125,0.0,3.6591943887775553,0.5275058450964446
H1_13c_16.jpg,5.602077333862929,0.0,3.5963807615230468,0.5403922143298061
H1_13c_17.jpg,5.424353396562946,0.0,3.731811623246493,0.5225299255826517
H1_13c_18.jpg,5.349552788415354,0.0,3.7657915831663327,0.5279219454782141
H1_13c_19.jpg,5.701411893110823,6.4e-05,4.111354709418838,0.5138952069340932
H1_13c_2.jpg,5.850399705566655,0.0,5.404653306613227,0.48083384311327576
H1_13c_20.jpg,5.465651832975389,0.0,3.575823647294589,0.5288413402485761
H1_13c_3.jpg,5.713063735011944,0.0,4.5785210420841675,0.5000380707214278
H1_13c_4.jpg,5.452403331446706,0.0,4.754977955911824,0.5054888668139719
H1_13c_5.jpg,5.800308743378595,0.000164,6.631731462925851,0.46947555126320445
H1_13c_6.jpg,5.437839322343361,0.0,2.841118236472947,0.5729288057134206
H1_13c_7.jpg,5.588127491298769,0.0,4.122573146292585,0.5125854216634529
H1_13c_8.jpg,5.787005707026632,8e-05,5.41932264529058,0.47837061297567696
H1_13c_9.jpg,5.56998193157547,0.0,4.714196392785572,0.48601287611807503
H1_14a_1.jpg,5.893673105960942,0.0,1.781995991983968,0.6440587953295233
H1_14a_10.jpg,5.639437622126906,0.0,1.4732985971943888,0.6670941504896581
H1_14a_11.jpg,5.311843353968127,0.0,1.2164328657314627,0.7004492816473447
H1_14a_12.jpg,5.436859764903815,0.0,1.3211663326653307,0.6797547847934147
H1_14a_13.jpg,5.645863238428867,0.0,2.024204408817635,0.6270721726754535
H1_14a_14.jpg,5.771973554462596,0.0,1.8733346693386772,0.6293036661818441
H1_14a_15.jpg,5.900461940111862,0.0,2.135486973947896,0.6074321752682835
H1_14a_16.jpg,5.284293065763343,0.0,1.152817635270541,0.711427349970111
H1_14a_17.jpg,5.403269557646796,0.0,1.357551102204409,0.6785836465479886
H1_14a_18.jpg,5.578441038989904,0.0,1.9033186372745488,0.6370410767838162
H1_14a_19.jpg,5.756455272504703,0.0,1.8972945891783564,0.628755458629027
H1_14a_2.jpg,5.554589315146771,0.0,1.5056833667334666,0.65814137167059
H1_14a_20.jpg,6.01733683089724,0.0,2.2577114228456914,0.5991232358545401
H1_14a_3.jpg,5.8331134177142525,0.0,2.0084008016032064,0.6221494136441286
H1_14a_4.jpg,5.583018702295795,0.0,1.5879679358717436,0.6511417319252057
H1_14a_5.jpg,5.93032793915408,0.0,1.824929859719439,0.632565853258723
H1_14a_6.jpg,5.337953272594639,0.0,1.32988376753507,0.689602747900234
H1_14a_7.jpg,5.585825975246727,0.0,1.494372745490982,0.6710306624722049
H1_14a_8.jpg,6.052874060126566,0.0,2.459002004008016,0.6075996344510797
H1_14a_9.jpg,5.785446565852991,0.0,1.5812144288577152,0.6524307266035175
H1_14b_1.jpg,5.674499757296767,0.0,1.9309458917835671,0.6262047047174697
H1_14b_2.jpg,5.509508746909312,0.0,1.5741603206412826,0.652806846256852
H1_14b_3.jpg,5.487691763459921,0.0,1.685751503006012,0.653424564094784
H1_14b_4.jpg,5.307123933444451,0.0,1.6144048096192385,0.6534117570036213
H1_14b_5.jpg,5.8541284531550035,0.0,1.7277194388777555,0.6454609623799924
H1_14b_6.jpg,4.945865419980271,0.0,1.3177595190380762,0.6852366585113276
H1_14b_7.jpg,5.506948736153097,0.0,1.8909098196392788,0.6380220538181718
H1_14b_8.jpg,5.4354331969216405,0.0,1.6150861723446894,0.6538201202146758
H1_14b_9.jpg,5.182880310547913,0.0,1.3730220440881764,0.677736608819729
H1_14c_1.jpg,6.015976811877041,0.0,2.627671342685371,0.5822916803371565
H1_14c_10.jpg,5.267339452853688,0.0,1.1495871743486976,0.714462637445137
H1_14c_11.jpg,5.383442363669422,0.0,1.8814989979959917,0.6321051796489356
H1_14c_12.jpg,6.05418753747089,0.0,3.0865731462925856,0.5730690911673542
H1_14c_13.jpg,5.623910202322403,0.0,1.3749258517034069,0.681702176041076
H1_14c_14.jpg,5.49191031521807,0.0,1.4443807615230462,0.6768496637677854
H1_14c_15.jpg,5.639381791957066,0.0,1.493250501002004,0.6729236992660684
H1_14c_16.jpg,5.491771723673008,0.0,1.893238476953908,0.6311209028753857
H1_14c_17.jpg,6.100340262127272,0.0,3.204977955911823,0.5395385539819004
H1_14c_18.jpg,5.341208143242394,0.0,1.6586733466933867,0.6570246342881929
H1_14c_19.jpg,5.895044078540963,0.0,2.088412825651303,0.617435257881774
H1_14c_2.jpg,6.511539233011577,0.0,3.7215911823647287,0.5269687042739045
H1_14c_20.jpg,5.985631175098048,0.0,2.104529058116232,0.618219579737256
H1_14c_21.jpg,5.486135577258557,0.0,1.8694589178356718,0.6317986746378155
H1_14c_22.jpg,6.092400564978652,0.0,3.184340681362725,0.5404203233681232
H1_14c_23.jpg,5.342768776012734,0.0,1.6591823647294595,0.6587674648824602
H1_14c_24.jpg,5.8925436469759385,0.0,2.1028897795591184,0.615266082348807
H1_14c_25.jpg,5.978968266673522,0.0,2.116761523046092,0.6161987884857878
H1_14c_3.jpg,6.366136827344617,0.0,4.783879759519038,0.4840580882851663
H1_14c_4.jpg,5.286613078237249,0.0,1.3237755511022045,0.6907793216685245
H1_14c_5.jpg,5.305089932271102,0.0,1.3783967935871742,0.6879288463662134
H1_14c_6.jpg,5.131510104163289,0.0,1.4424088176352705,0.6754186261766263
H1_14c_7.jpg,5.833990391659311,0.0,2.5385490981963925,0.6036386001803526
H1_14c_8.jpg,6.128510598484491,0.0,3.6038356713426856,0.5392835318579834
H1_14c_9.jpg,5.449104304192547,0.0,1.3267174348697395,0.698120477736652
H1_15a_1.jpg,5.533679225886313,0.0,2.094501002004008,0.6165632891805228
H1_15a_10.jpg,5.818533777508461,0.0,3.2670781563126257,0.5445092225773736
H1_15a_11.jpg,5.848515300976741,0.0,3.082132264529058,0.5479268922501377
H1_15a_12.jpg,5.659231552102715,0.0,2.8092024048096196,0.5607183018054154
H1_15a_13.jpg,5.452970720774858,0.0,2.4363446893787577,0.593072560146712
H1_15a_14.jpg,5.478792464641548,0.0,2.460088176352705,0.5902439116062301
H1_15a_15.jpg,5.693683882700061,0.0,2.269298597194389,0.5983748452634118
H1_15a_16.jpg,5.646398168024842,0.0,2.3168216432865734,0.6007069981456181
H1_15a_17.jpg,5.687717864926931,0.0,2.8879879759519036,0.55824792023062
H1_15a_18.jpg,5.446417478181405,0.0,2.115422845691383,0.6117326076076393
H1_15a_19.jpg,5.360190517061438,0.0,2.1787134268537076,0.610683528625542
H1_15a_2.jpg,5.543370513327596,0.0,2.3593867735470946,0.5876238698771423
H1_15a_20.jpg,5.479449205522492,0.0,2.0327895791583166,0.6199560186156038
H1_15a_21.jpg,5.560430158488823,0.0,2.099715430861723,0.6099763857396786
H1_15a_3.jpg,5.495501173718824,0.0,2.948689378757515,0.5598654451397975
H1_15a_4.jpg,5.6957071289801595,0.0,2.679503006012024,0.5742415560569842
H1_15a_5.jpg,5.759511051336894,0.0,2.4614789579158316,0.5835143749810893
H1_15a_6.jpg,5.784476361639338,0.0,2.303250501002004,0.604513074169572
H1_15a_7.jpg,5.825504764417706,0.0,2.3150180360721446,0.6017551739242409
H1_15a_8.jpg,5.914921277474882,0.0,2.1466613226452904,0.6105056027950542
H1_15a_9.jpg,5.953236529270534,0.0,2.860877755511022,0.5529324372513191
H1_16a_1.jpg,4.728061459574846,0.0,1.1023046092184368,0.7194344063398419
H1_16a_10.jpg,5.087316043421386,0.0,1.3335631262525052,0.6962465934944693
H1_16a_11.jpg,5.363087734298971,0.0,1.633795591182364,0.658450381845755
H1_16a_12.jpg,4.960422627680776,0.0,1.1941042084168334,0.7186509199855871
H1_16a_13.jpg,5.991291837759716,0.0,2.2154188376753505,0.6184680505338325
H1_16a_14.jpg,5.742841751029433,0.0,2.007667334669339,0.6181577995140206
H1_16a_15.jpg,5.3624890166311365,0.0,1.983134268537074,0.6290896155269312
H1_16a_16.jpg,5.05672003369158,0.0,1.5707374749499,0.6818956629153236
H1_16a_2.jpg,4.968998915373706,0.0,0.9667855711422846,0.7413549568691188
H1_16a_3.jpg,4.642972045591585,0.0,1.033879759519038,0.7326338149462545
H1_16a_4.jpg,4.691812144086865,0.0,1.0310180360721444,0.7342905602408878
H1_16a_5.jpg,4.840807293610224,0.0,1.0638396793587175,0.7281282473581817
H1_16a_6.jpg,4.779179296837593,0.0,1.154064128256513,0.7182563035227602
H1_16a_7.jpg,4.967317731378321,0.0,1.041066132264529,0.7379258198798971
H1_16a_8.jpg,4.7101420423039695,0.0,0.9012625250501002,0.7547231319837785
H1_16a_9.jpg,5.297766104900282,0.0,1.1636753507014026,0.7054406504786859
H1_16b_1.jpg,5.127680992490586,0.0,0.9792985971943886,0.7368926379216569
H1_16b_10.jpg,5.817054650297253,0.0,2.639643286573146,0.5762969843242218
H1_16b_11.jpg,5.276995072335475,0.0,1.4093426853707416,0.6966361804678125
H1_16b_12.jpg,5.12699532613652,0.001872,31.820921843687366,0.7355002108925818
H1_16b_13.jpg,5.529690135007718,0.0,1.5957835671342684,0.6523501479081031
H1_16b_14.jpg,6.148938413781502,0.0,2.8261202404809618,0.564766205825447
H1_16b_15.jpg,5.600700695939372,0.0,1.9521362725450904,0.6591839463830262
H1_16b_16.jpg,4.889045280763192,0.002,31.5544248496994,0.7373339307409474
H1_16b_17.jpg,5.534207446672198,0.0,1.5875591182364728,0.6532520086302174
H1_16b_18.jpg,6.154422902624384,0.0,2.8268136272545092,0.5660244503414419
H1_16b_19.jpg,5.6218523348284455,0.0,1.9987735470941883,0.6535682675915978
H1_16b_2.jpg,5.202356555051812,0.0,1.0554829659318636,0.7237677667416771
H1_16b_20.jpg,4.8139385187748385,0.002,31.503098196392784,0.7395504519960866
H1_16b_3.jpg,4.784242826631303,0.0,1.0621643286573148,0.7271198406095664
H1_16b_4.jpg,4.888594500084343,0.0,0.8734909819639279,0.7508390311247658
H1_16b_5.jpg,4.72171623198225,0.0,1.009490981963928,0.7415409475339461
H1_16b_6.jpg,5.511422255039043,0.0,1.9778597194388778,0.6440741728186321
H1_16b_7.jpg,4.992265448653578,0.0,1.4092785571142286,0.697650228617217
H1_16b_8.jpg,4.453287897773176,0.0,0.9683967935871743,0.7391464514032895
H1_16b_9.jpg,5.024803589618179,0.0,1.30613627254509,0.6974044646410232
H1_16c_1.jpg,5.748407432861011,0.0,1.6659679358717432,0.6467525054929897
H1_16c_2.jpg,5.713040690941601,0.0,1.6599679358717434,0.6535796281396979
H1_16c_3.jpg,5.755093807619902,0.0,1.8080881763527052,0.6349865551883974
H1_16c_4.jpg,5.7379392258202815,0.0,1.7560400801603206,0.6449062560187231
H1_16c_5.jpg,5.873611773348214,0.0,1.8736032064128259,0.6206462176465017
H1_16c_6.jpg,5.697119311186795,0.0,1.7020521042084167,0.6464611817056282
H1_16c_7.jpg,5.460177681972894,0.0,1.504168336673347,0.6682812447312476
H1_16c_8.jpg,5.924559847019174,0.0,1.7299759519038078,0.6408724085269744
H1_16c_9.jpg,5.868353475634972,0.0,1.843354709418838,0.6285055208820614
H1_17a_1.jpg,5.895097493930832,0.0,2.1274749498997996,0.6086371991599901
H1_17a_2.jpg,5.821164035489016,0.0,1.7287975951903807,0.6320489028042504
H1_17a_3.jpg,6.165156829794434,0.0,1.732436873747495,0.6421569651745684
H1_17a_4.jpg,5.575482387863331,0.0,1.765222444889779,0.6338845271973317
H1_17a_5.jpg,5.863525563709565,0.0,2.235991983967936,0.5886161599364332
H1_17a_6.jpg,5.69070870812964,0.0,2.0189539078156313,0.6081476012649022
H1_17a_7.jpg,5.854740999471185,0.0,1.9889739478957915,0.6115771613548524
H1_17a_8.jpg,6.164956111323384,0.0,2.3063767535070143,0.5802956498399495
H1_17a_9.jpg,5.599341648816091,0.0,1.6177875751503006,0.6399721438494881
H1_17b_1.jpg,5.929816788066822,0.0,2.1627174348697396,0.5997083313043143
H1_17b_10.jpg,5.501390478888737,0.0,1.409374749498998,0.6677608612426293
H1_17b_11.jpg,5.896401686093047,0.0,1.9945891783567133,0.6166613319168134
H1_17b_12.jpg,5.732965131273579,0.0,1.746392785571142,0.6337425751773064
H1_17b_13.jpg,5.444751210501519,0.0,1.4379318637274547,0.665695620939706
H1_17b_14.jpg,4.430420962759448,0.0,0.9706052104208416,0.7300824214835742
H1_17b_15.jpg,4.422163452397516,0.0,0.9809659318637274,0.7292745896538092
H1_17b_16.jpg,4.573507138448995,0.0,1.002068136272545,0.7407075395734283
H1_17b_17.jpg,5.600484695778324,0.0,1.6082885771543087,0.6588654757753445
H1_17b_18.jpg,4.722476294115416,0.0,1.3475270541082163,0.7072026142935249
H1_17b_19.jpg,3.8118773713668057,0.0,0.7227254509018036,0.7756530164107106
H1_17b_2.jpg,6.244921679634352,0.0,2.189070140280561,0.5875517278147047
H1_17b_20.jpg,3.817336135627321,0.0,0.736172344689379,0.7726560158004261
H1_17b_21.jpg,4.515784598440059,0.0,0.9587695390781563,0.7453901733552827
H1_17b_22.jpg,5.551820994189801,0.0,1.5908577154308619,0.6630563899669585
H1_17b_23.jpg,4.746366642444355,0.0,1.3750701402805614,0.7045205237236719
H1_17b_24.jpg,3.79601740821249,0.0,0.716008016032064,0.7769211714286415
H1_17b_25.jpg,3.8049665134045667,0.0,0.7371503006012026,0.7745376356330186
H1_17b_3.jpg,6.090884498844846,0.0,1.6347174348697393,0.6500261691650724
H1_17b_4.jpg,5.93821358845895,0.0,1.5350941883767537,0.6545022600966406
H1_17b_5.jpg,5.9300788638235105,0.0,1.5771142284569133,0.6512112178136052
H1_17b_6.jpg,6.001885978408487,0.0,2.258977955911824,0.5963692204713463
H1_17b_7.jpg,5.9452395245900425,0.0,1.9850420841683367,0.6099245078278414
H1_17b_8.jpg,5.529196203400398,0.0,1.5311663326653302,0.6572391342520343
H1_17b_9.jpg,5.511106593972358,0.0,1.4146613226452909,0.6648724293290653
H1_18a_1.jpg,5.2655332985576315,0.0,1.336565130260521,0.6909639844025917
H1_18a_10.jpg,4.309464748498795,0.0,1.0051743486973947,0.7317038556720045
H1_18a_11.jpg,4.713871124326817,0.0,1.18161122244489,0.7155816412267002
H1_18a_12.jpg,4.5137547375000375,0.0,0.9912825651302605,0.7388754117241748
H1_18a_13.jpg,4.789420820676553,0.0,1.0698637274549099,0.7317258603707317
H1_18a_14.jpg,3.963891616576836,0.0,0.9869338677354709,0.7393073693166751
H1_18a_15.jpg,4.639058091342607,0.0,1.0396673346693386,0.7338589628122469
H1_18a_16.jpg,4.753728834627019,0.0,1.0035511022044088,0.7318793722548165
H1_18a_2.jpg,3.920076218568354,0.0,0.9595831663326653,0.7398010974590832
H1_18a_3.jpg,4.460357604835378,0.0,1.0034148296593186,0.7373350619658099
H1_18a_4.jpg,4.464032841636451,0.0,0.9956953907815631,0.7399500701909563
H1_18a_5.jpg,5.79642189384466,0.0,2.1528456913827654,0.6125116612515297
H1_18a_6.jpg,5.660079719470052,0.0,1.452729458917836,0.675876616234852
H1_18a_7.jpg,5.132056710550733,0.0,1.0751382765531061,0.7238430063952098
H1_18a_8.jpg,5.434355910519655,0.0,1.1651503006012023,0.7085394508504892
H1_18a_9.jpg,4.3211930175815665,0.0,1.0991623246492985,0.7210698299773621
H1_18b_1.jpg,5.742660618415742,0.0,1.2742124248496993,0.6945110977688393
H1_18b_10.jpg,5.014609181834209,0.0,1.2120801603206415,0.7006351186972026
H1_18b_11.jpg,4.920267122557393,0.0,1.225931863727455,0.7056742714677331
H1_18b_12.jpg,4.874465005018064,0.0,1.148108216432866,0.7136742767778217
H1_18b_13.jpg,5.1461295377780765,0.0,1.2159158316633265,0.708840402283314
H1_18b_14.jpg,4.920614654008378,0.0,1.177190380761523,0.7055588590895429
H1_18b_15.jpg,4.862865141237178,0.0,1.1332665330661322,0.7154523764007907
H1_18b_16.jpg,4.838950961740249,0.0,1.1036032064128254,0.720864548174781
H1_18b_2.jpg,5.276043693901665,0.0,1.2542404809619239,0.6969530463025677
H1_18b_3.jpg,4.666044851475205,0.0,1.2198316633266533,0.7077475687606236
H1_18b_4.jpg,4.734090882891331,0.0,1.1055871743486974,0.7189228004861512
H1_18b_5.jpg,6.187342629556793,0.0,1.762428857715431,0.6431136562036627
H1_18b_6.jpg,6.023033983274947,0.0,1.9667815631262529,0.6240621254011488
H1_18b_7.jpg,5.893890166990477,0.0,1.8611743486973948,0.6321360922328401
H1_18b_8.jpg,5.8475324461769755,0.0,1.821627254509018,0.6332955424863242
H1_18b_9.jpg,5.237733187995822,0.0,1.3021683366733467,0.6967351850631205
H1_19a_1.jpg,4.843592294145586,0.0,2.7532785571142284,0.5864612316237908
H1_19a_10.jpg,4.567606025303868,0.0,2.3543847695390783,0.6169136675783001
H1_19a_11.jpg,4.696397594534104,0.0,2.66574749498998,0.5984140994811753
H1_19a_12.jpg,4.707385484215933,0.0,2.672336673346693,0.5874887164770883
H1_19a_13.jpg,5.107373444981821,0.0,2.473659318637275,0.6028946726572707
H1_19a_14.jpg,4.537757248127939,0.0,2.135939879759519,0.6299226873305963
H1_19a_15.jpg,4.560707160434211,0.0,2.303170340681363,0.6223289780802301
H1_19a_16.jpg,4.578155678795346,0.0,2.426661322645291,0.6028823376891168
H1_19a_2.jpg,4.362901132287136,0.0,2.0827014028056103,0.6295625338771369
H1_19a_3.jpg,4.672595715412332,0.0,2.93924248496994,0.5795249569150545
H1_19a_4.jpg,4.7006713803987425,0.0,2.8158957915831664,0.5817438888504673
H1_19a_5.jpg,4.8545105823003345,0.0,2.368749498997996,0.6166777130501938
H1_19a_6.jpg,4.550224762268236,0.0,2.2103006012024045,0.6151452072203265
H1_19a_7.jpg,4.750203270048411,0.0,2.391555110220441,0.611720265189618
H1_19a_8.jpg,4.670949779892292,0.0,2.408861723446894,0.6148994303151547
H1_19a_9.jpg,4.811322635768213,0.0,2.491214428857715,0.6023430694737604
H1_1a_1.jpg,5.816316509695513,0.0,2.083122244488978,0.6361606168519807
H1_1a_10.jpg,5.387522055093437,0.0,0.9358637274549098,0.7361578836955178
H1_1a_11.jpg,5.917440621663162,0.0,2.2501402805611224,0.6085579835680146
H1_1a_12.jpg,6.090355938643459,0.0,3.0006733466933877,0.5612176873219402
H1_1a_13.jpg,6.006166981920085,0.0,1.312056112224449,0.6896680323570091
H1_1a_14.jpg,5.790783264014182,0.0,1.2672224448897795,0.6998965176926045
H1_1a_15.jpg,5.560129814856258,0.0,1.244997995991984,0.6988045221825201
H1_1a_16.jpg,5.357123331805746,0.0,1.1034749498997998,0.7133508751915092
H1_1a_17.jpg,5.77386683293024,0.0,2.1349498997995995,0.6308794576499528
H1_1a_18.jpg,6.010086603281081,0.0,2.4190140280561123,0.5970035954559165
H1_1a_19.jpg,5.769984622614458,0.0,1.098697394789579,0.7289123702614838
H1_1a_2.jpg,5.730595515542734,0.0,1.6000280561122244,0.6637601145307943
H1_1a_20.jpg,5.633928461057396,0.0,0.9390981963927855,0.7425380624908591
H1_1a_21.jpg,5.973437612033865,0.0,1.3962965931863727,0.6760488522882954
H1_1a_22.jpg,5.116172596406199,0.0,0.9313987975951903,0.7420005347994885
H1_1a_23.jpg,5.425127161865911,0.0,1.2070701402805613,0.7159090292206868
H1_1a_24.jpg,5.572352646925111,0.0,1.3928617234468934,0.6874728793112994
H1_1a_3.jpg,5.0992670361943855,0.0,1.2292905811623247,0.7018449100597162
H1_1a_4.jpg,5.237423814413086,0.0,1.2669539078156316,0.6962032694668289
H1_1a_5.jpg,5.709902428241088,0.0,2.0426693386773547,0.6180429546254538
H1_1a_6.jpg,5.774873981175341,0.0,2.069871743486974,0.6161632796582472
H1_1a_7.jpg,5.461510445170626,0.0,1.5344809619238475,0.6897225460688485
H1_1a_8.jpg,5.7457751651191105,0.0,1.480813627254509,0.6778353713929547
H1_1a_9.jpg,5.1711850188435635,0.0,1.455018036072144,0.6948810418530069
H1_1b_1.jpg,4.653075361111387,3.6e-05,1.0669018036072144,0.7285025306959079
H1_1b_10.jpg,5.343660108211629,0.0,1.0864128256513024,0.7202741791009226
H1_1b_11.jpg,5.007923595506953,0.0,1.19512625250501,0.7098649834403788
H1_1b_12.jpg,5.657848791767263,0.0,1.760997995991984,0.6527958879289271
H1_1b_13.jpg,5.5864810635283355,0.0,1.5840080160320642,0.6651679827939196
H1_1b_14.jpg,5.624798067279287,0.0,1.292881763527054,0.6993482765768424
H1_1b_15.jpg,5.289740811530963,0.0,0.9992424849699398,0.7365752091393275
H1_1b_16.jpg,4.841101155444,0.0,1.1589739478957917,0.7151587676194775
H1_1b_17.jpg,5.441811887874788,0.0,1.439318637274549,0.6866938339375301
H1_1b_18.jpg,5.652764796708506,0.0,1.3926092184368737,0.6840499124857051
H1_1b_19.jpg,6.013170985253914,0.0,1.1076032064128256,0.7138849236736922
H1_1b_2.jpg,5.624405888234929,0.0,1.3851102204408816,0.6902952769527599
H1_1b_20.jpg,5.549951604331879,0.0,1.232196392785571,0.7039100216052588
H1_1b_3.jpg,5.437358756955974,0.0,1.6342364729458918,0.6557628490776983
H1_1b_4.jpg,5.380591837026693,0.0,1.1228737474949901,0.7195085440751474
H1_1b_5.jpg,5.416189106842714,0.0,1.1624488977955911,0.7073329936608834
H1_1b_6.jpg,5.25413256480738,0.0,1.3712905811623246,0.6998221452463308
H1_1b_7.jpg,5.668974050599305,0.0,1.6006012024048097,0.673024482708577
H1_1b_8.jpg,5.480508686106111,0.0,1.6020440881763527,0.6771662784996008
H1_1b_9.jpg,5.550164753036485,0.0,1.5560440881763526,0.6674409615093928
H1_1c_1.jpg,5.671148576791231,0.0,1.230549098196393,0.7011416874426315
H1_1c_10.jpg,5.52245048837589,0.0,1.8823286573146298,0.6474199953895153
H1_1c_11.jpg,5.0623782389401315,0.0,1.1672264529058116,0.7180379570491373
H1_1c_12.jpg,4.981564481070343,0.0,1.139875751503006,0.7102427782106414
H1_1c_13.jpg,5.001031637986534,0.0,1.103687374749499,0.7218128059364199
H1_1c_14.jpg,5.1970337209496105,0.0,1.1675951903807618,0.7084644516684723
H1_1c_15.jpg,5.443574523317822,0.0,1.4985250501002005,0.6687834312403631
H1_1c_16.jpg,5.419707802309102,0.0,2.1261482965931866,0.6289775173770207
H1_1c_17.jpg,4.64420099607417,0.0,1.1153907815631263,0.7198088158191595
H1_1c_18.jpg,4.7594315967240055,0.0,1.0195511022044088,0.7249769988887866
H1_1c_19.jpg,4.934141164827281,0.0,1.0047374749498996,0.7383601168028638
H1_1c_2.jpg,5.182607106595199,0.0,1.0221523046092185,0.7311769895278367
H1_1c_20.jpg,4.989082069739113,0.0,1.1602925851703403,0.7074176612707468
H1_1c_21.jpg,5.281597501548206,0.0,1.3319639278557114,0.6899215032619468
H1_1c_22.jpg,5.274360732780085,0.0,1.8572264529058118,0.6537962992532851
H1_1c_23.jpg,4.872959627340475,0.0,1.1881843687374751,0.7157962042569773
H1_1c_24.jpg,4.979295611020057,0.0,1.2158076152304609,0.7048551195561283
H1_1c_3.jpg,5.27930513291412,0.0,1.2344969939879762,0.6967669782907422
H1_1c_4.jpg,5.717080810593766,0.0,2.060865731462926,0.6252676498523114
H1_1c_5.jpg,5.150642424462881,0.0,1.2741242484969941,0.6978883947186959
H1_1c_6.jpg,5.073143141339547,0.0,1.1749539078156312,0.7007995203389352
H1_1c_7.jpg,5.7398611490631595,0.0,1.134376753507014,0.7174108296404114
H1_1c_8.jpg,5.705929134472255,0.0,0.9522765531062125,0.7363923720252701
H1_1c_9.jpg,5.0715717744367215,0.0,1.2156993987975953,0.7075213825309373
H1_1d_1.jpg,5.5975387555032246,0.0,1.649430861723447,0.6502158223473232
H1_1d_10.jpg,5.170883810449884,0.0,1.0597635270541081,0.7254373365876265
H1_1d_11.jpg,5.331040438912223,0.0,1.2163807615230462,0.7018130727668903
H1_1d_12.jpg,5.171356506690694,0.0,1.2934228456913828,0.6928993315586187
H1_1d_13.jpg,5.775023553945958,0.0,1.7262484969939877,0.6490040055241123
H1_1d_14.jpg,5.576140999049776,0.0,1.3664609218436874,0.6840311180476727
H1_1d_15.jpg,5.468280692581357,0.0,1.4775791583166331,0.6751574377178479
H1_1d_16.jpg,5.621759775067148,0.0,1.9137555110220443,0.63839916154171
H1_1d_17.jpg,5.631863233013024,0.0,1.3530941883767533,0.6884144236740296
H1_1d_18.jpg,5.602678080579444,0.0,1.9827855711422844,0.6266004704048027
H1_1d_19.jpg,5.626278297121605,0.0,1.8561563126252505,0.6286377130945799
H1_1d_2.jpg,5.756972684000023,0.0,2.131142284569138,0.6203603579468235
H1_1d_20.jpg,5.732550755949402,0.0,1.9062284569138277,0.6248154485581334
H1_1d_21.jpg,5.393497959929273,0.0,1.6938436873747493,0.657468686866679
H1_1d_22.jpg,5.135703192904315,0.0,1.0971583166332666,0.7207760832474054
H1_1d_23.jpg,5.492512069280842,0.0,2.0308416833667335,0.6228185887899788
H1_1d_24.jpg,5.779619345256832,0.0,1.907567134268537,0.6214057450706523
H1_1d_25.jpg,5.677317478146746,0.0,1.6605691382765535,0.645865554646091
H1_1d_3.jpg,5.323028951809966,0.0,1.4165891783567135,0.6975397855400992
H1_1d_4.jpg,5.405523654562217,0.0,1.4306813627254509,0.6855098170092033
H1_1d_5.jpg,5.654883771917759,0.0,1.4788657314629257,0.6754913706582977
H1_1d_6.jpg,5.216711953714156,0.0,1.478076152304609,0.6742256851240835
H1_1d_7.jpg,4.625017983907387,0.0,0.9396753507014028,0.742053917975635
H1_1d_8.jpg,5.052663020665445,0.0,1.0144408817635269,0.7337978815323469
H1_1d_9.jpg,5.58620595487414,0.0,1.1889218436873743,0.7014670684946243
H1_20a_1.jpg,5.041957358872028,0.0,1.762681362725451,0.6594989913169047
H1_20a_2.jpg,5.23430367405012,0.0,1.9070621242484966,0.6506666230472468
H1_20a_3.jpg,5.625364779320623,0.0,2.346501002004008,0.6114254699909194
H1_20a_4.jpg,5.886365829014447,0.0,2.0045290581162325,0.6384942708956112
H1_20a_5.jpg,5.639102288057866,0.0,2.2568136272545085,0.6083571951775332
H1_20a_6.jpg,5.28333015307228,0.0,1.9315751503006013,0.6479007237485185
H1_20a_7.jpg,5.734455281786192,0.0,2.292196392785571,0.6213724752988252
H1_20a_8.jpg,5.6822291486103955,0.0,3.595691382765531,0.5455922178719551
H1_20a_9.jpg,5.672068264614079,0.0,3.6859839679358726,0.5387362150373087
H1_20b_1.jpg,5.030925427262331,0.0,2.9027815631262524,0.5884761891752379
H1_20b_10.jpg,5.792344957467985,0.0,2.755595190380762,0.5818362170360893
H1_20b_11.jpg,5.4907600976746975,0.0,3.854881763527054,0.5420728021267092
H1_20b_12.jpg,5.5374245274301925,0.0,3.8207535070140284,0.5420543904071564
H1_20b_13.jpg,6.070230186207811,0.0,3.130448897795592,0.5748589328119578
H1_20b_14.jpg,5.709540971988408,0.0,2.5297474949899796,0.5999793083014746
H1_20b_15.jpg,5.5147334181841074,0.0,3.8718396793587178,0.5481767683582051
H1_20b_16.jpg,5.590697871351752,0.0,3.9800641282565135,0.536995210487728
H1_20b_2.jpg,5.312675708520256,0.000484,3.737643286573147,0.56566270838739
H1_20b_3.jpg,5.944821180168339,0.00014,5.155511022044088,0.5007793325817448
H1_20b_4.jpg,5.901739878606208,9.6e-05,4.4908416833667335,0.5202506146244816
H1_20b_5.jpg,5.1351764203492225,0.0,2.385130260521042,0.6149041775325483
H1_20b_6.jpg,5.971087857273372,0.001296,6.279927855711422,0.5014225277283064
H1_20b_7.jpg,5.877508505550505,0.0005,3.9827575150300607,0.5421996187301508
H1_20b_8.jpg,5.720621752682056,0.0,3.26602004008016,0.5576238260807893
H1_20b_9.jpg,6.080018139360882,0.0,3.3787174348697393,0.5631427398007935
H1_20c_1.jpg,5.0498424796827726,0.0,2.411182364729459,0.6267844433599444
H1_20c_10.jpg,5.3551079422821495,0.0,2.538821643286573,0.6037779199616896
H1_20c_11.jpg,6.2586262496483,0.0,3.842264529058116,0.5221023191445099
H1_20c_12.jpg,6.0829066085322285,0.0,4.88712625250501,0.48999932386011474
H1_20c_13.jpg,5.499092815129938,0.0,3.291070140280561,0.577521491509873
H1_20c_14.jpg,5.387334983461954,0.0,2.227486973947896,0.6221142209888239
H1_20c_15.jpg,5.7432971477892325,0.0,3.154384769539078,0.5663688031692813
H1_20c_16.jpg,5.982985873880228,0.0,4.517527054108217,0.4957201467782958
H1_20c_2.jpg,6.3198869650130955,0.0,4.115827655310621,0.5165833233451862
H1_20c_3.jpg,6.010549893843244,0.0,3.435014028056113,0.5456858264549467
H1_20c_4.jpg,5.349707845559917,0.0,2.541062124248498,0.6139610069898528
H1_20c_5.jpg,5.594021875293,0.0,4.018949899799599,0.5294613032190185
H1_20c_6.jpg,6.062400197348508,0.0,2.234817635270541,0.6080485796581055
H1_20c_7.jpg,4.8662753623365695,0.0,1.7963887775551106,0.6720216535298467
H1_20c_8.jpg,5.633632460077814,0.0,2.949815631262525,0.5889939557732344
H1_20c_9.jpg,5.264506248214717,0.0,2.5932064128256513,0.6039778433625045
H1_21a_1.jpg,5.46529993451852,0.0,1.6575190380761522,0.6543450423379147
H1_21a_10.jpg,5.166276777929786,0.0,1.4728256513026055,0.6729303815431293
H1_21a_11.jpg,4.753806307365578,0.0,1.251935871743487,0.7039673293773433
H1_21a_12.jpg,4.678359242260056,0.0,1.1836232464929854,0.7135276555819006
H1_21a_13.jpg,4.53256172751772,0.0,1.2864448897795593,0.7030987809350122
H1_21a_14.jpg,5.024962109983319,0.0,1.3912024048096188,0.6823223753965382
H1_21a_15.jpg,4.635086668506198,0.0,1.1507174348697395,0.7190952221870751
H1_21a_16.jpg,4.60073342560482,0.0,1.1080360721442886,0.7217490707602227
H1_21a_2.jpg,4.984871648624866,0.0,1.2649619238476955,0.7028225686423656
H1_21a_3.jpg,4.898047867632814,0.0,1.2759799599198396,0.7020577622261651
H1_21a_4.jpg,4.9023074754625116,0.0,1.1985931863727455,0.7114203546071284
H1_21a_5.jpg,5.162635138765641,0.0,1.3203527054108217,0.696364177686692
H1_21a_6.jpg,4.986431448194732,0.0,1.3690781563126253,0.6832017669507591
H1_21a_7.jpg,5.061442366822401,0.0,1.2910981963927857,0.7078488623661173
H1_21a_8.jpg,5.286323194547929,0.0,1.2530380761523046,0.7090577421400684
H1_21a_9.jpg,4.3523001302264275,0.0,1.3415951903807615,0.6945197496193118
H1_224a_1.jpg,6.139615434299554,0.01144,19.500324649298594,0.2838931948854305
H1_224a_2.jpg,6.048226946341717,0.006748,16.592921843687375,0.3012126663418354
H1_224a_3.jpg,6.1391033401107,0.011628,19.931486973947894,0.2809031171741121
H1_224a_4.jpg,6.048764035417974,0.007296,16.985002004008017,0.29782009434370027
H1_224b_1.jpg,5.9245703517586055,0.003448,15.95932264529058,0.29442045204437045
H1_224b_2.jpg,5.9132193357942375,0.004012,15.915418837675354,0.29575859064413695
H1_224b_3.jpg,5.92328487097803,0.00372,15.707947895791587,0.29773217212501557
H1_224b_4.jpg,5.910488802049102,0.0044,15.628496993987975,0.29945204777224277
H1_22a_1.jpg,4.8245675715398155,0.0,1.1316673346693387,0.7224418936465933
H1_22a_10.jpg,4.70325374853301,0.0,1.0255110220440882,0.7330382174286036
H1_22a_11.jpg,4.811482222438443,0.0,1.0298917835671344,0.7375443406689517
H1_22a_12.jpg,5.361994249221499,0.0,1.449943887775551,0.6926323090509978
H1_22a_13.jpg,4.947419059866937,0.0,1.2145771543086175,0.7232111311720381
H1_22a_14.jpg,4.933086821422862,0.0,1.0577314629258516,0.7271446011423859
H1_22a_15.jpg,5.3503563848161955,0.0,1.816981963927856,0.6435369506547884
H1_22a_16.jpg,4.948453292655051,0.0,1.1546052104208417,0.7169325935994181
H1_22a_17.jpg,5.175691746455846,0.0,1.3874749498997994,0.6953602755676364
H1_22a_18.jpg,5.480997125990298,0.0,1.6413947895791583,0.6558660632424271
H1_22a_19.jpg,4.091258657411903,0.0,0.6915470941883768,0.797069614020462
H1_22a_2.jpg,5.249899700130461,0.0,1.4854188376753508,0.6739795450130899
H1_22a_20.jpg,4.6770692018754545,0.0,1.0701002004008016,0.7377205836726116
H1_22a_21.jpg,5.270308302867667,0.0,1.4205971943887776,0.6867998631412294
H1_22a_22.jpg,5.754593859722443,0.0,1.875170340681363,0.6356055419742843
H1_22a_23.jpg,6.0395019394517515,0.0,3.03386372745491,0.5838817869174898
H1_22a_24.jpg,6.138246516345175,0.0,2.968673346693387,0.5840609771993974
H1_22a_3.jpg,5.554872293037218,0.0,1.792112224448898,0.6603220849925782
H1_22a_4.jpg,4.749070999168067,0.0,1.0811583166332668,0.7241015818926133
H1_22a_5.jpg,5.413245055251053,0.0,1.7577875751503007,0.6476329479948003
H1_22a_6.jpg,5.710846277806317,0.0,2.092953907815631,0.6245841369491885
H1_22a_7.jpg,5.310603405600231,0.0,1.214937875751503,0.7194682069277744
H1_22a_8.jpg,5.185787064873891,0.0,1.4877394789579155,0.6960844724467794
H1_22a_9.jpg,5.239339681305294,0.0,1.5581122244488976,0.6659097152543557
H1_22b_1.jpg,5.413134449682624,0.0,1.8601442885771542,0.629790867950307
H1_22b_10.jpg,5.2085123601939936,0.0,1.2388617234468937,0.7040823302176178
H1_22b_11.jpg,5.137911490028519,0.0,1.1646012024048096,0.7089849561347664
H1_22b_12.jpg,3.8755319582377723,0.0,0.7803967935871744,0.7700739302746374
H1_22b_13.jpg,5.388747974618536,0.0,1.7051182364729458,0.6688512900583077
H1_22b_14.jpg,4.205298061837019,0.0,0.9000881763527053,0.7523829037815832
H1_22b_15.jpg,4.8052714177264475,0.0,1.1452224448897794,0.7119601403834704
H1_22b_16.jpg,4.919716967553748,0.0,0.9113186372745491,0.7460182942370243
H1_22b_17.jpg,4.948561261735262,0.0,1.0007414829659318,0.7384964051792057
H1_22b_18.jpg,5.34352382551752,0.0,1.2902765531062128,0.7040966913915415
H1_22b_19.jpg,5.014449125836826,0.0,1.0089018036072144,0.7368638970627174
H1_22b_2.jpg,5.466829909519577,0.0,1.6161523046092183,0.660816443794455
H1_22b_20.jpg,5.367233138011009,0.0,1.5746533066132267,0.6636527119184591
H1_22b_3.jpg,5.675467665195364,0.0,1.88050501002004,0.6422021174699302
H1_22b_4.jpg,4.906690533145703,0.0,1.1539719438877756,0.7188007958355516
H1_22b_5.jpg,5.088483327426077,0.0,1.3138236472945892,0.6930138168962907
H1_22b_6.jpg,4.803777873525325,0.0,0.9093026052104209,0.7532999501362106
H1_22b_7.jpg,5.064503523290281,0.0,1.209867735470942,0.7130902994496118
H1_22b_8.jpg,4.958942754598842,0.0,1.2533867735470943,0.7035400452787269
H1_22b_9.jpg,4.789379352357885,0.0,1.0704128256513026,0.7297097827768106
H1_22c_1.jpg,5.216481849712139,0.002,1.4142605210420842,0.6981756144772204
H1_22c_10.jpg,4.505541972820255,0.0,1.021879759519038,0.7408192403629786
H1_22c_11.jpg,5.944989168615757,0.0,2.6742084168336673,0.5796074170379724
H1_22c_12.jpg,6.037496314727487,0.0,2.678436873747495,0.5728689739971778
H1_22c_13.jpg,5.237305755746394,0.0,1.190661322645291,0.7121321477548777
H1_22c_14.jpg,4.014572089858421,0.0,0.8779398797595191,0.7602405758358096
H1_22c_15.jpg,4.7861719679079044,0.0,1.0448496993987975,0.7331245317846924
H1_22c_16.jpg,5.735802967268297,0.0,1.6280280561122245,0.6618274737704852
H1_22c_17.jpg,6.039223228917859,0.0,2.1957715430861717,0.6050111085523491
H1_22c_18.jpg,6.116664197025612,0.0,2.4083807615230457,0.5948413979292624
H1_22c_19.jpg,5.557592094707427,0.0,1.272496993987976,0.7017455257905397
H1_22c_2.jpg,5.509961612652864,0.002,1.3212344689378757,0.6873349472253574
H1_22c_20.jpg,5.044740632191422,0.0,1.131563126252505,0.7231032357166991
H1_22c_21.jpg,4.944603490264188,0.0,1.1951623246492986,0.7166262429461303
H1_22c_22.jpg,5.200169915353622,0.0,1.6422124248496994,0.6820042291965198
H1_22c_23.jpg,5.657565317601223,0.0,1.4532264529058112,0.6726230529851489
H1_22c_24.jpg,5.515629017157545,0.0,1.3205250501002004,0.6843413120795487
H1_22c_3.jpg,5.014711676335598,0.002,1.5484649298597195,0.6830370993244627
H1_22c_4.jpg,4.793949231357258,0.002,1.1607895791583167,0.7139221196852902
H1_22c_5.jpg,5.953382901479081,0.002,2.58838877755511,0.5748436315451992
H1_22c_6.jpg,5.803198427867619,0.002,2.1495070140280563,0.6040747890510212
H1_22c_7.jpg,4.39041532657457,0.0,0.9488136272545089,0.7545492265340438
H1_22c_8.jpg,4.8558599300431755,0.0,1.1543527054108216,0.7193259909872531
H1_22c_9.jpg,5.082966350198819,0.0,1.2907334669338677,0.7003104158795453
H1_22d_1.jpg,4.09220027908528,0.0,0.8687174348697396,0.7600640959547749
H1_22d_10.jpg,5.759227833929806,0.0,2.1116953907815628,0.6227222760944972
H1_22d_11.jpg,4.497044127562955,0.0,1.0993466933867733,0.7351594368900429
H1_22d_12.jpg,3.5429981342493924,0.0,0.8086533066132263,0.7678621527577706
H1_22d_13.jpg,4.592517681431688,0.0,1.04112625250501,0.7327135077093568
H1_22d_14.jpg,5.501465652206591,0.0,1.3118597194388777,0.6958980314994434
H1_22d_15.jpg,4.344390656789516,0.0,0.8130541082164329,0.7684134200152061
H1_22d_16.jpg,4.377637606258875,0.0,0.9710901803607217,0.7465599191004727
H1_22d_17.jpg,4.203915134605242,0.0,0.981498997995992,0.7408574802523553
H1_22d_18.jpg,3.8991699094305816,0.0,0.7373667334669339,0.7829958129779633
H1_22d_19.jpg,5.375652800134087,0.0,1.6322164328657314,0.6917435502074624
H1_22d_2.jpg,4.872724865096497,0.0,1.2836032064128258,0.7049946859922809
H1_22d_20.jpg,4.203002986814433,0.0,0.8720921843687375,0.7732629583471435
H1_22d_3.jpg,5.633798992132054,0.0,1.7780120240480963,0.6672087626589704
H1_22d_4.jpg,5.571529940816858,0.0,1.3002364729458917,0.6961265792919894
H1_22d_5.jpg,5.713283413042591,0.0,1.633927855711423,0.6775277138165002
H1_22d_6.jpg,5.551758495180191,0.0,1.6959879759519036,0.6612759440137957
H1_22d_7.jpg,4.2403947962234225,0.0,0.9164769539078157,0.7481216342924795
H1_22d_8.jpg,4.5996850544631,0.0,0.9717434869739479,0.7393198462221313
H1_22d_9.jpg,5.4756424591615,0.0,1.3634909819639278,0.6838562714688671
H1_23a_1.jpg,4.578308752083948,0.0,1.2141242484969939,0.7070841562286212
H1_23a_10.jpg,5.126217524277023,0.0,1.543687374749499,0.666639518866621
H1_23a_11.jpg,5.3478080682693285,0.0,1.8559919839679357,0.6392526143557477
H1_23a_12.jpg,5.347435203564705,0.0,1.9053947895791583,0.6324101619574967
H1_23a_13.jpg,4.074190826344641,0.0,1.2388376753507016,0.7114010732686007
H1_23a_14.jpg,4.569241535191998,0.0,1.4217715430861726,0.6831121205074975
H1_23a_15.jpg,5.342841733016121,0.0,1.855995991983968,0.6458602020867016
H1_23a_16.jpg,4.738214685890635,0.0,1.5995270541082163,0.667644542039439
H1_23a_2.jpg,4.513304420616862,0.0,1.206076152304609,0.7036964232529203
H1_23a_3.jpg,3.7428316350860062,0.0,1.2632905811623247,0.6987193128258797
H1_23a_4.jpg,3.9205759058088443,0.0,1.2301282565130263,0.7047957494818025
H1_23a_5.jpg,4.991522703343317,0.0,1.768553106212425,0.6565614006699034
H1_23a_6.jpg,5.106990980460633,0.0,1.520689378757515,0.6720850013695256
H1_23a_7.jpg,3.989794578064336,0.0,1.1979238476953906,0.70721332235642
H1_23a_8.jpg,4.658807934937406,0.0,1.4427094188376755,0.6737957024686192
H1_23a_9.jpg,4.0611146734770305,0.0,1.2416593186372744,0.7049314599405462
H1_23b_1.jpg,4.175734091946031,0.0,1.3124609218436873,0.6961030867554804
H1_23b_10.jpg,4.188351197064077,0.0,1.2153547094188377,0.7091416699245032
H1_23b_11.jpg,5.399526699900489,0.0,1.5942805611222446,0.6618886466745332
H1_23b_12.jpg,4.939874445560486,0.0,1.2776553106212425,0.6914323754631759
H1_23b_13.jpg,3.9526920831956738,0.0,1.2752905811623245,0.7029408540922846
H1_23b_14.jpg,3.8022698924121014,0.0,1.0915551102204408,0.7232476374115419
H1_23b_15.jpg,4.792577799978166,0.0,1.7074348697394788,0.6696667493424262
H1_23b_16.jpg,5.335598649301474,0.0,1.8979639278557112,0.6438501917789066
H1_23b_2.jpg,3.9613164948661566,0.0,1.122260521042084,0.7211270379967715
H1_23b_3.jpg,3.9215694064194095,0.0,1.0825771543086171,0.7262251288720372
H1_23b_4.jpg,4.112440733112525,0.0,1.0838917835671344,0.7313312929231863
H1_23b_5.jpg,4.616493040983589,0.0,1.3302885771543087,0.6978104760359272
H1_23b_6.jpg,5.094177927576756,0.0,1.5915671342685371,0.6640009104296201
H1_23b_7.jpg,4.362241570652884,0.0,1.2476673346693388,0.7113724764678353
H1_23b_8.jpg,3.85474464038677,0.0,1.032440881763527,0.7310525174824022
H1_23b_9.jpg,3.6857964085070396,0.0,1.2657595190380762,0.6998818512650794
H1_24a_1.jpg,5.545455139126938,0.0,5.248541082164329,0.48889029027461595
H1_24a_10.jpg,5.257271448644178,0.0,2.7413547094188377,0.6057659715360897
H1_24a_11.jpg,6.144346033322548,0.0,2.8595470941883767,0.5778322834877627
H1_24a_12.jpg,5.917134093989174,0.0,2.9585410821643285,0.5777833896618316
H1_24a_13.jpg,5.236229287385173,7.6e-05,3.7163567134268534,0.5725817695635007
H1_24a_14.jpg,5.3790926492284585,0.0,2.449835671342685,0.6131024067290052
H1_24a_15.jpg,6.131782725037139,0.0,2.2894028056112226,0.6125180427766401
H1_24a_16.jpg,5.553000984085581,0.0,2.37372745490982,0.6164029531583526
H1_24a_2.jpg,5.512322025590431,0.0,4.211214428857716,0.5290768653376228
H1_24a_3.jpg,5.318506051729914,0.0,3.261370741482966,0.5702039643793623
H1_24a_4.jpg,5.628938493402837,0.0,3.2188296593186374,0.5689643520597616
H1_24a_5.jpg,5.391703787314091,0.0,3.5727575150300597,0.5610638482477943
H1_24a_6.jpg,5.051425105914344,0.0,2.942196392785571,0.5862409178189116
H1_24a_7.jpg,5.322740443059409,0.0,2.6865090180360722,0.6002495119764493
H1_24a_8.jpg,6.557203517967733,0.0,5.044240480961923,0.48260179149617866
H1_24a_9.jpg,5.241913907435832,0.0,3.8451342685370746,0.5641138279838945
H1_24b_1.jpg,4.87835144123816,0.0,1.9725571142284566,0.643777566072386
H1_24b_10.jpg,5.06617007405901,0.0,2.6232304609218433,0.5944977421627081
H1_24b_11.jpg,5.075540862465058,0.0,3.100360721442886,0.5894598219268373
H1_24b_12.jpg,5.104528483083151,0.0,2.766,0.5930337928709934
H1_24b_13.jpg,5.127595685637858,6e-05,3.416360721442886,0.5726211150790023
H1_24b_14.jpg,4.9516130884667895,0.0,2.8247134268537066,0.5915215603273816
H1_24b_15.jpg,4.974246754965561,0.0,2.84363126252505,0.5943936660877113
H1_24b_16.jpg,5.088669207845674,0.0,2.9686132264529057,0.6057570119259141
H1_24b_17.jpg,5.125666370174521,0.0,2.6340320641282564,0.5975694551794075
H1_24b_18.jpg,5.1779801014289495,6.4e-05,3.261779559118237,0.5821227084655977
H1_24b_19.jpg,4.955832428291513,0.0,2.6954709418837677,0.5947812846739728
H1_24b_2.jpg,5.101837132211233,0.0,2.245042084168337,0.6130211393836693
H1_24b_20.jpg,4.962965002569704,0.0,2.6925611222444896,0.6015890795377484
H1_24b_3.jpg,5.294523586632247,0.0,2.954613226452906,0.584691958111356
H1_24b_4.jpg,5.273802443034529,0.0,3.1805651302605207,0.5680124488562368
H1_24b_5.jpg,5.288449323674573,0.0,3.1916513026052096,0.5651845389326291
H1_24b_6.jpg,5.250159523888558,0.0,3.0124248496993986,0.5744183986010027
H1_24b_7.jpg,5.248121985659391,0.0,2.6693466933867733,0.5790632150222192
H1_24b_8.jpg,5.189053966612921,0.0,2.8256032064128256,0.5951043072112341
H1_24b_9.jpg,5.018925368514173,0.0,2.619743486973948,0.594510113969351
H1_25a_1.jpg,5.685687765588897,0.0,3.74516633266533,0.5395659232041583
H1_25a_10.jpg,5.165618000174875,0.0,3.992312625250501,0.5410648549211841
H1_25a_11.jpg,5.211915084184015,0.0,5.11709018036072,0.49732561004715536
H1_25a_12.jpg,5.224296172979671,0.0,5.071182364729458,0.4982668697082898
H1_25a_13.jpg,5.8407916438697125,0.0,7.354865731462924,0.4583922028191662
H1_25a_14.jpg,5.155101324315119,0.0,3.728048096192385,0.5491470117576585
H1_25a_15.jpg,5.2250271660683225,0.0,4.862288577154308,0.503889984911798
H1_25a_16.jpg,5.240759599862713,0.0,4.998188376753506,0.49837710765575816
H1_25a_2.jpg,5.430635317552195,0.0,2.9024088176352705,0.5859084885831033
H1_25a_3.jpg,5.281196773065592,0.0,4.40691382765531,0.5287724345876743
H1_25a_4.jpg,5.252662413341862,0.0,4.295238476953908,0.5293573869775288
H1_25a_5.jpg,5.430384834240603,0.0,4.47498997995992,0.5165270508404903
H1_25a_6.jpg,5.169549857581099,0.0,3.783983967935872,0.5432607083392882
H1_25a_7.jpg,5.3631542822903375,0.0,4.277971943887776,0.538522830481064
H1_25a_8.jpg,5.333531697478703,0.0,4.2042765531062125,0.532529834948813
H1_25a_9.jpg,5.799786712180328,0.0,7.487675350701402,0.4517343649740978
H1_25b_1.jpg,5.667852065075288,0.0,6.642104208416834,0.4706306344689873
H1_25b_10.jpg,5.509803991900966,0.0,5.6303727454909795,0.4677703962616316
H1_25b_11.jpg,5.480183329240515,0.000184,5.4948016032064135,0.49092984832281517
H1_25b_12.jpg,5.54818448537061,0.000252,5.432777555110221,0.4859261879580609
H1_25b_2.jpg,5.149301752322283,0.0,4.113987975951903,0.5359965791989624
H1_25b_3.jpg,5.209802681416697,0.0,5.25301002004008,0.4967067057692256
H1_25b_4.jpg,5.103553084142354,1.6e-05,4.387030060120241,0.5289891995681052
H1_25b_5.jpg,5.822945144393356,0.000244,7.132408817635271,0.47027089657860544
H1_25b_6.jpg,5.754266778913861,0.0,5.476741482965932,0.4907411139812355
H1_25b_7.jpg,5.4183722716730225,0.0,4.686521042084169,0.5073258288850613
H1_25b_8.jpg,5.357009671924821,0.0,4.169875751503007,0.5201419475657315
H1_25b_9.jpg,5.532083452452497,4.4e-05,5.10838877755511,0.4985400711758457
H1_25c_1.jpg,5.031953265284196,0.0,4.033478957915832,0.5335261663361067
H1_25c_2.jpg,5.113523565451467,0.0,4.123787575150301,0.5269934360518799
H1_25c_3.jpg,4.833440568528063,0.0,3.1548456913827656,0.5696453887901323
H1_25c_4.jpg,5.26701434932544,0.0,3.2481723446893787,0.5689603065160612
H1_25c_5.jpg,5.083861619047066,0.0,3.4065731462925855,0.5607265992433602
H1_25c_6.jpg,5.235297081862962,0.0,4.346997995991984,0.5101443907145478
H1_25c_7.jpg,5.278777661283447,0.0,3.310825651302605,0.5649481500974461
H1_25c_8.jpg,5.084622411501815,0.0,3.383374749498998,0.560786949878664
H1_25c_9.jpg,5.227815702125856,0.0,4.351338677354709,0.5110221248946517
H1_26a_1.jpg,4.994919264739057,0.0,3.2916312625250503,0.5787119325724219
H1_26a_10.jpg,5.891304789276519,0.000152,6.038669338677353,0.47746693063964285
H1_26a_11.jpg,6.036660434594034,0.000108,9.065723446893788,0.40446659041490896
H1_26a_12.jpg,6.03618078616522,9.6e-05,8.988296593186373,0.40255505698023286
H1_26a_2.jpg,5.406669749551149,6.4e-05,3.8881482965931857,0.5374888012713774
H1_26a_3.jpg,4.9077163630046075,0.0,3.2573907815631262,0.5824658928298981
H1_26a_4.jpg,4.902808444236255,0.0,3.168188376753507,0.5836600122892461
H1_26a_5.jpg,4.88136626240125,0.0,2.429254509018036,0.6271286086902523
H1_26a_6.jpg,5.886478563237181,0.0,7.252452905811623,0.4528492321759639
H1_26a_7.jpg,5.137175114682124,0.0,3.8817915831663328,0.5550235867634048
H1_26a_8.jpg,5.136713413053069,0.0,3.7485210420841684,0.5549406887437612
H1_26a_9.jpg,5.687300190423815,0.0,5.451114228456913,0.5062081204134592
H1_26b_1.jpg,5.338628269200838,0.0,4.143494989979961,0.5262037181448744
H1_26b_2.jpg,5.569014491299033,0.0,4.445739478957916,0.5058992880848692
H1_26b_3.jpg,5.479869864943865,0.0,4.398985971943888,0.5123764360237474
H1_26b_4.jpg,5.298750711895569,0.0,3.721715430861723,0.5444745960960637
H1_27a_1.jpg,5.323571032125166,0.0,3.6347014028056117,0.5526271881281422
H1_27a_10.jpg,4.647620236605345,0.0,2.8403647294589174,0.5885658582533567
H1_27a_11.jpg,4.108716685790601,0.0,2.5437595190380753,0.6065777947613116
H1_27a_12.jpg,4.116878437757271,0.0,2.424677354709419,0.6071998513969952
H1_27a_2.jpg,4.535385595733405,0.0,2.4951302605210426,0.6046761689133677
H1_27a_3.jpg,4.537327303426988,0.0,3.2978476953907814,0.5714830292725331
H1_27a_4.jpg,4.558881238754741,0.0,3.0055671342685373,0.5841853400407291
H1_27a_5.jpg,4.8434256551349595,0.0,3.0885811623246493,0.5874886874338144
H1_27a_6.jpg,4.270365804744026,0.0,2.3972224448897794,0.6108578089116201
H1_27a_7.jpg,4.958782034536071,0.000428,4.12974749498998,0.5557061807642931
H1_27a_8.jpg,4.9550108429541515,0.000568,3.966945891783567,0.5611881993806715
H1_27a_9.jpg,5.112068493815572,0.0,3.6206693386773545,0.5504416092835931
H1_27b_1.jpg,5.409283925510616,0.0,3.8421242484969946,0.5330455768576876
H1_27b_10.jpg,4.681108474546425,0.0,2.9860480961923845,0.5771234211467935
H1_27b_11.jpg,4.2024222478874576,0.0,2.789935871743487,0.5932472261776106
H1_27b_12.jpg,4.467264488364279,0.0,2.4376793587174346,0.614833889327804
H1_27b_13.jpg,4.049631440942101,0.0,2.3732264529058114,0.6176751103797472
H1_27b_14.jpg,4.529745672560127,0.0,2.4316593186372746,0.6046938147667006
H1_27b_15.jpg,4.137447952526113,0.0,2.5614589178356715,0.6130004174190447
H1_27b_16.jpg,4.459811681314928,0.0,2.420392785571142,0.6119759499382134
H1_27b_2.jpg,5.096374495885853,0.0,3.260981963927856,0.5604626738025971
H1_27b_3.jpg,4.704121346107068,0.0,3.8523446893787585,0.549621233544912
H1_27b_4.jpg,4.7607358699502305,0.0,3.1111342685370746,0.5740006020651779
H1_27b_5.jpg,5.654957713665185,0.0,2.8447094188376756,0.5822964719253954
H1_27b_6.jpg,4.474656514098559,0.0,2.696056112224449,0.5894012605245593
H1_27b_7.jpg,4.261721936624879,0.0,2.809975951903808,0.588722733229511
H1_27b_8.jpg,5.050114979969436,0.0,4.504585170340681,0.5384915804972229
H1_27b_9.jpg,4.64252870443997,0.0,2.7822124248496998,0.5877798083834862
H1_28a_1.jpg,4.981766377525716,0.0,3.675374749498998,0.5459923174500844
H1_28a_2.jpg,5.065956586948928,0.0,3.3582845691382763,0.5604477052398151
H1_28a_3.jpg,4.7207321003559155,0.0,2.397322645290581,0.6139663402253182
H1_28a_4.jpg,4.774881382198944,0.0,3.0743607214428854,0.5747723973389389
H1_28a_5.jpg,5.111515575690229,0.0,3.0594428857715426,0.5772284653002218
H1_28a_6.jpg,4.510904361701504,0.0,2.3746533066132263,0.6111778528757082
H1_28a_7.jpg,3.8506415006504926,0.0,2.654452905811623,0.598160320407385
H1_28a_8.jpg,4.073103530471693,0.0,2.3195470941883767,0.6088807599046216
H1_28a_9.jpg,3.891088363725815,0.0,2.319555110220442,0.6130990806747683
H1_28b_1.jpg,4.252365544653495,0.0,2.5176112224448897,0.604030015744615
H1_28b_2.jpg,4.330741553160677,0.0,2.800448897795591,0.5832344155378473
H1_28b_3.jpg,4.322397819894342,0.0,2.8699438877755514,0.5765691638103497
H1_28b_4.jpg,4.9248215410575344,0.0,2.8401162324649296,0.5852015383357245
H1_28b_5.jpg,5.149618461371473,0.0,3.0648176352705416,0.5685087167745086
H1_28b_6.jpg,4.694839286982845,0.0,3.00209619238477,0.570182421016828
H1_28b_7.jpg,4.558799930814968,0.0,2.626348697394789,0.5998090938999965
H1_28b_8.jpg,4.328587304581718,0.0,2.774120240480962,0.5866998159053105
H1_28b_9.jpg,3.9407823391819403,0.0,2.6801202404809623,0.5881667759074795
H1_28c_1.jpg,4.190562380765683,0.0,2.8811703406813627,0.5716221160409717
H1_28c_2.jpg,4.162085342090884,0.0,2.343919839679359,0.6132396079776018
H1_28c_3.jpg,4.3034806972481485,0.0,2.3064889779559117,0.610029033486356
H1_28c_4.jpg,4.39039993626647,0.0,2.5040480961923843,0.6049878830203328
H1_28c_5.jpg,4.736828992400652,0.0,2.3109659318637266,0.6079455282560098
H1_28c_6.jpg,4.749264759178593,0.0,2.4872745490981965,0.5965654202163408
H1_28c_7.jpg,4.293038894852655,0.0,2.3777635270541086,0.6123097564608134
H1_28c_8.jpg,4.515074553559744,0.0,2.403306613226453,0.6072521456542659
H1_28c_9.jpg,4.12130472582288,0.0,2.3554669338677345,0.6098587302435462
H1_29a_1.jpg,4.195895172198806,0.0,0.652120240480962,0.7871620993926215
H1_29a_10.jpg,5.24770332727867,0.0,0.9761803607214429,0.7367938376761688
H1_29a_11.jpg,4.317572631118437,0.0,0.714997995991984,0.7757850365664799
H1_29a_12.jpg,4.256684232688883,0.0,0.6524408817635271,0.7850515628590717
H1_29a_13.jpg,5.492117305048001,0.0,0.9587535070140281,0.7324149326725431
H1_29a_14.jpg,5.245578102702559,0.0,0.9602164328657313,0.7415737564354623
H1_29a_15.jpg,4.31176515003821,0.0,0.6774509018036073,0.78404078250644
H1_29a_16.jpg,4.256521244922339,0.0,0.6337835671342685,0.7915566824185482
H1_29a_2.jpg,5.156274337062171,0.0,0.7297274549098197,0.7623824727699253
H1_29a_3.jpg,4.761382274452308,0.0,0.8351943887775553,0.7535855539965831
H1_29a_4.jpg,4.782400623371551,0.0,0.7760160320641282,0.7614802944465604
H1_29a_5.jpg,4.8577230012956525,0.0,0.7579318637274548,0.7703397448581948
H1_29a_6.jpg,5.425443323332939,0.0,0.932012024048096,0.7354859441179575
H1_29a_7.jpg,5.68686566144695,0.0,1.2413947895791584,0.6901107461822887
H1_29a_8.jpg,5.689332470476914,0.0,1.1927975951903804,0.6972844569020188
H1_29a_9.jpg,5.489918217791465,0.0,0.9792224448897795,0.7263005605676496
H1_29b_1.jpg,5.248971079424777,0.0,1.1703927855711422,0.7124749264796659
H1_29b_2.jpg,5.310068649179225,0.0,0.9444569138276552,0.7322730944388471
H1_29b_3.jpg,5.092719696363597,0.0,0.8219038076152303,0.7568167926700569
H1_29b_4.jpg,5.6488566465027565,0.001984,24.94759118236473,0.6649756718470501
H1_29b_5.jpg,5.012538115971735,0.0,0.9390300601202404,0.7385394728602692
H1_29b_6.jpg,5.0897851115727635,0.0,0.9159599198396793,0.7408208847095215
H1_29b_7.jpg,5.176676063027728,0.002,25.736509018036074,0.7181177016402256
H1_29b_8.jpg,3.9714616031238186,0.0,0.6479118236472947,0.7888355409505691
H1_29b_9.jpg,4.359565370932881,0.0,0.6962685370741484,0.7824740468718154
H1_29c_1.jpg,4.616670502932263,0.0,0.7194228456913827,0.7721566743025001
H1_29c_10.jpg,5.771988875356099,0.0,1.0185811623246492,0.7209000088564246
H1_29c_11.jpg,5.246465840336056,0.0,0.8555150300601202,0.7514867667976284
H1_29c_12.jpg,5.174557633176706,0.0,0.8145410821643287,0.752368731210501
H1_29c_13.jpg,5.770135844035357,0.0,1.0914148296593187,0.7048802621557166
H1_29c_14.jpg,5.526922379111286,0.0,0.6742404809619239,0.777267768154629
H1_29c_15.jpg,5.044701445966491,0.0,0.7698476953907815,0.7682867464593213
H1_29c_16.jpg,4.8438786871271935,0.0,0.8510180360721442,0.7534378992293956
H1_29c_17.jpg,4.734879958268542,0.0,0.7009579158316633,0.7756118444510456
H1_29c_18.jpg,4.872274231294606,0.0,0.6872264529058116,0.7807680813994383
H1_29c_19.jpg,5.422847985572311,0.0,0.663382765531062,0.7811893623715572
H1_29c_2.jpg,5.1872770679642795,0.0,0.7655030060120239,0.7602833892807016
H1_29c_20.jpg,5.065148193026327,0.0,0.6191943887775552,0.7924048202164388
H1_29c_3.jpg,4.653256570583668,0.0,0.7710420841683365,0.7667507014224119
H1_29c_4.jpg,5.175434206263155,0.0,0.8479078156312625,0.7436149567176482
H1_29c_5.jpg,5.006449953062374,0.0,0.8515150300601203,0.7464964271894712
H1_29c_6.jpg,4.5367980919122175,0.0,0.7521482965931865,0.7767309734211105
H1_29c_7.jpg,5.288564460272878,0.0,0.9753066132264531,0.7355546720451044
H1_29c_8.jpg,5.921736301899502,0.0,1.0658637274549099,0.7108211162887491
H1_29c_9.jpg,6.255236996536448,0.0,1.2786613226452905,0.6829220098421361
H1_2a_1.jpg,4.683106608930314,0.0,1.0416993987975953,0.7217382772577371
H1_2a_10.jpg,5.843237622784075,0.0,1.5579599198396796,0.6432492768240282
H1_2a_11.jpg,5.776455773297706,0.0,1.6204288577154307,0.6402663026957398
H1_2a_12.jpg,5.331215822514056,0.0,1.302697394789579,0.6791605023769689
H1_2a_13.jpg,5.7878822109963135,0.0,1.5200881763527052,0.6623496383479984
H1_2a_14.jpg,5.780655491524156,0.0,1.3372344689378757,0.6777537066516917
H1_2a_15.jpg,5.521142458847687,0.0,1.4146012024048096,0.6668715052082326
H1_2a_16.jpg,5.432940699481224,0.0,1.3017354709418838,0.6775436365870035
H1_2a_17.jpg,5.839285545885871,0.0,1.5385210420841684,0.657307017683591
H1_2a_18.jpg,5.546142531565755,0.0,1.3675230460921846,0.6747140841545848
H1_2a_19.jpg,5.271578364786032,0.0,1.292709418837675,0.683199007804137
H1_2a_2.jpg,4.411176130687834,0.0,0.9856072144288575,0.7304498969124066
H1_2a_20.jpg,5.529693239895459,0.0,1.3771743486973946,0.6686365801277367
H1_2a_3.jpg,5.661163962067265,0.0,1.425302605210421,0.66772714794832
H1_2a_4.jpg,4.948947697082951,0.0,1.241751503006012,0.6979143303120117
H1_2a_5.jpg,5.15095621223353,0.0,1.41813627254509,0.6733267365537121
H1_2a_6.jpg,5.48754699552177,0.0,1.458741482965932,0.6580834183841029
H1_2a_7.jpg,5.319561291961248,0.0,1.4806573146292585,0.6591056284784609
H1_2a_8.jpg,5.384634800937353,0.0,1.4256713426853709,0.6638623606297561
H1_2a_9.jpg,5.55365603591376,0.0,1.4938917835671341,0.6613382564730451
H1_2b_1.jpg,5.642457078403933,0.0,1.0663727454909822,0.7120687157058698
H1_2b_10.jpg,5.4370322501995405,0.0,1.2028657314629259,0.6930334202180914
H1_2b_11.jpg,5.417068050759113,0.0,1.3478356713426851,0.6794902712390946
H1_2b_12.jpg,5.467881509829328,0.0,1.348513026052104,0.6750021257663054
H1_2b_13.jpg,5.254265153799745,0.0,1.1738076152304608,0.7022299768444853
H1_2b_14.jpg,5.611975819195994,0.0,1.2987054108216434,0.6774845617281531
H1_2b_15.jpg,5.626357823270089,0.0,1.5333987975951904,0.6569614631416115
H1_2b_16.jpg,5.590209516899162,0.0,1.208120240480962,0.6915520851370862
H1_2b_17.jpg,5.2955405931375585,0.0,1.3085410821643286,0.6827171499638075
H1_2b_18.jpg,5.238970913601645,0.0,1.215623246492986,0.6917777993016245
H1_2b_19.jpg,5.045888732204231,0.0,1.0373947895791582,0.7254707464208964
H1_2b_2.jpg,5.740282044825591,0.0,1.359186372745491,0.6669822919911288
H1_2b_20.jpg,5.406926564044017,0.0,1.1030340681362722,0.7048930668961475
H1_2b_21.jpg,5.458897797824563,0.0,1.3572064128256514,0.6796853379666876
H1_2b_22.jpg,5.6733984166977915,0.0,1.247250501002004,0.6876128155232187
H1_2b_23.jpg,5.6355468404659,0.0,1.3718917835671345,0.6760185432326951
H1_2b_24.jpg,5.5293645670794795,0.0,1.2853747494989975,0.6849801510697141
H1_2b_3.jpg,5.952987619264915,0.0,1.5473827655310621,0.6607594234452308
H1_2b_4.jpg,5.662544546305199,0.0,1.2649218436873746,0.6812594571631074
H1_2b_5.jpg,5.549494678464637,0.0,1.4790260521042087,0.658003001730369
H1_2b_6.jpg,5.479573145792948,0.0,1.3706853707414832,0.6688008677643594
H1_2b_7.jpg,5.669373299351092,0.0,1.1948977955911824,0.6995997892213285
H1_2b_8.jpg,5.367968863774445,0.0,1.1223446893787572,0.6972962054609702
H1_2b_9.jpg,5.3899376242672465,0.0,1.3552985971943887,0.6772515019772524
H1_30a_1.jpg,5.938845008088439,0.0,1.848817635270541,0.6280287525636774
H1_30a_2.jpg,6.0962937939899895,0.0,1.6420721442885773,0.6548106587073417
H1_30a_3.jpg,6.188599269877703,0.0,1.7037835671342687,0.6447039722173775
H1_30a_4.jpg,5.757186940448567,0.0,1.5437955911823646,0.6595623124417226
H1_30a_5.jpg,5.980051049181313,0.0,1.6919358717434871,0.6369585560340569
H1_30a_6.jpg,5.254280002191176,0.0,1.3975230460921841,0.6848437206782372
H1_30a_7.jpg,6.300489361526681,0.0,1.522805611222445,0.663602222335233
H1_30a_8.jpg,5.575808794840116,0.0,1.4866132264529055,0.6690831731390793
H1_30a_9.jpg,5.09022066595573,0.0,1.2133907815631264,0.697763525206733
H1_30b_1.jpg,5.856758921860266,0.0,1.8882204408817636,0.6242695548026036
H1_30b_10.jpg,5.817812069988158,0.0,1.9949539078156313,0.6184063972322
H1_30b_11.jpg,6.145627724501211,0.0,2.2750460921843687,0.5924311452993097
H1_30b_12.jpg,6.5878718601344,0.0,2.540180360721443,0.5779827093288543
H1_30b_13.jpg,5.701024811286549,0.002,1.3961042084168338,0.6813346790716286
H1_30b_14.jpg,5.825559960704306,0.002,1.9975430861723447,0.616736130095977
H1_30b_15.jpg,6.139233619751144,0.002,2.2775951903807616,0.5981214479096592
H1_30b_16.jpg,6.549203528481821,0.002,2.4313947895791586,0.5910333278367399
H1_30b_2.jpg,5.411863610052679,0.0,1.4999238476953909,0.6567266840125003
H1_30b_3.jpg,5.420780924441936,0.0,1.6671703406813627,0.6515371765300744
H1_30b_4.jpg,5.724883193866044,0.0,2.0987254509018034,0.6160056825805281
H1_30b_5.jpg,6.25596596208102,0.0,2.051755511022044,0.6121027476442206
H1_30b_6.jpg,6.155321025750113,0.0,1.715002004008016,0.6442319258138942
H1_30b_7.jpg,5.9754182326136265,0.0,1.9938316633266535,0.6221938436638267
H1_30b_8.jpg,5.832789777721023,0.0,2.0635751503006015,0.6178722654094904
H1_30b_9.jpg,5.8445454277649205,0.0,1.5903727454909822,0.6513547462234066
H1_30c_1.jpg,5.759601534088724,0.0,2.218553106212425,0.6022494748470706
H1_30c_10.jpg,5.622155056413186,0.0,1.2895711422845693,0.6923314791387747
H1_30c_11.jpg,5.950832501083394,0.0,1.9667134268537074,0.6148597256693691
H1_30c_12.jpg,5.554798289491341,0.0,1.5195270541082164,0.6672871702559513
H1_30c_13.jpg,6.171067307056868,0.0,1.8842725450901803,0.630927663191668
H1_30c_14.jpg,5.71669232558595,0.0,1.688689378757515,0.6494584285479517
H1_30c_15.jpg,5.273917127319015,0.0,1.229615230460922,0.6930447892288982
H1_30c_16.jpg,5.857762182900573,0.0,1.703170340681363,0.6443420896363687
H1_30c_17.jpg,5.444289759661778,0.0,1.3053987975951904,0.6922046552493959
H1_30c_18.jpg,5.7114275399654115,0.0,1.3594348697394787,0.6850532467768711
H1_30c_19.jpg,5.060076730583832,0.0,1.217266533066132,0.7011829485296935
H1_30c_2.jpg,6.524324851717551,0.0,2.118817635270541,0.6071110414116286
H1_30c_20.jpg,4.982499063139466,0.0,1.1636432865731463,0.7130477709912783
H1_30c_21.jpg,5.961168854264896,0.0,1.6247815631262523,0.6494802733529529
H1_30c_22.jpg,5.533189096172295,0.0,1.4223647294589177,0.685987100503229
H1_30c_23.jpg,5.516814752633171,0.0,1.4122965931863725,0.6849651232463883
H1_30c_24.jpg,4.961260185034821,0.0,1.166677354709419,0.7094465000135867
H1_30c_25.jpg,4.901511008630807,0.0,1.137426853707415,0.7188425260231424
H1_30c_3.jpg,5.050938153998215,0.0,1.3628496993987973,0.6930142874099081
H1_30c_4.jpg,5.2886518436482595,0.0,1.2313306613226453,0.6864269614429372
H1_30c_5.jpg,5.171280726420277,0.0,1.0795190380761523,0.7120350216288918
H1_30c_6.jpg,6.052838704776503,0.0,2.21829258517034,0.6014067177059264
H1_30c_7.jpg,6.115980032324825,0.0,2.40011623246493,0.5846681347521376
H1_30c_8.jpg,5.869981436471766,0.0,1.6155310621242487,0.6605619876627605
H1_30c_9.jpg,5.87314610027157,0.0,1.6198356713426851,0.6484133342015358
H1_31a_1.jpg,3.4828521943642707,0.0,1.5997114228456917,0.6591045388626446
H1_31a_10.jpg,5.367864170129307,0.0,2.130100200400802,0.6172229030345874
H1_31a_11.jpg,5.822319570329156,0.0,2.925278557114229,0.5595609131926448
H1_31a_12.jpg,5.802607548915558,0.0,2.142553106212425,0.6054681925315382
H1_31a_13.jpg,6.2592797570892165,0.0,2.482985971943888,0.578184521121094
H1_31a_14.jpg,3.863869455092131,0.0,1.661995991983968,0.6518748030239216
H1_31a_15.jpg,4.42869019295527,0.0,1.5632625250501004,0.6571906334760906
H1_31a_16.jpg,6.135631644886629,0.0,3.4229418837675354,0.5422057316064771
H1_31a_17.jpg,5.922592197628794,0.0,2.0054188376753506,0.6121007746674687
H1_31a_18.jpg,6.404754100055728,0.0,2.4241002004008014,0.5851176982752935
H1_31a_19.jpg,6.437745166656157,0.0,2.3728897795591184,0.5866048264453041
H1_31a_2.jpg,3.445466787921127,0.0,1.5202284569138274,0.6662490401790695
H1_31a_20.jpg,6.325955364517808,0.0,1.8902605210420842,0.6227561798771892
H1_31a_21.jpg,6.2863889679821465,0.0,2.847430861723447,0.5691168891358707
H1_31a_22.jpg,6.121512903674951,0.0,1.9145571142284572,0.6182828624492436
H1_31a_23.jpg,6.373534399602305,0.0,2.0951503006012024,0.6070237594552652
H1_31a_24.jpg,6.397338025668383,0.0,2.5587174348697395,0.5673443421497414
H1_31a_25.jpg,6.6077395367565375,0.0,2.111875751503006,0.5971982772296972
H1_31a_3.jpg,3.53028116768951,0.0,1.7106653306613222,0.6506639128619599
H1_31a_4.jpg,3.455960965550322,0.0,1.5289859719438876,0.6619745641712694
H1_31a_5.jpg,3.486836984136302,0.0,1.5709579158316633,0.6571711513981201
H1_31a_6.jpg,4.887746171571595,0.0,2.057731462925852,0.6307456928804428
H1_31a_7.jpg,5.106123106772496,0.0,1.875511022044088,0.6361239174720766
H1_31a_8.jpg,6.01848816935451,0.0,2.5126492985971947,0.5886469768930105
H1_31a_9.jpg,5.453373334480973,0.0,2.4329779559118236,0.5949301893838739
H1_31b_1.jpg,6.0921961700391964,0.0,2.7365290581162323,0.5585621001421286
H1_31b_10.jpg,6.382198312482758,0.0,4.193811623246493,0.4901836731712157
H1_31b_11.jpg,5.95742423345772,0.0,3.439891783567134,0.537743466619415
H1_31b_12.jpg,5.694580337819514,0.0,2.339519038076152,0.5891605966241609
H1_31b_13.jpg,5.915874365867013,0.0,2.662260521042084,0.5686427034267404
H1_31b_14.jpg,6.466878708772732,0.0,4.652356713426854,0.47451839511997934
H1_31b_15.jpg,6.204520879115195,0.0,3.740324649298597,0.5265410516843511
H1_31b_16.jpg,5.83566074819124,0.0,2.141751503006012,0.6028502150136246
H1_31b_2.jpg,6.337461854102632,0.0,2.5370420841683368,0.5836299484408014
H1_31b_3.jpg,3.6917277530603525,0.0,1.534460921843687,0.6664501148679035
H1_31b_4.jpg,3.800598058602116,0.0,1.5633627254509017,0.6623763386202921
H1_31b_5.jpg,6.459152609335805,0.0,2.6616913827655306,0.5599624012450178
H1_31b_6.jpg,6.392154533985565,0.0,3.296609218436874,0.5211513699839687
H1_31b_7.jpg,5.490021039743165,0.0,2.440180360721443,0.5991800507019501
H1_31b_8.jpg,5.560806975231739,0.0,2.363058116232465,0.6017647185057382
H1_31b_9.jpg,6.065228461181013,0.0,2.211915831663327,0.5940412418600405
H1_32a_1.jpg,2.9293444706979526,0.0,1.454080160320641,0.7056277775825653
H1_32a_2.jpg,3.844276426817186,0.0,1.5310701402805607,0.6953516032392673
H1_32a_3.jpg,4.020792236209163,0.0,1.5128376753507011,0.6927954238048333
H1_32a_4.jpg,3.9754552921971342,0.0,1.940124248496994,0.6712654330940359
H1_32a_5.jpg,3.882301388425271,0.0,1.600869739478958,0.688358447213591
H1_32a_6.jpg,3.9185764459341748,0.0,1.6935190380761524,0.6867475429755907
H1_32a_7.jpg,4.007186647064175,0.0,1.9156112224448896,0.6738193360577598
H1_32a_8.jpg,3.927122542212308,0.0,1.5534709418837678,0.6924830203002073
H1_32a_9.jpg,3.9627687781893717,0.0,1.672977955911824,0.6876908433790199
H1_33a_1.jpg,5.11091656513756,0.0,3.3649298597194393,0.5612156265926127
H1_33a_10.jpg,4.908806814010874,0.0,3.0386973947895792,0.5626052338213989
H1_33a_11.jpg,4.590260076335093,0.0,3.121362725450902,0.5644238782324732
H1_33a_12.jpg,4.582034267943409,0.0,3.0823046092184367,0.5662029072526304
H1_33a_13.jpg,4.873237397257559,0.0,2.5961963927855707,0.5966589273739452
H1_33a_14.jpg,4.918095126180567,0.0,2.8503286573146296,0.5720352777269608
H1_33a_15.jpg,4.53546147798978,0.0,2.8187134268537077,0.5829694543501948
H1_33a_16.jpg,4.516384797106641,0.0,2.816941883767534,0.5780193255100856
H1_33a_2.jpg,4.721307834623347,0.0,3.0535951903807614,0.5706297617848117
H1_33a_3.jpg,4.992568447641902,0.0,3.4215671342685368,0.5470948049918675
H1_33a_4.jpg,4.989186983137547,0.0,3.2583647294589184,0.5548361475680973
H1_33a_5.jpg,5.110643278943738,0.0,2.915715430861724,0.5795084493470899
H1_33a_6.jpg,5.1471811610131954,0.0,2.9620080160320645,0.560442502455512
H1_33a_7.jpg,4.9500477612604135,0.0,3.300132264529058,0.5550535063765232
H1_33a_8.jpg,5.015501967464388,0.0,3.3118076152304616,0.5483771023292667
H1_33a_9.jpg,4.964564826501682,0.0,2.8416553106212428,0.5761073908057501
H1_34a_1.jpg,4.843708287005587,0.0,3.690440881763527,0.5339371796957713
H1_34a_10.jpg,4.757651243915843,0.0,2.56687374749499,0.6008379701082432
H1_34a_11.jpg,5.012965164997288,0.0,3.2210781563126254,0.5666815266932087
H1_34a_12.jpg,4.828657475001737,0.0,2.8641202404809625,0.5741371408771311
H1_34a_13.jpg,4.385238470060459,0.0,2.5884689378757515,0.605308430845681
H1_34a_14.jpg,4.826487539040383,0.0,2.1441082164328655,0.6308982048779493
H1_34a_15.jpg,4.722541080897426,0.0,2.358709418837675,0.6209986516302509
H1_34a_16.jpg,4.5936416434689455,0.0,2.3453947895791583,0.6087625668279417
H1_34a_2.jpg,4.929546273209892,0.0,3.3792464929859722,0.5585717053074515
H1_34a_3.jpg,5.521915650704701,0.0,4.247434869739479,0.49945281160981486
H1_34a_4.jpg,5.394545694550885,0.0,2.953707414829659,0.5678843969555147
H1_34a_5.jpg,4.686277883288988,0.0,2.802044088176353,0.5809855197575409
H1_34a_6.jpg,4.792509644285597,0.0,2.9035150300601202,0.5756953846966857
H1_34a_7.jpg,5.101795092305398,0.0,3.626492985971945,0.5379872281558327
H1_34a_8.jpg,5.215488575418279,0.0,2.9501963927855708,0.5667512437171097
H1_34a_9.jpg,4.145151688603422,0.0,2.882809619238476,0.5853410144041793
H1_34b_1.jpg,4.870813039788089,0.0,2.642216432865731,0.5887141400671011
H1_34b_2.jpg,5.151591903311914,0.0,3.0607254509018027,0.567022208317183
H1_34b_3.jpg,5.009860628924817,0.0,2.9494348697394788,0.5657219236800799
H1_34b_4.jpg,5.188359788745478,0.0,3.186653306613227,0.5489944223738665
H1_35a_1.jpg,5.513532342159003,0.0,4.465503006012023,0.5227015266556196
H1_35a_2.jpg,4.216595194337711,6.8e-05,3.0642965931863726,0.5895948566268252
H1_35a_3.jpg,5.221055456546352,0.0,3.334501002004008,0.5710375413193158
H1_35a_4.jpg,4.088248392184163,0.0,2.4220320641282567,0.6129037454134305
H1_35b_1.jpg,5.772972437169376,0.000108,4.0237034068136275,0.5218930513398685
H1_35b_2.jpg,4.881010722365999,0.000756,4.416280561122244,0.5508199809327717
H1_35b_3.jpg,4.645259742885783,0.000528,3.2454629258517027,0.5907419658374109
H1_35b_4.jpg,4.743845021680286,0.0,3.298120240480962,0.5661372672653063
H1_36a_1.jpg,5.1128406486699625,0.0,2.430681362725451,0.6062751782373121
H1_36a_2.jpg,5.155529681769887,0.0,2.7989659318637274,0.5932985448255464
H1_36a_3.jpg,4.801062913834631,0.0,2.4398436873747498,0.6161418675923369
H1_36a_4.jpg,4.6787671819289285,0.0,2.266124248496994,0.6204202130807114
H1_36a_5.jpg,5.092847398625201,0.0,3.147430861723447,0.575011171583022
H1_36a_6.jpg,4.913999815991474,0.0,2.9009058116232467,0.5952936664500865
H1_36a_7.jpg,5.20017021546415,0.0,2.7053186372745492,0.5963225134779586
H1_36a_8.jpg,4.97210948519989,0.0,3.19774749498998,0.5715758181869973
H1_36a_9.jpg,5.257197218967004,0.0,3.298396793587174,0.5697490034204961
H1_36b_1.jpg,5.693138042243951,0.0,4.213647294589179,0.5337856458349592
H1_36b_2.jpg,4.966519599818375,0.0,2.7645931863727458,0.5952055950112739
H1_36b_3.jpg,5.869969297894047,0.0,4.770681362725451,0.49558490454293236
H1_36b_4.jpg,5.590867657798393,0.0,3.546609218436873,0.5402424008110013
H1_37a_1.jpg,5.880037808875907,0.0,1.7006773547094187,0.6458562837645987
H1_37a_2.jpg,5.819877719951916,0.0,1.5322164328657317,0.6621584023260839
H1_37a_3.jpg,5.599384171350553,0.0,1.6704769539078157,0.6643020544152386
H1_37a_4.jpg,5.480349345508757,0.0,1.4898316633266533,0.6888767512996681
H1_37b_1.jpg,5.45820986239052,0.0,1.3905290581162324,0.6769321865130835
H1_37b_2.jpg,5.44466340266961,0.0,1.392264529058116,0.6786705851690922
H1_37b_3.jpg,5.131417464602965,0.0,1.123190380761523,0.7119930565042456
H1_37b_4.jpg,5.055802393172934,0.0,1.0612264529058115,0.7243699610841261
H1_37b_5.jpg,5.424246316186231,0.0,1.3224769539078158,0.6914718579175048
H1_37b_6.jpg,5.198490564787416,0.0,1.0249178356713426,0.7281998241333448
H1_37b_7.jpg,4.830635734740704,0.0,1.025370741482966,0.7335219126940699
H1_37b_8.jpg,5.309185484838781,0.0,1.386240480961924,0.683053243664288
H1_37b_9.jpg,5.111784263111561,0.0,1.0390941883767535,0.7246901748311791
H1_38a_1.jpg,4.97399230841441,0.0,1.6226172344689376,0.6522761776444943
H1_38a_2.jpg,5.061858887708075,0.0,1.5145931863727455,0.6594669719784366
H1_38a_3.jpg,5.466728741773322,0.0,1.76712625250501,0.6382311467257048
H1_38a_4.jpg,5.258716280995195,0.0,1.6392424849699396,0.643418800981294
H1_38b_1.jpg,5.157426462100285,0.0,1.4720200400801602,0.6681683422853658
H1_38b_2.jpg,5.13111667502081,0.0,1.5071102204408815,0.6600550068212317
H1_38b_3.jpg,5.422070130535666,0.0,1.9176072144288576,0.6227462947206356
H1_38b_4.jpg,5.339661640590055,0.0,1.8424929859719439,0.6310931933373056
H1_38b_5.jpg,5.424462564507089,0.0,1.9201683366733469,0.6175964172803484
H1_38b_6.jpg,5.380088513521919,0.0,1.7762765531062121,0.6314255703031635
H1_38b_7.jpg,5.580934147579638,0.0,2.152933867735471,0.6059889591468003
H1_38b_8.jpg,5.344240292191081,0.0,1.897667334669339,0.6174718301200348
H1_38b_9.jpg,5.507702145030783,0.0,1.9303366733466936,0.6135497356768017
H1_38c_1.jpg,5.2667984496485944,0.0,2.004204408817635,0.6053970788961831
H1_38c_2.jpg,5.407550249094334,0.0,1.798372745490982,0.6274492937942632
H1_38c_3.jpg,5.439373257510628,0.0,1.9448537074148295,0.6157438472386443
H1_38c_4.jpg,5.431510522395075,0.0,1.779114228456914,0.6310188807029666
H1_38c_5.jpg,5.556803475633445,0.0,1.6984448897795592,0.6345286354830795
H1_38c_6.jpg,5.53370503178202,0.0,1.7195911823647296,0.6326523691961672
H1_38c_7.jpg,5.186821045153703,0.0,1.6839639278557117,0.644199794646862
H1_38c_8.jpg,5.598227109474396,0.0,1.655679358717435,0.642432570874289
H1_38c_9.jpg,5.577517037506875,0.0,1.6234869739478957,0.6441413984027162
H1_38d_1.jpg,6.164695026127485,0.0,2.954741482965932,0.5549397302523904
H1_38d_2.jpg,5.230495171315814,0.0,1.699811623246493,0.6390616396657781
H1_38d_3.jpg,5.2793084454424966,0.0,1.7515831663326658,0.631071454790025
H1_38d_4.jpg,5.424747811319054,0.0,1.5926172344689378,0.6561416376570871
H1_38d_5.jpg,5.373653616989415,0.0,1.667679358717435,0.640723054574288
H1_38d_6.jpg,5.390138080385314,0.0,1.6517675350701402,0.6396909194831346
H1_38d_7.jpg,5.337057162340858,0.0,1.5120961923847696,0.6645558759983948
H1_38d_8.jpg,5.173112111838817,0.0,1.6356072144288574,0.6469107461987932
H1_38d_9.jpg,5.131876984700363,0.0,1.632617234468938,0.6484627685228914
H1_39a_1.jpg,5.223910699606438,0.0,1.1410861723446892,0.7170334720498837
H1_39a_2.jpg,5.379685660868563,0.0,0.9777955911823647,0.734828393195691
H1_39a_3.jpg,5.602383382006907,0.0,1.045230460921844,0.7207711807710011
H1_39a_4.jpg,5.21045766234248,0.0,1.0893066132264526,0.7286416588399436
H1_39a_5.jpg,5.083359220824943,0.0,0.8447454909819642,0.756259204776259
H1_39a_6.jpg,5.137789452490558,0.0,0.854949899799599,0.7579441270172188
H1_39a_7.jpg,4.964612246398639,0.0,0.9953466933867736,0.7338900509285511
H1_39a_8.jpg,4.431791259998993,0.0,0.8393667334669338,0.7584993008632154
H1_39a_9.jpg,4.50027878858605,0.0,0.7803847695390781,0.7729725288024034
H1_39b_1.jpg,5.844701903319218,0.0,1.5068577154308616,0.6735318729149689
H1_39b_10.jpg,5.2188537625317295,0.0,0.9283567134268538,0.7437809246956852
H1_39b_11.jpg,5.587506222396279,0.0,1.0714028056112224,0.727425120056487
H1_39b_12.jpg,5.514512630958923,0.0,1.4050460921843688,0.6791418290573916
H1_39b_13.jpg,5.58595937082734,0.0,1.0855831663326654,0.7226223471259398
H1_39b_14.jpg,4.784997181734663,0.0,0.8476432865731462,0.7565697434729773
H1_39b_15.jpg,4.84707540810885,0.0,0.9112585170340681,0.7512113510448614
H1_39b_16.jpg,5.00345382167497,0.0,1.0431182364729459,0.7284553502249038
H1_39b_2.jpg,5.4152737001822775,0.0,1.199446893787575,0.7060480018017465
H1_39b_3.jpg,5.472623487451366,0.0,1.2664248496993988,0.692033719599662
H1_39b_4.jpg,5.179611316108266,0.0,1.1697034068136274,0.7105518000196662
H1_39b_5.jpg,5.320554234243544,0.0,1.564557114228457,0.6778397818302832
H1_39b_6.jpg,5.319688685328403,0.0,1.1505450901803604,0.7168335375072398
H1_39b_7.jpg,5.431961552617833,0.0,1.2935871743486973,0.6938989618354058
H1_39b_8.jpg,5.213830715542268,0.0,1.236084168336673,0.7013760177624214
H1_39b_9.jpg,5.124811454930074,0.0,1.3483486973947896,0.6877953382847624
H1_3a_1.jpg,5.799347985318634,0.0,3.051939879759519,0.5457931881095306
H1_3a_10.jpg,5.851646609230032,0.0,2.8127334669338677,0.5628609383084856
H1_3a_11.jpg,5.3304793039571745,0.0,1.8083406813627256,0.6502065585336889
H1_3a_12.jpg,5.311581455465237,0.0,1.7203727454909818,0.6569186212085771
H1_3a_13.jpg,5.953855217891283,0.0,2.9780280561122243,0.554397735562084
H1_3a_14.jpg,5.774810936426906,0.0,2.4219118236472945,0.5927938251652085
H1_3a_15.jpg,5.703246752242307,0.0,1.867927855711423,0.6400127421314437
H1_3a_16.jpg,5.692517009330518,0.0,1.814312625250501,0.6436015480465715
H1_3a_2.jpg,5.580207844854568,0.0,2.224248496993988,0.6163744854781018
H1_3a_3.jpg,4.90923865223003,0.0,1.3722885771543085,0.6855356097948114
H1_3a_4.jpg,4.89774777417647,0.0,1.3389579158316633,0.6889253305389881
H1_3a_5.jpg,5.859269453431912,0.0,2.9388937875751506,0.5599203894933269
H1_3a_6.jpg,5.603957483124451,0.0,2.1843006012024047,0.6045997370169115
H1_3a_7.jpg,5.159270526167746,0.0,1.5492545090180359,0.6765985066152442
H1_3a_8.jpg,5.134403147992697,0.0,1.5189659318637272,0.6756844469013499
H1_3a_9.jpg,6.053996288369164,0.0,3.3845931863727454,0.5255375456027309
H1_3b_1.jpg,6.061625395311686,0.0,2.422949899799599,0.5910387781534638
H1_3b_10.jpg,5.153214355335696,0.0,1.6156593186372747,0.6579745151686095
H1_3b_11.jpg,5.946879261818586,0.0,3.4775631262525044,0.5403134958129405
H1_3b_12.jpg,5.81301435577618,0.0,2.4862525050100204,0.5825397090148159
H1_3b_13.jpg,5.985186020831156,0.0,2.7665050100200403,0.5690400876477651
H1_3b_14.jpg,5.87284244610103,0.0,2.70351503006012,0.5667288760592926
H1_3b_15.jpg,5.411064920560361,0.0,1.5972545090180361,0.6584578660987364
H1_3b_2.jpg,5.445605100154451,0.0,1.7871903807615228,0.6311946874782356
H1_3b_3.jpg,5.692284624099807,0.0,2.469450901803607,0.590579582544555
H1_3b_4.jpg,5.662234405762003,0.0,2.2685450901803605,0.6083161310506736
H1_3b_5.jpg,5.707658214066332,0.0,2.130805611222445,0.6224227599557931
H1_3b_6.jpg,5.948896347772694,0.0,2.8673466933867733,0.570657008535993
H1_3b_7.jpg,5.985199539642408,0.0,1.963683366733467,0.6167377859385339
H1_3b_8.jpg,5.650176669758282,0.0,2.117563126252505,0.6155660584039365
H1_3b_9.jpg,5.854941283586439,0.0,2.6742645290581155,0.570656769898761
H1_40a_1.jpg,5.473682549047009,0.0,2.017018036072144,0.6329660923560548
H1_40a_2.jpg,5.735997316423183,0.0,2.3345971943887776,0.5917993728347364
H1_40a_3.jpg,5.754940971358774,0.0,2.070793587174349,0.6261426371345428
H1_40a_4.jpg,5.274172973537531,0.0,1.6088537074148297,0.660127507732277
H1_40a_5.jpg,5.500931391376204,0.0,1.8515150300601204,0.6348910813962548
H1_40a_6.jpg,5.267709144925586,0.0,1.6287054108216432,0.666441011758383
H1_40a_7.jpg,5.343934625034488,0.0,1.6062685370741483,0.6606168060829473
H1_40a_8.jpg,5.383745886156396,0.0,1.5794108216432867,0.6595184956145744
H1_40a_9.jpg,5.1012519338614295,0.0,1.2931743486973948,0.6963881002188623
H1_40b_1.jpg,5.466430134988379,0.0,1.5933987975951907,0.6538960863694967
H1_40b_2.jpg,5.416384124559909,0.0,1.574056112224449,0.6646642986244199
H1_40b_3.jpg,5.228589928111278,0.0,1.2788817635270542,0.6942494073426917
H1_40b_4.jpg,5.321348224158422,0.0,1.9903527054108217,0.6243516674889626
H1_40b_5.jpg,5.654031745982868,0.0,1.8496352705410821,0.6343317161042074
H1_40b_6.jpg,5.838492852916072,0.0,1.695194388777555,0.6472871516841856
H1_40b_7.jpg,5.42973858765798,0.0,2.2030661322645293,0.605842211638996
H1_40b_8.jpg,6.330545693484223,0.0,1.9395991983967935,0.6282995396281577
H1_40b_9.jpg,6.560355421137548,0.0,1.6802164328657314,0.6521387450380247
H1_40c_1.jpg,5.56844205683182,0.0,2.097783567134269,0.6148549355828729
H1_40c_2.jpg,6.056396152864992,0.0,2.9447094188376757,0.5718066147633436
H1_40c_3.jpg,6.523822944951154,0.0,1.9944729458917836,0.6493767483915707
H1_40c_4.jpg,5.360090928241601,0.0,1.681002004008016,0.662463569167572
H1_40c_5.jpg,5.167632517859465,0.0,1.4684729458917836,0.6728637872022276
H1_40c_6.jpg,5.45663432177882,0.0,1.8475390781563128,0.6482995998366927
H1_40c_7.jpg,5.544714544979598,0.0,1.3069939879759518,0.6908375342467525
H1_40c_8.jpg,5.3731376107228925,0.0,1.4500961923847695,0.6792619500073962
H1_40c_9.jpg,5.000795046655919,0.0,1.5163366733466934,0.6705914602283433
H1_41a_1.jpg,4.1343959562331625,0.0,1.1656312625250498,0.7140891061150391
H1_41a_10.jpg,3.3407901021643704,0.0,0.850320641282565,0.751982367120709
H1_41a_11.jpg,3.3971175620712617,0.0,0.9051222444889782,0.7484959778025226
H1_41a_12.jpg,3.3851534981861255,0.0,0.8771262525050101,0.7514498792653022
H1_41a_13.jpg,3.4042652595829552,0.0,0.9507855711422846,0.7448598687814837
H1_41a_14.jpg,3.5052329743826727,0.0,0.8350861723446894,0.7555682848621283
H1_41a_15.jpg,3.342678937616234,0.0,0.8546052104208418,0.7582242789203387
H1_41a_16.jpg,3.3444002215168647,0.0,0.8638276553106213,0.7528366695775781
H1_41a_2.jpg,4.196626793190404,0.0,1.1351022044088177,0.7104374664678139
H1_41a_3.jpg,5.337710766400918,0.0,1.1893587174348697,0.7024566985643153
H1_41a_4.jpg,5.327069494251788,0.0,1.1715430861723446,0.7037545764076669
H1_41a_5.jpg,3.79252750060062,0.0,1.0166733466933868,0.7359869927957896
H1_41a_6.jpg,4.870415183668846,0.0,1.5347054108216434,0.6908465003592087
H1_41a_7.jpg,4.226948376922128,0.0,0.939370741482966,0.7451826873403216
H1_41a_8.jpg,4.2222829324516375,0.0,0.9312665330661323,0.7437287889903895
H1_41a_9.jpg,3.4172553009331113,0.0,0.9934108216432868,0.7356865145230046
H1_41b_1.jpg,5.0755375028876655,0.0,1.542997995991984,0.6770844201340409
H1_41b_2.jpg,4.6283170918318834,0.0,1.3506292585170343,0.6994034198539092
H1_41b_3.jpg,4.586195953166267,0.0,1.35636873747495,0.6986327695338156
H1_41b_4.jpg,3.7949125651268463,0.0,0.9233466933867737,0.7531868231326977
H1_41b_5.jpg,3.330744863348234,0.0,0.874268537074148,0.7531990480256273
H1_41b_6.jpg,3.3324858014150807,0.0,0.8708977955911823,0.7533709734538413
H1_42a_1.jpg,3.9764957688663336,0.0,1.4581883767535069,0.6928225828468916
H1_42a_2.jpg,5.50288738775285,0.0,2.10797995991984,0.6197332703334076
H1_42a_3.jpg,5.415937201817708,0.0,1.4768456913827654,0.6644403390409928
H1_42a_4.jpg,5.234844096792519,0.0,1.549967935871743,0.6680968528345423
H1_42a_5.jpg,5.403307184880286,0.0,1.898068136272545,0.6273491420573171
H1_42a_6.jpg,5.1925010126148035,0.0,1.4738196392785572,0.67687283062758
H1_42a_7.jpg,5.228315967998475,0.0,1.269567134268537,0.7041998211588183
H1_42a_8.jpg,4.992227728001586,0.0,1.4052785571142286,0.6766676911855852
H1_42a_9.jpg,5.411134967032344,0.0,1.7729659318637276,0.6409883229385976
H1_42b_1.jpg,6.060795309824017,0.0,1.1883006012024049,0.7083133142851803
H1_42b_10.jpg,5.370614164279396,0.0,1.3830781563126253,0.6761907781983297
H1_42b_11.jpg,6.1475399886720385,0.0,1.8168056112224449,0.6312929531803435
H1_42b_12.jpg,6.133645694050143,0.0,1.7164328657314627,0.6322853133089948
H1_42b_2.jpg,5.409826655636918,0.0,1.3464809619238478,0.6914143841432434
H1_42b_3.jpg,4.894650639834158,0.0,1.4570621242484967,0.6749578397919154
H1_42b_4.jpg,4.859169600867935,0.0,1.4527775551102207,0.6765768297942063
H1_42b_5.jpg,5.938728298049616,0.0,1.175503006012024,0.7100260385086574
H1_42b_6.jpg,5.433783406356768,0.0,1.4483967935871744,0.6729564834173418
H1_42b_7.jpg,5.591691572479766,0.0,1.6182284569138279,0.6529037222960629
H1_42b_8.jpg,5.568375810835159,0.0,1.654717434869739,0.6493858765051896
H1_42b_9.jpg,5.5066283855044675,0.0,1.570468937875751,0.6697417370227031
H1_42c_1.jpg,5.1691534262203485,0.0,1.6871623246492986,0.6567025704694706
H1_42c_10.jpg,5.9734284501060975,0.0,2.2246492985971944,0.5952167044200473
H1_42c_11.jpg,5.688580247026159,0.0,2.3638877755511025,0.6005088955152749
H1_42c_12.jpg,5.676010828991323,0.0,2.205394789579158,0.6094677827023078
H1_42c_13.jpg,6.096564497775724,0.0,2.0479519038076153,0.6181713071271356
H1_42c_14.jpg,5.991570515448255,0.0,2.0880921843687377,0.6075480943536422
H1_42c_15.jpg,5.749385453375774,0.0,2.213799599198397,0.6152640147612054
H1_42c_16.jpg,5.750591972027815,0.0,2.1315591182364724,0.6160307521190778
H1_42c_2.jpg,5.342414335563473,0.0,1.7488016032064129,0.653789381965808
H1_42c_3.jpg,5.681426775746564,0.0,1.72761122244489,0.6396488878272346
H1_42c_4.jpg,5.701728485606026,0.0,1.6063687374749498,0.6512918768212648
H1_42c_5.jpg,5.530730309105763,0.0,2.1398436873747495,0.6358640433160624
H1_42c_6.jpg,5.747672782725652,0.0,1.8876833667334671,0.6358731149839406
H1_42c_7.jpg,5.477183063249005,0.0,1.6602645290581162,0.6445544847234786
H1_42c_8.jpg,5.502278612066133,0.0,1.6022004008016033,0.6464786895096256
H1_42c_9.jpg,6.006110141100396,0.0,2.1651422845691384,0.6124614566915172
H1_43a_1.jpg,4.3571987705489414,0.0,1.1750300601202408,0.7062080277548826
H1_43a_2.jpg,5.1410600869697625,0.0,1.7157034068136272,0.6639865311631737
H1_43a_3.jpg,5.186864764812221,0.0,1.6685490981963926,0.6720142130107295
H1_43a_4.jpg,4.617700593815676,0.0,1.256577154308617,0.7023747121116358
H1_43a_5.jpg,4.678617026430532,0.0,1.2460801603206413,0.6980193434496991
H1_43a_6.jpg,4.508953470842558,0.0,1.1579238476953906,0.709644702844058
H1_43a_7.jpg,4.94335918752942,0.0,1.4378957915831663,0.6785706114666258
H1_43a_8.jpg,4.887249279813788,0.0,1.3829098196392788,0.6973490896458074
H1_43a_9.jpg,4.406102832245949,0.0,1.0503206412825652,0.725075523639851
H1_43b_1.jpg,4.6864094679456345,0.0,1.3156472945891782,0.6904008747802981
H1_43b_2.jpg,5.076523147995404,0.0,1.5388176352705414,0.6813634037946179
H1_43b_3.jpg,4.6047626486187365,0.0,1.0091863727454908,0.7277573611281456
H1_43b_4.jpg,5.232245189477554,0.0,1.1732625250501005,0.709193890246684
H1_43b_5.jpg,4.928370704686578,0.0,1.2722004008016028,0.693695577553745
H1_43b_6.jpg,4.279730618436979,0.0,1.115743486973948,0.7224733235414956
H1_43b_7.jpg,5.461268663284714,0.0,1.1617715430861724,0.7078951906986095
H1_43b_8.jpg,5.87850921745743,0.0,1.19687374749499,0.7029862040078625
H1_43b_9.jpg,5.292865769798596,0.0,1.0576472945891786,0.7220995713458973
H1_43c_1.jpg,5.612035399241666,0.0,1.1592665330661323,0.7124297754278457
H1_43c_2.jpg,5.475134348960679,0.0,1.164440881763527,0.7087282778400049
H1_43c_3.jpg,5.552262612513667,0.0,1.180937875751503,0.7063808258353623
H1_43c_4.jpg,5.816915252724792,0.0,1.6556112224448898,0.6594014512517153
H1_43c_5.jpg,5.310843220720549,0.0,1.1413907815631261,0.7103652659885688
H1_43c_6.jpg,5.188387972420482,0.0,1.11625250501002,0.7129107131709768
H1_44a_1.jpg,4.834740506593182,0.0,1.4212905811623249,0.6853348526597429
H1_44a_2.jpg,4.225639674528223,0.0,1.1548817635270539,0.7148828666107829
H1_44a_3.jpg,4.517870360182698,0.0,1.3073226452905815,0.6958028972089985
H1_44a_4.jpg,5.068674311986722,0.0,1.1786933867735472,0.7089778167644027
H1_44a_5.jpg,5.223586078370947,0.0,1.1352224448897796,0.714681281027577
H1_44a_6.jpg,5.483382325830205,0.0,1.2052745490981964,0.7040932566055711
H1_44a_7.jpg,4.7719025063088205,0.0,1.1302124248496994,0.7176234801899295
H1_44a_8.jpg,5.21499900787869,0.0,1.0705290581162323,0.717094059592069
H1_44a_9.jpg,5.00939145375517,0.0,1.1542725450901805,0.7121133578591667
H1_44b_1.jpg,4.836021272755224,0.002,28.277138276553107,0.693367434047359
H1_44b_2.jpg,4.4899751712429605,0.0,0.918,0.7421466174134506
H1_44b_3.jpg,4.199253159930578,0.0,1.0348857715430861,0.7325979681005697
H1_44b_4.jpg,4.907481266228267,0.002,27.165118236472942,0.7129679726390798
H1_44b_5.jpg,5.101168811963264,0.0,1.1421122244488982,0.713152344224337
H1_44b_6.jpg,4.929152726452663,0.0,1.1833226452905812,0.7098907908390863
H1_44b_7.jpg,4.417869626111155,0.002,29.410112224448895,0.7224939250185071
H1_44b_8.jpg,4.440008849203263,0.0,1.0293466933867734,0.7290434313123567
H1_44b_9.jpg,4.687846193166957,0.0,1.083991983967936,0.7231846307898219
H1_44c_1.jpg,4.391464284995253,0.0,1.176881763527054,0.7126737636105656
H1_44c_2.jpg,4.582955455479416,0.0,1.1146733466933867,0.7202423474614402
H1_44c_3.jpg,4.558687721861163,0.0,1.1102004008016033,0.7230941096299106
H1_44c_4.jpg,5.061895870623262,0.0,1.2374188376753505,0.7096444065708791
H1_44c_5.jpg,5.091871787607279,0.0,1.1820521042084167,0.7133713797039594
H1_44c_6.jpg,4.865375346154251,0.0,1.0757675350701403,0.7243856519581897
H1_44c_7.jpg,4.659906791991037,0.0,1.072801603206413,0.7293311303027485
H1_44c_8.jpg,4.791588670745874,0.0,1.1406372745490982,0.720092119917907
H1_44c_9.jpg,4.661579595258942,0.0,1.0797875751503008,0.7261737795674311
H1_45a_1.jpg,5.207844525435113,0.0,3.539567134268536,0.5506096370831228
H1_45a_10.jpg,4.461257727295176,0.0,2.405054108216433,0.6191301524699033
H1_45a_11.jpg,4.507859928054486,0.0,2.321803607214429,0.6206995441403107
H1_45a_12.jpg,4.434895062488405,0.0,2.036168336673347,0.6392953182014632
H1_45a_13.jpg,5.048331834038544,0.0,2.8624729458917835,0.5971658921566444
H1_45a_14.jpg,4.390090476841839,0.0,2.169078156312625,0.6323941333155036
H1_45a_15.jpg,4.604818993460762,0.0,2.0969859719438877,0.6382686956550662
H1_45a_16.jpg,4.472462471329806,0.0,1.8878356713426847,0.6496491208814401
H1_45a_2.jpg,5.19676987069398,0.0,3.279535070140281,0.5658817915436967
H1_45a_3.jpg,5.284797406537952,0.0,3.1632104208416836,0.5714088037166897
H1_45a_4.jpg,5.220550198776009,0.0,3.0260400801603202,0.5736647222935188
H1_45a_5.jpg,4.889041574297901,0.0,2.6405891783567137,0.6091435232218857
H1_45a_6.jpg,5.156462133961865,0.0,3.186909819639279,0.5705897953649833
H1_45a_7.jpg,5.016501137187799,0.0,2.6230861723446894,0.5914456560761128
H1_45a_8.jpg,5.101930565937483,0.0,2.4770260521042085,0.599975864974287
H1_45a_9.jpg,4.953845701300135,0.0,3.355310621242485,0.5794025235163968
H1_46a_1.jpg,4.850947332157204,0.0,1.5273226452905808,0.6685234669285564
H1_46a_2.jpg,5.031761298638108,0.0,1.5669739478957916,0.6638228784631994
H1_46a_3.jpg,5.759757101805775,0.0,2.1708897795591184,0.6047018309014017
H1_46a_4.jpg,4.531179386261645,0.0,1.3922004008016031,0.6895374650441524
H1_46a_5.jpg,5.671159764028007,0.0,1.666565130260521,0.6466312745024363
H1_46a_6.jpg,5.972495260589979,0.0,1.792496993987976,0.638673113957351
H1_46a_7.jpg,4.290513387456066,0.0,1.3076873747494988,0.7006473268335279
H1_46a_8.jpg,5.589422394087905,0.0,1.435955911823647,0.6727926134489537
H1_46a_9.jpg,5.940218290691803,0.0,1.5458957915831664,0.6622907049398058
H1_46b_1.jpg,5.86119663678426,0.002,34.586156312625256,0.5530021284304034
H1_46b_2.jpg,5.774952324370292,0.0,3.1822765531062123,0.5336439078507186
H1_46b_3.jpg,5.783117408625803,0.0,3.1947174348697396,0.5330349927526824
H1_46b_4.jpg,5.70113063248247,0.001492,26.043418837675347,0.6019301705475075
H1_46b_5.jpg,5.882902674758786,0.0,2.82324248496994,0.5539118195394724
H1_46b_6.jpg,5.831426328844607,0.0,2.882240480961924,0.5508545699799785
H1_46b_7.jpg,5.700520439168636,0.001456,25.2594749498998,0.6044962598704984
H1_46b_8.jpg,5.887050319388199,0.0,2.848196392785571,0.5523115700338057
H1_46b_9.jpg,5.837179556695198,0.0,2.9001442885771542,0.5515646724219998
H1_47a_1.jpg,6.1607769130112295,0.0,4.359178356713427,0.49347267979108816
H1_47a_10.jpg,5.181536061432327,0.0,1.634933867735471,0.6567479239433819
H1_47a_11.jpg,5.49476483602795,0.0,1.2359799599198398,0.7012587852978698
H1_47a_12.jpg,4.0206428435210935,0.0,1.2659799599198396,0.6986651599503464
H1_47a_13.jpg,4.293289732282611,0.0,1.4055951903807615,0.6873590786259609
H1_47a_14.jpg,4.129620964348535,0.0,1.3318557114228455,0.6921190863466242
H1_47a_15.jpg,4.20883071086133,0.0,1.45485370741483,0.6757566868453182
H1_47a_16.jpg,5.3809525012306505,0.0,1.284945891783567,0.6988303381564615
H1_47a_17.jpg,4.898336035210391,0.0,1.2710701402805613,0.6994840944422236
H1_47a_18.jpg,4.658787440057774,0.0,1.4088456913827656,0.6907599098671687
H1_47a_19.jpg,5.034141286112644,0.0,1.3699318637274547,0.6873582732793913
H1_47a_2.jpg,6.277577321510212,0.0,4.177270541082165,0.4968003621084734
H1_47a_20.jpg,5.026657840927148,0.0,1.4208737474949895,0.680325957174847
H1_47a_21.jpg,5.216554967681989,0.0,1.3041282565130259,0.6975368077428242
H1_47a_22.jpg,4.916128178067538,0.0,1.25225250501002,0.7020430208377603
H1_47a_23.jpg,4.614015187362703,0.0,1.404697394789579,0.6912352936441378
H1_47a_24.jpg,5.083470481182631,0.0,1.3899398797595186,0.6850261361736291
H1_47a_25.jpg,5.038488353734605,0.0,1.4202404809619238,0.6821851551508031
H1_47a_3.jpg,6.11657480449778,0.0,2.33735871743487,0.5907391040344023
H1_47a_4.jpg,5.449149258809012,0.0,2.243486973947896,0.6132341154664263
H1_47a_5.jpg,4.702587542181317,0.0,1.547438877755511,0.6723322014658948
H1_47a_6.jpg,5.557728935279612,0.0,1.6206693386773545,0.6654846204399252
H1_47a_7.jpg,5.573221604309105,0.0,1.9751302605210426,0.635631180968304
H1_47a_8.jpg,5.197467542284889,0.0,1.7529779559118237,0.6549427401032699
H1_47a_9.jpg,4.74934929841227,0.0,1.5455430861723447,0.6716828170003735
H1_47b_1.jpg,5.179403471936787,0.0,1.781098196392785,0.6497055640123035
H1_47b_2.jpg,4.99375339417237,0.0,1.6364088176352705,0.6564355555985142
H1_47b_3.jpg,5.518067511496409,0.0,1.536,0.6726956560844078
H1_47b_4.jpg,4.940339834435176,0.0,1.5357034068136273,0.6724569011027913
H1_47b_5.jpg,4.903507776416144,0.0,1.6164769539078157,0.6591749008071772
H1_47b_6.jpg,5.344323362301406,0.0,1.9570380761523045,0.6335236560659353
H1_47b_7.jpg,4.697412072141247,0.0,1.588356713426854,0.6693511525750985
H1_47b_8.jpg,4.780571208972819,0.0,1.553771543086172,0.6660407733603835
H1_47b_9.jpg,5.350350951472934,0.0,1.7106613226452907,0.6585649326471998
H1_47c_1.jpg,5.194338312211609,0.0,1.6917555110220444,0.6493948418286362
H1_47c_2.jpg,5.604674048608684,0.0,2.0985611222444893,0.6172890746565632
H1_47c_3.jpg,5.9979887166808625,0.0,2.7748977955911824,0.5755780088748054
H1_47c_4.jpg,4.994248388523122,0.0,1.7975751503006014,0.6453454239114063
H1_47c_5.jpg,5.778524261933515,0.0,2.556248496993988,0.5933765282733354
H1_47c_6.jpg,5.710410038278528,0.0,1.6829739478957917,0.6521208775803026
H1_47c_7.jpg,4.9376917441251225,0.0,2.1390260521042084,0.6389123527163924
H1_47c_8.jpg,5.397408977433417,0.0,2.1948376753507013,0.6145438440419059
H1_47c_9.jpg,4.8900935501427645,0.0,1.4672545090180364,0.6767585115912095
H1_47d_1.jpg,5.8263687053743265,0.0,1.9572064128256512,0.6280387897457943
H1_47d_2.jpg,5.123860028226138,0.0,1.5115430861723445,0.6687515397489574
H1_47d_3.jpg,5.029389311002066,0.0,1.4609699398797593,0.6716753568267383
H1_47d_4.jpg,6.173979433494834,0.0,2.390933867735471,0.5938732567673294
H1_47d_5.jpg,5.212185326211258,0.0,1.5876713426853704,0.664996072034921
H1_47d_6.jpg,5.104051412290748,0.0,1.4776833667334672,0.6713971802235218
H1_48a_1.jpg,5.796876452525644,0.0,2.017302605210421,0.6218824592690799
H1_48a_2.jpg,5.631973375018312,0.0,1.7438517034068135,0.6402219417311265
H1_48a_3.jpg,5.424839699955883,0.0,1.6183046092184368,0.6496738297683612
H1_48a_4.jpg,5.483522607037366,0.0,1.466052104208417,0.6641258571601452
H1_48a_5.jpg,6.278261667786355,0.0,2.584184368737475,0.57977483403338
H1_48a_6.jpg,6.302872256551996,0.0,2.543230460921844,0.5832571678985352
H1_48a_7.jpg,5.40613299917663,0.0,1.4505731462925853,0.6679838672684109
H1_48a_8.jpg,6.281701492045165,0.0,2.604468937875751,0.5820734051018304
H1_48a_9.jpg,6.32269568658744,0.0,2.594428857715431,0.5825572804114495
H1_48b_1.jpg,5.626823571956707,0.0,1.3567655310621243,0.6859137521288706
H1_48b_10.jpg,4.960877668100735,0.0,1.1164168336673348,0.712868959503012
H1_48b_11.jpg,5.3316208558101055,0.0,1.583683366733467,0.6638976517671333
H1_48b_12.jpg,5.772922731199579,0.0,2.1087294589178356,0.6098308089006673
H1_48b_13.jpg,5.665303713959145,0.0,1.6238356713426854,0.6575267852324763
H1_48b_14.jpg,5.241375482561348,0.0,1.2397274549098194,0.6954809120861127
H1_48b_15.jpg,5.23882676302423,0.0,1.2529258517034068,0.6994089305948296
H1_48b_16.jpg,5.824077564534632,0.0,2.1903406813627253,0.6199113161867973
H1_48b_2.jpg,6.012566608110082,0.0,1.4613507014028055,0.6672579097512636
H1_48b_3.jpg,5.810741599684302,0.0,1.5740921843687379,0.6555017911993308
H1_48b_4.jpg,5.233990821478372,0.0,1.5428096192384768,0.6631110851628914
H1_48b_5.jpg,5.305927606263183,0.0,1.3084569138276554,0.6903151383944192
H1_48b_6.jpg,5.792059495652139,0.0,1.4254829659318635,0.6737855782876944
H1_48b_7.jpg,5.076112215757989,0.0,1.1670981963927856,0.7070774434580203
H1_48b_8.jpg,5.832767364692047,0.0,2.3031222444889785,0.6045585341795117
H1_48b_9.jpg,5.6015964360034625,0.0,1.6113386773547094,0.6545078653919021
H1_48c_1.jpg,5.877218119816809,0.0,2.155575150300601,0.6174122726219877
H1_48c_2.jpg,5.527589307623457,0.0,1.6562484969939881,0.6517266589929026
H1_48c_3.jpg,5.419360554722199,0.0,1.387987975951904,0.6757761840283454
H1_48c_4.jpg,5.90212304606457,0.0,1.6242284569138277,0.664448545698529
H1_48c_5.jpg,5.436871367212466,0.0,1.547967935871743,0.6691104252549218
H1_48c_6.jpg,5.1984810468191025,0.0,1.4471823647294588,0.6764580437994495
H1_48c_7.jpg,5.898677997747744,0.0,1.6141442885771546,0.6638250370787189
H1_48c_8.jpg,5.4367915466242485,0.0,1.5507174348697395,0.6700878664751001
H1_48c_9.jpg,5.194879881110555,0.0,1.4502404809619236,0.6761572921594865
H1_48d_1.jpg,4.971014619508033,0.0,1.499855711422846,0.6704749594517836
H1_48d_10.jpg,5.798670353003113,0.0,1.8562845691382766,0.63405266091146
H1_48d_11.jpg,6.078565172796353,0.0,2.221867735470942,0.6024033799941524
H1_48d_12.jpg,5.817563203396289,0.0,2.2912184368737476,0.6010396670811058
H1_48d_13.jpg,5.591700565576335,0.0,1.668605210420842,0.6582256864475455
H1_48d_14.jpg,6.081512166380543,0.0,1.4755190380761525,0.6624178418065879
H1_48d_15.jpg,6.220073274267741,0.0,2.427795591182365,0.5855593274975693
H1_48d_16.jpg,5.8057311593263075,0.0,2.033711422845691,0.6147552786760676
H1_48d_2.jpg,5.95798689931635,0.0,2.4107855711422843,0.5942889771013657
H1_48d_3.jpg,5.348263287192269,0.0,1.597887775551102,0.6529691267779465
H1_48d_4.jpg,5.951877090851904,0.0,1.3925210420841683,0.6754635521383243
H1_48d_5.jpg,5.82810126559394,0.0,2.557791583166333,0.581854605691984
H1_48d_6.jpg,5.713955000391105,0.0,1.8800761523046094,0.6336150881044392
H1_48d_7.jpg,5.7764813946917295,0.0,1.5922204408817633,0.6568981305931869
H1_48d_8.jpg,5.326511462356704,0.0,1.4174509018036072,0.6748035606106204
H1_48d_9.jpg,5.487456817072627,0.0,1.8139038076152307,0.6443626745314884
H1_49a_1.jpg,4.453887276393724,0.0,1.3655671342685372,0.6941819977859255
H1_49a_2.jpg,4.774598561716608,0.0,1.3625731462925854,0.698025672942824
H1_49a_3.jpg,4.514651002017334,0.0,1.3070180360721442,0.6906504138945437
H1_49a_4.jpg,5.340302112221593,0.0,1.6193747494989978,0.6695193386301682
H1_49a_5.jpg,5.407155874818682,0.0,1.7493827655310623,0.6400320782987261
H1_49a_6.jpg,5.137598849539509,0.0,1.5830380761523046,0.6591502572602448
H1_49a_7.jpg,4.617567203200802,0.0,1.3459038076152308,0.7041222564437534
H1_49a_8.jpg,4.782458348746662,0.0,1.239002004008016,0.6992645864279712
H1_49a_9.jpg,4.464227987152549,0.0,1.2696913827655305,0.6996211272614274
H1_49b_1.jpg,3.8362787044636146,0.0,1.1269779559118238,0.7174148315571334
H1_49b_2.jpg,4.914830449771515,0.0,1.7111663326653308,0.6751664743659336
H1_49b_3.jpg,5.17192519450209,0.0,1.919711422845691,0.6494234567310926
H1_49b_4.jpg,5.141691141964286,0.0,1.5629699398797594,0.6730275962764867
H1_49b_5.jpg,4.627929138977899,0.0,1.2506613226452905,0.7009222141865862
H1_49b_6.jpg,4.9042557888343286,0.0,1.3642484969939879,0.6941709718482058
H1_49b_7.jpg,5.364570447839864,0.0,1.8760240480961925,0.6501752140079999
H1_49b_8.jpg,4.342684352317184,0.0,1.1320360721442886,0.7228221691500949
H1_49b_9.jpg,4.516105070752524,0.0,1.0891422845691385,0.7266663999906904
H1_49c_1.jpg,5.1148200243401885,0.0,1.2707134268537075,0.696544709588907
H1_49c_2.jpg,4.826272788476413,0.0,1.0496553106212425,0.7270341227717478
H1_49c_3.jpg,4.7512007638152465,0.0,1.0475190380761525,0.7273164087924173
H1_49c_4.jpg,5.062319004552897,0.0,1.3504168336673346,0.6949887268733993
H1_49c_5.jpg,4.989332136664515,0.0,1.0801402805611224,0.7286941303025536
H1_49c_6.jpg,4.928086988273938,0.0,1.118308617234469,0.722311411510361
H1_49c_7.jpg,4.8175020889852815,0.0,1.2101923847695393,0.7087553387718636
H1_49c_8.jpg,4.709583872725991,0.0,1.0172585170340682,0.7348629401786517
H1_49c_9.jpg,4.659675252566669,0.0,1.0814869739478958,0.7270664241019283
H1_4a_1.jpg,5.84698396138463,0.0,1.6386412825651302,0.6460967806225117
H1_4a_10.jpg,6.478130778052857,0.0,2.0607975951903805,0.6195321977916366
H1_4a_11.jpg,5.659553027292264,0.0,1.3747975951903808,0.6961957524930419
H1_4a_12.jpg,5.503183846667096,0.0,1.29638877755511,0.7047136990340641
H1_4a_13.jpg,5.42484977052911,0.0,1.0829498997995992,0.7173262092155681
H1_4a_14.jpg,5.818593781438275,0.0,1.3266092184368738,0.6900611205908953
H1_4a_15.jpg,6.062880552498317,0.0,1.8615070140280556,0.6478481769586708
H1_4a_16.jpg,5.764343154071359,0.0,1.7030581162324645,0.6655726533147186
H1_4a_2.jpg,5.744736574992533,0.0,1.657823647294589,0.6545129066030455
H1_4a_3.jpg,4.599375695223021,0.0,0.914128256513026,0.7543461429297382
H1_4a_4.jpg,4.84186458839196,0.0,0.9622244488977956,0.7397746164205358
H1_4a_5.jpg,6.112998958568802,0.0,1.9428456913827654,0.6271670029776388
H1_4a_6.jpg,6.145240503714472,0.0,1.601198396793587,0.6689358019701517
H1_4a_7.jpg,4.261035670041767,0.0,0.771374749498998,0.7787421775580022
H1_4a_8.jpg,5.678510511025864,0.0,1.215671342685371,0.7159871232334633
H1_4a_9.jpg,5.380086727412253,0.0,1.0451583166332665,0.7245528402625169
H1_4b_1.jpg,5.718425696287395,0.002,1.7660801603206413,0.6570055549378295
H1_4b_10.jpg,4.723039287359125,0.0,0.8514709418837676,0.7688693753214818
H1_4b_11.jpg,5.277259726712175,0.0,1.5504128256513028,0.6612439589920033
H1_4b_12.jpg,5.910103815129558,0.0,2.1855831663326653,0.592729144960669
H1_4b_2.jpg,6.293530005411404,0.002,3.061154308617235,0.5544635064185071
H1_4b_3.jpg,5.6872844179185575,0.001872,2.0496713426853708,0.6262952643959107
H1_4b_4.jpg,4.004853126789049,0.0,0.7346452905811623,0.7866704197581967
H1_4b_5.jpg,5.51021699972851,0.0,2.013246492985972,0.644511389722324
H1_4b_6.jpg,6.542525396778422,0.0,3.6097194388777556,0.5044884516188199
H1_4b_7.jpg,4.640771662157679,0.0,0.8382404809619239,0.7633049189189309
H1_4b_8.jpg,5.380751479887678,0.0,1.9799599198396793,0.6485154467184701
H1_4b_9.jpg,6.006881546062527,0.0,2.610973947895791,0.5574622568121141
H1_4c_1.jpg,6.1524603797294235,0.0,2.196905811623246,0.5969600158780464
H1_4c_2.jpg,6.2015337547416785,0.0,2.3878877755511017,0.6093837162012299
H1_4c_3.jpg,5.829326309624293,0.0,1.4936432865731464,0.6787052685305333
H1_4c_4.jpg,5.9692320031771695,0.0,2.1157875751503004,0.6143518879973486
H1_4c_5.jpg,5.81843321046424,0.0,2.0339038076152303,0.6436646433035116
H1_4c_6.jpg,5.505548048090428,0.0,1.269931863727455,0.6991492927829736
H1_4c_7.jpg,6.106042894256818,0.0,2.6199078156312625,0.5638604201777807
H1_4c_8.jpg,5.612807902972617,0.0,1.6264328657314628,0.6549745425709148
H1_4c_9.jpg,5.745006612451307,0.0,1.6418276553106215,0.6532205421249038
H1_4d_1.jpg,6.30220462452334,0.002,30.5943246492986,0.5623910740976376
H1_4d_2.jpg,5.87426203286534,0.0,2.0793867735470943,0.6226989716486514
H1_4d_3.jpg,5.714554362247307,0.0,1.789743486973948,0.6433372373961808
H1_4d_4.jpg,5.985753877947052,0.002,27.82383567134269,0.6212971197546753
H1_4d_5.jpg,5.42990848621371,0.0,1.439122244488978,0.6608699772732587
H1_4d_6.jpg,5.391625314683598,0.0,1.3432384769539079,0.6707181900898829
H1_4d_7.jpg,6.180062330168287,0.002,31.930909819639275,0.5997887155922328
H1_4d_8.jpg,5.4342892132104215,0.0,1.3201402805611222,0.6768921782790713
H1_4d_9.jpg,5.368770573961763,0.0,1.2757234468937877,0.6823161100709847
H1_50a_1.jpg,4.935486546872604,0.0,1.13749498997996,0.7175972929138283
H1_50a_2.jpg,4.576046610232006,0.0,1.0003727454909819,0.7346682938681791
H1_50a_3.jpg,4.3180942477050674,0.0,0.910745490981964,0.7452613992633994
H1_50a_4.jpg,4.830062280784754,0.0,0.9105571142284568,0.7509798514619777
H1_50a_5.jpg,4.714990478988735,0.0,0.9541202404809619,0.7391972520434752
H1_50a_6.jpg,5.025901478646056,0.0,1.0514669338677354,0.7269831598739251
H1_50a_7.jpg,5.05106058639297,0.0,0.9247735470941884,0.7472292257152311
H1_50a_8.jpg,4.732516684389681,0.0,0.937811623246493,0.7439031086016124
H1_50a_9.jpg,4.6344210635917795,0.0,0.9010100200400801,0.7504073963764415
H1_50b_1.jpg,5.272626658636504,0.0,1.2583366733466934,0.7012224164410015
H1_50b_2.jpg,4.609105224103393,0.0,0.9526973947895794,0.7434289606367427
H1_50b_3.jpg,5.38464460646992,0.0,0.9884168336673347,0.7349260723582208
H1_50b_4.jpg,5.047780699275418,0.0,0.982629258517034,0.7353448570540158
H1_51a_1.jpg,6.161364922413509,0.0,6.367991983967936,0.44734243937376045
H1_51a_10.jpg,6.311494725152777,0.0,7.5857274549098195,0.4302603058608604
H1_51a_11.jpg,5.733087170845137,0.0,4.179859719438878,0.5362267683325375
H1_51a_12.jpg,5.982297577137588,0.0,5.862849699398797,0.48276129910293275
H1_51a_13.jpg,6.093450216376602,0.0,4.263555110220441,0.5191893258220656
H1_51a_14.jpg,5.709839157925393,0.0,4.166184368737475,0.5175391969857778
H1_51a_15.jpg,5.8071348724263165,0.0,4.383835671342686,0.5066170774935151
H1_51a_16.jpg,5.174768907462129,0.0,2.573194388777555,0.6212155889398943
H1_51a_17.jpg,5.200246258132291,0.0,3.4556072144288574,0.5951357303702591
H1_51a_18.jpg,6.1235106762687215,0.0,4.303026052104208,0.5241199024524856
H1_51a_19.jpg,5.617482211504551,0.0,3.1036472945891784,0.5614465999399988
H1_51a_2.jpg,5.891366117852529,0.0,4.340765531062123,0.5077430952829881
H1_51a_20.jpg,5.6195580018903275,0.0,3.087799599198396,0.5586543745342435
H1_51a_3.jpg,5.6667644822011285,0.0,3.2121402805611226,0.5674023416123182
H1_51a_4.jpg,6.111198872923704,0.0001,7.095254509018036,0.4564314601113151
H1_51a_5.jpg,6.197540039781206,0.0,8.117178356713428,0.41478492167842523
H1_51a_6.jpg,5.910356461812015,0.0,6.16395991983968,0.4541053582342666
H1_51a_7.jpg,5.903487541082664,0.0,4.602881763527053,0.5025615349892254
H1_51a_8.jpg,5.7197090069370065,0.0,3.160817635270541,0.583596953275956
H1_51a_9.jpg,6.20310491320145,0.000112,6.88011623246493,0.4455778546949732
H1_51b_1.jpg,5.92327054150329,0.0,4.213278557114229,0.5060265272435065
H1_51b_10.jpg,5.696152249224093,0.0,2.9680841683366737,0.5808410460628877
H1_51b_11.jpg,6.018777127299989,0.0,5.695691382765531,0.462089112185235
H1_51b_12.jpg,5.785518762184695,0.0,4.482617234468938,0.49979872435946376
H1_51b_13.jpg,5.869380230707004,0.0,5.3248216432865725,0.4731832430224667
H1_51b_14.jpg,5.848807558927155,0.0,3.997503006012024,0.5298862798009693
H1_51b_15.jpg,5.739272058756991,0.0,3.595691382765531,0.5543329212003866
H1_51b_16.jpg,6.037564819433116,0.0,5.6515110220440885,0.465452094054896
H1_51b_17.jpg,5.840554592926633,0.0,4.371466933867736,0.5093383766569755
H1_51b_18.jpg,5.345406249483964,0.0,3.888581162324649,0.5472913934984129
H1_51b_19.jpg,5.69653699899163,0.0,3.1731302605210416,0.5815792930241976
H1_51b_2.jpg,5.862963721904446,0.0,5.029875751503006,0.4718404543622085
H1_51b_20.jpg,5.853074101871582,0.0,3.4600440881763515,0.5599223701102867
H1_51b_21.jpg,6.124856820826441,0.0,6.529643286573146,0.4436216381911554
H1_51b_22.jpg,5.908326616477411,0.0,4.922717434869739,0.48909538621639603
H1_51b_23.jpg,5.2252192058198546,0.0,3.2934509018036073,0.5708523830217114
H1_51b_24.jpg,5.64724133938708,0.0,2.586140280561122,0.6057699417692558
H1_51b_25.jpg,5.855599432757576,0.0,3.2562404809619236,0.5657017273392644
H1_51b_3.jpg,6.18941140131579,0.0,5.716196392785571,0.4618894467932657
H1_51b_4.jpg,5.80636891594843,0.0,2.6376513026052106,0.5911333099312419
H1_51b_5.jpg,5.726601207987468,0.0,2.291026052104208,0.6081024013149875
H1_51b_6.jpg,6.025402508667616,0.0,5.0637675350701405,0.4801242621483798
H1_51b_7.jpg,6.063546560707727,5.6e-05,5.801186372745491,0.45481107092928763
H1_51b_8.jpg,6.0853291405269605,0.0,5.857178356713426,0.45888748817497405
H1_51b_9.jpg,5.882624817782541,0.0,3.226661322645291,0.5594751415517583
H1_51c_1.jpg,5.696041319490896,0.0,3.387174348697395,0.5527313496340179
H1_51c_10.jpg,5.564418227737207,0.0001,4.741775551102204,0.5273074320245218
H1_51c_11.jpg,5.914481723471789,0.000104,6.058741482965932,0.48171790565621986
H1_51c_12.jpg,5.9197508411168185,0.0,4.766176352705411,0.5006599681088062
H1_51c_13.jpg,5.127140439172675,0.0,2.491571142284569,0.6118663279791259
H1_51c_14.jpg,5.000474362139614,0.000136,2.7364408817635266,0.6190531323264225
H1_51c_15.jpg,5.716564747268096,0.000116,5.201054108216432,0.5147699448424317
H1_51c_16.jpg,5.6867763217795515,0.0,4.269887775551102,0.5243911097655315
H1_51c_2.jpg,5.860009222677237,0.0,4.97363126252505,0.4942366939617544
H1_51c_3.jpg,6.0076735488843065,0.0001,5.516553106212425,0.47231813088133245
H1_51c_4.jpg,5.9479180090647015,5.6e-05,5.349202404809619,0.4755752589597019
H1_51c_5.jpg,5.577269343700151,0.0,3.946104208416833,0.5389928704353598
H1_51c_6.jpg,5.827532052468844,0.0,5.393490981963928,0.47351084344179645
H1_51c_7.jpg,5.879051321853327,0.0,5.436585170340681,0.46851829323024347
H1_51c_8.jpg,5.951721246520729,0.0,5.342649298597194,0.4632900630159971
H1_51c_9.jpg,5.4346484177309256,0.0,3.4819358717434867,0.5537330873722344
H1_51d_1.jpg,5.406360665455465,0.0,3.8316312625250504,0.5636948570471504
H1_51d_10.jpg,5.803329758639965,0.0,3.967106212424849,0.5172086184441167
H1_51d_11.jpg,5.970805808084206,0.0,5.586240480961925,0.45960183925500014
H1_51d_12.jpg,6.014664382536445,0.0,6.20361122244489,0.4435871613875978
H1_51d_13.jpg,5.849248268576991,0.0,3.6728336673346695,0.536990189536557
H1_51d_14.jpg,6.023691075899025,0.0,3.983298597194389,0.5128884888750798
H1_51d_15.jpg,5.888637504740976,0.0,4.907286573146292,0.4883799136495667
H1_51d_16.jpg,5.923883182353398,0.0,5.627154308617234,0.45916991901104326
H1_51d_2.jpg,5.663089717470386,0.0,4.613995991983968,0.48967888247841096
H1_51d_3.jpg,5.708146742958618,0.0,4.877406813627255,0.4798623824734831
H1_51d_4.jpg,5.758171013383638,0.0,4.706569138276553,0.487035192110331
H1_51d_5.jpg,5.896914201730504,9.6e-05,5.3734068136272555,0.4811586776212325
H1_51d_6.jpg,5.98293414412775,0.0,4.3469659318637275,0.49883613124264103
H1_51d_7.jpg,5.9037419328761205,0.0,5.013679358717434,0.4751723890528362
H1_51d_8.jpg,5.977307531308753,0.0,5.37388376753507,0.4658181575478213
H1_51d_9.jpg,5.668785525743849,0.0,4.351030060120241,0.5133800661790158
H1_52a_1.jpg,5.759017510130742,0.0,2.634420841683367,0.5766037447155868
H1_52a_10.jpg,5.789005126987586,0.0,1.951695390781563,0.6196231490936487
H1_52a_11.jpg,5.83006905227461,0.0,2.566376753507014,0.5769685335407277
H1_52a_12.jpg,5.7270919997642125,0.0,2.5390340681362726,0.5790900708934175
H1_52a_13.jpg,5.683398007922066,0.0,1.7897515030060118,0.6362485918641313
H1_52a_14.jpg,5.773590869539602,0.0,1.9193827655310618,0.622838810631374
H1_52a_15.jpg,5.791878849061935,0.0,2.4949058116232465,0.5832084729665543
H1_52a_16.jpg,5.7265916663327365,0.0,2.5734909819639276,0.5735063824174511
H1_52a_2.jpg,5.82053168805452,0.0,2.6631262525050103,0.5710538288454392
H1_52a_3.jpg,5.550627476329455,0.0,2.4165971943887774,0.5863492157388273
H1_52a_4.jpg,5.587179407166994,0.0,2.454184368737475,0.5829454001612853
H1_52a_5.jpg,5.432173110109126,0.0,1.8350060120240483,0.6436337968012992
H1_52a_6.jpg,5.668788641618356,0.0,2.393154308617234,0.5885748926860217
H1_52a_7.jpg,5.971350645400493,0.0,2.579318637274549,0.5840858386524606
H1_52a_8.jpg,5.935732172442902,0.0,2.341490981963928,0.5956600511549074
H1_52a_9.jpg,5.683968726835394,0.0,1.829114228456914,0.6270881834345716
H1_52b_1.jpg,5.802110290057076,0.002,33.1096112224449,0.5988920262209331
H1_52b_10.jpg,5.315850098767028,0.0,1.1774749498997998,0.7030044128700322
H1_52b_11.jpg,5.576161776409646,0.0,1.355130260521042,0.6812975755178015
H1_52b_12.jpg,5.654480680186307,0.0,1.333679358717435,0.6866209476855634
H1_52b_13.jpg,5.492438645469416,0.000148,3.583523046092184,0.6392348145314088
H1_52b_14.jpg,5.263345978451443,0.0,1.0391863727454909,0.7244395615062219
H1_52b_15.jpg,5.479133448549928,0.0,1.13512625250501,0.7136585719167337
H1_52b_16.jpg,5.48121709339092,0.0,1.146921843687375,0.7105228957835892
H1_52b_2.jpg,5.792618403230218,0.0,2.8546212424849697,0.5579260186367115
H1_52b_3.jpg,5.877711450713723,0.0,2.6779118236472947,0.5767013116761442
H1_52b_4.jpg,5.784272009391807,0.0,2.3457795591182364,0.6025279348510308
H1_52b_5.jpg,5.646959502535229,0.002,27.170128256513028,0.6588308996032912
H1_52b_6.jpg,5.715612180235564,0.0,2.037322645290581,0.620406718001086
H1_52b_7.jpg,5.957246850975434,0.0,1.8760841683366736,0.6321711604661242
H1_52b_8.jpg,5.904169951477697,0.0,1.6766292585170341,0.6468170501985737
H1_52b_9.jpg,5.546347350858539,0.000744,13.738653306613228,0.6146155421899726
H1_52c_1.jpg,5.908128041159352,0.0,2.6414749498997994,0.5706441693435106
H1_52c_2.jpg,6.1037419761424365,0.0,2.859819639278557,0.5501975031664581
H1_52c_3.jpg,6.057937637833848,0.0,2.061086172344689,0.6155007559236068
H1_52c_4.jpg,5.948042806468192,0.0,2.49139879759519,0.5838844870297997
H1_52c_5.jpg,6.00520824638027,0.0,2.268340681362725,0.5916527819460906
H1_52c_6.jpg,5.975195529448484,0.0,1.9608456913827657,0.6226791144200136
H1_52c_7.jpg,5.875863328517816,0.0,2.298428857715431,0.5987336180524718
H1_52c_8.jpg,5.948198501877638,0.0,2.012420841683367,0.615441883699925
H1_52c_9.jpg,5.646257939142793,0.0,1.70924248496994,0.645458008934672
H1_53a_1.jpg,5.945553495517189,0.0,1.9999358717434874,0.6200472601133326
H1_53a_10.jpg,5.692415039906523,0.0,1.5023046092184371,0.6685415229484167
H1_53a_11.jpg,5.863892474496285,0.0,1.4833426853707414,0.665713596529637
H1_53a_12.jpg,5.99456106661474,0.0,1.2678917835671344,0.6881427610178297
H1_53a_13.jpg,5.671680899826734,0.0,1.4862685370741482,0.6694751848477749
H1_53a_14.jpg,5.549958048000885,0.0,1.3407134268537075,0.6785397959314916
H1_53a_15.jpg,5.030001321726245,0.0,0.9350981963927856,0.7374836841038133
H1_53a_16.jpg,5.532207099332432,0.0,1.1943486973947897,0.7039024443702886
H1_53a_17.jpg,5.703063665747566,0.0,1.3843206412825653,0.679660449207055
H1_53a_18.jpg,5.68748661084096,0.0,1.299310621242485,0.6928168726623176
H1_53a_19.jpg,5.269528958496192,0.0,0.9490581162324647,0.7349093246121499
H1_53a_2.jpg,6.087224566707247,0.0,1.7320721442885771,0.6424295280080514
H1_53a_20.jpg,5.110351807265391,0.0,0.9965731462925852,0.7305495461418839
H1_53a_3.jpg,5.563682783409389,0.0,1.5951783567134268,0.6569567649636292
H1_53a_4.jpg,5.395365100087619,0.0,1.1370420841683369,0.7084881674401666
H1_53a_5.jpg,5.700086868109744,0.0,1.424360721442886,0.6777728031636302
H1_53a_6.jpg,5.966822024103583,0.0,1.770997995991984,0.6382859032467726
H1_53a_7.jpg,5.955927988859284,0.0,2.0914709418837676,0.6096417154134174
H1_53a_8.jpg,5.734053571143537,0.0,1.6275551102204409,0.6539225717178618
H1_53a_9.jpg,5.4823454170339225,0.0,1.647683366733467,0.6540607822410365
H1_53b_1.jpg,5.84335388220701,0.0,2.011627254509018,0.6212932600015245
H1_53b_10.jpg,4.51090335564681,0.0,0.8509939879759519,0.7545790516324993
H1_53b_11.jpg,5.715621750404723,0.0,1.6513947895791583,0.6462426038221634
H1_53b_12.jpg,5.4481215660147955,0.0,1.6996993987975952,0.6425825162491556
H1_53b_13.jpg,5.293541591543151,0.0,1.4427134268537074,0.6687208601032467
H1_53b_14.jpg,5.443828097845808,0.0,1.4434468937875753,0.6725433252756439
H1_53b_15.jpg,5.4299350401577895,0.0,1.3387895791583166,0.6881663589333682
H1_53b_16.jpg,5.669000166378059,0.0,1.6446613226452906,0.6456525274341068
H1_53b_17.jpg,5.572754627108026,0.0,1.5999358717434866,0.6536921307989794
H1_53b_18.jpg,5.58905512318686,0.0,1.4505531062124248,0.6825043269454266
H1_53b_19.jpg,5.109361607836876,0.0,1.2605851703406814,0.6946149119953244
H1_53b_2.jpg,5.712081585583746,0.0,1.655486973947896,0.6436069750235048
H1_53b_20.jpg,5.479272948495466,0.0,1.3688737474949901,0.677086606774226
H1_53b_3.jpg,5.556768646393583,0.0,1.3268857715430862,0.6815225661106111
H1_53b_4.jpg,5.1981886871983045,0.0,1.1801402805611223,0.7057790773365551
H1_53b_5.jpg,5.240024972312056,0.0,1.0028977955911822,0.7300275163425244
H1_53b_6.jpg,5.859032380397549,0.0,2.0916232464929863,0.6109275491976263
H1_53b_7.jpg,5.6663702197870025,0.0,1.5453707414829658,0.6578239827265906
H1_53b_8.jpg,5.586094536758001,0.0,1.5374869739478956,0.6584589698921772
H1_53b_9.jpg,4.971418884890225,0.0,1.00898997995992,0.7327088657928176
H1_53c_1.jpg,5.347257248957234,0.0,1.3271903807615226,0.6894925584224877
H1_53c_2.jpg,5.805522208361204,0.0,2.109074148296593,0.6003733305439356
H1_53c_3.jpg,6.0440540056749406,0.0,2.636825651302605,0.5692630402814916
H1_53c_4.jpg,4.719401351398585,0.0,0.8882845691382766,0.7594905196501799
H1_53c_5.jpg,5.707418179330421,0.0,2.096276553106213,0.6248518074773375
H1_53c_6.jpg,5.9403750691118855,0.0,2.643422845691382,0.5731035247793186
H1_53c_7.jpg,4.656459504467778,0.0,0.9908416833667334,0.7575015845378719
H1_53c_8.jpg,5.667863120915088,0.0,1.2967855711422847,0.714581356918268
H1_53c_9.jpg,5.831559029497332,0.0,2.8493346693386767,0.5696216327270542
H1_54a_1.jpg,3.871767411009112,0.0,1.273503006012024,0.7085454488020448
H1_54a_10.jpg,5.323141039943097,0.0,1.9544168336673349,0.6398437272580662
H1_54a_11.jpg,4.309095698248462,0.0,1.3917715430861723,0.691780677138638
H1_54a_12.jpg,3.6478339760906224,0.0,1.135326653306613,0.7182522363327756
H1_54a_13.jpg,4.763629537060565,0.0,1.9688296593186367,0.6401177303501107
H1_54a_14.jpg,5.565528679367864,0.0,1.9864168336673347,0.6271833761250318
H1_54a_15.jpg,5.695610471358503,0.0,1.637302605210421,0.6619095760294738
H1_54a_16.jpg,4.5089993006466065,0.0,1.3465931863727456,0.6988155501629599
H1_54a_2.jpg,5.019394673043286,0.0,1.2924448897795593,0.6965713452200517
H1_54a_3.jpg,3.951830025150778,0.0,1.2804929859719438,0.7065853067950215
H1_54a_4.jpg,3.5863781342838097,0.0,1.187955911823647,0.717203690093235
H1_54a_5.jpg,4.34949853535598,0.0,1.4209298597194393,0.6950810583507062
H1_54a_6.jpg,5.300983484568168,0.0,1.7073186372745486,0.6595302949377471
H1_54a_7.jpg,3.818046262038854,0.0,1.188,0.7199337483847748
H1_54a_8.jpg,3.887792984739598,0.0,1.192885771543086,0.7121220418398589
H1_54a_9.jpg,4.911762830071568,0.0,2.50301002004008,0.6295997217595842
H1_54b_1.jpg,5.278809624717745,0.0,1.690861723446894,0.6532271463899328
H1_54b_2.jpg,5.373840755239329,0.0,1.7048817635270541,0.6484556375498853
H1_54b_3.jpg,5.273892579333884,0.0,1.6270581162324649,0.6575660758380324
H1_54b_4.jpg,5.708154320462088,0.0,2.1829819639278556,0.615760687230702
H1_54b_5.jpg,5.943724585068158,0.0,2.283250501002004,0.5945996914436436
H1_54b_6.jpg,5.859739966003021,0.0,2.267867735470942,0.5947655525952579
H1_54c_1.jpg,3.7588224227077798,0.0,1.2747054108216431,0.7005615701225867
H1_54c_2.jpg,5.098761492925756,0.0,2.1279919839679358,0.6330305288628689
H1_54c_3.jpg,4.6743670612461985,0.0,1.6196112224448895,0.6766222688775743
H1_54c_4.jpg,4.603502273307498,0.001792,24.9089378757515,0.6739374048976661
H1_54c_5.jpg,4.852280862227061,0.0,1.9284488977955914,0.6549853536526208
H1_54c_6.jpg,4.594375273421755,0.0,1.7728176352705411,0.6716121470955441
H1_54c_7.jpg,4.763599062023219,0.002024,27.563438877755512,0.6690132723896695
H1_54c_8.jpg,5.036857597201371,0.0,1.9417314629258515,0.6519861824988958
H1_54c_9.jpg,4.891217713928048,0.0,1.8585651302605213,0.6605405527722162
H1_55a_1.jpg,5.3496695883673,0.0,3.388296593186373,0.5503262834628592
H1_55a_2.jpg,5.464082901362579,0.0,2.432949899799599,0.5894744192905296
H1_55a_3.jpg,5.570222486767747,0.0,2.3739519038076153,0.6042064234425224
H1_55a_4.jpg,5.246658306928622,0.0,2.101434869739479,0.6178336973074005
H1_55a_5.jpg,5.228017461315922,0.0,1.7816753507014027,0.6398938757975702
H1_55a_6.jpg,5.008265634588979,0.0,1.7074308617234468,0.6476641709780864
H1_55a_7.jpg,5.402968303041382,0.0,2.511210420841684,0.598833268588636
H1_55a_8.jpg,5.286694576036512,0.0,1.7409619238476952,0.6444080637684493
H1_55a_9.jpg,5.0897510479238,0.0,1.5947655310621243,0.6609735889435648
H1_55b_1.jpg,5.203764643091104,0.0,2.8677074148296593,0.5632949293215775
H1_55b_10.jpg,5.449601455772896,0.0,2.605671342685371,0.5890697861723515
H1_55b_11.jpg,5.471472668615266,0.0,2.156064128256513,0.6208698270951196
H1_55b_12.jpg,5.570666458132799,0.0,2.144476953907816,0.6101795984696421
H1_55b_2.jpg,5.337735984914851,0.0,2.5208336673346694,0.5951369677696322
H1_55b_3.jpg,5.425082820796055,0.0,2.1708617234468934,0.6149023401431482
H1_55b_4.jpg,5.334621825517746,0.0,1.8450140280561118,0.6375504166443688
H1_55b_5.jpg,5.452235953723412,0.0,2.953450901803607,0.5684275645715826
H1_55b_6.jpg,5.720626194320602,0.0,3.414629258517034,0.547603769133549
H1_55b_7.jpg,5.263886243551188,0.0,2.146084168336673,0.6222297787232117
H1_55b_8.jpg,5.350883034142616,0.0,2.066248496993988,0.618631892547789
H1_55b_9.jpg,5.841410313054855,0.0,4.255410821643286,0.5084272059921483
H1_55c_1.jpg,5.7766481792775695,0.0,2.7157194388777555,0.5762912740303137
H1_55c_2.jpg,5.6394648809338035,0.0,2.1765891783567133,0.6024511095287269
H1_55c_3.jpg,5.434312811955335,0.0,2.1354468937875755,0.6130237521671867
H1_55c_4.jpg,5.941251172142741,0.0,3.4538196392785574,0.5375660925328972
H1_55c_5.jpg,5.789433368770071,0.0,2.8742885771543083,0.5567102033392048
H1_55c_6.jpg,5.45167621027265,0.0,2.290328657314629,0.5947415886952958
H1_55c_7.jpg,5.792263114707712,0.0,3.3340320641282566,0.5457199411194378
H1_55c_8.jpg,5.865350297449767,0.0,3.0789058116232466,0.5565554047074758
H1_55c_9.jpg,5.467825847631835,0.0,2.2757194388777555,0.5980938916847671
H1_55d_1.jpg,5.396433404233815,0.0,2.131318637274549,0.6163799921598185
H1_55d_10.jpg,4.593264637622761,0.0,1.9815070140280555,0.64031554276844
H1_55d_11.jpg,5.5632548267148225,0.0,2.391446893787575,0.5977711725419625
H1_55d_12.jpg,5.347040524809337,0.0,2.643058116232465,0.5791358734843834
H1_55d_13.jpg,5.339308208880337,0.0,3.246340681362726,0.5556375233176294
H1_55d_14.jpg,5.436269964738963,0.0,2.8345250501002,0.5763112549744387
H1_55d_15.jpg,5.728498332088182,0.0,3.3673146292585168,0.5449593217605921
H1_55d_16.jpg,4.703149429206269,0.0,2.515114228456914,0.5911634276312256
H1_55d_17.jpg,4.896477267052392,0.0,2.475803607214429,0.5977247111589931
H1_55d_18.jpg,5.604343578220489,0.0,5.222665330661322,0.4921860408031601
H1_55d_19.jpg,4.936043871907102,0.0,2.8477074148296597,0.5837677062354383
H1_55d_2.jpg,5.515392396826116,0.0,2.5077474949899803,0.594828092866748
H1_55d_20.jpg,4.9538815243885495,0.0,1.9942925851703408,0.6360033386450414
H1_55d_21.jpg,4.633925742658896,0.0,2.623703406813627,0.5818283023116572
H1_55d_22.jpg,4.864560078459048,0.0,2.5032104208416834,0.5951374259113122
H1_55d_23.jpg,5.570958663362562,0.0,4.901795591182363,0.5013155757424685
H1_55d_24.jpg,4.871681630821152,0.0,2.8129859719438883,0.5902237120150655
H1_55d_25.jpg,4.778814748028441,0.0,1.8932905811623246,0.6499460025527012
H1_55d_3.jpg,4.778306942658872,0.0,2.311943887775551,0.62119319874203
H1_55d_4.jpg,4.349854615513891,0.0,1.6920881763527056,0.6625305774988077
H1_55d_5.jpg,4.199159361087423,0.0,1.5689258517034066,0.6713148640081754
H1_55d_6.jpg,4.7818077853118846,0.0,2.2070100200400793,0.6290266863456391
H1_55d_7.jpg,5.435643641043292,0.0,2.438501002004008,0.5922158235881526
H1_55d_8.jpg,5.1844614534818785,0.0,2.198036072144289,0.6188624744001411
H1_55d_9.jpg,4.8401243140272525,0.0,2.1172745490981963,0.6220760432901301
H1_56a_1.jpg,5.111344366399805,0.0,2.048392785571142,0.6415298625519419
H1_56a_2.jpg,6.008263324281201,0.0,3.971234468937876,0.5261475024156035
H1_56a_3.jpg,5.319281322821976,0.0,2.0775230460921845,0.6451299803525302
H1_56a_4.jpg,5.974461868839297,0.0,2.790941883767535,0.5614189352331707
H1_56a_5.jpg,6.1419888909818345,0.0,3.0422765531062126,0.5411707509762315
H1_56a_6.jpg,5.570648705623977,0.0,1.8597034068136273,0.6298616966285746
H1_56a_7.jpg,5.884433451943917,0.0,2.7647895791583164,0.5639192698274154
H1_56a_8.jpg,5.923310151560795,0.0,2.7363486973947895,0.559222664279134
H1_56a_9.jpg,5.384813081987847,0.0,1.8559559118236475,0.6283475047810787
H1_56b_1.jpg,5.4609189624783205,0.002,30.803398797595186,0.6346579134953174
H1_56b_2.jpg,5.438207783678841,0.0,1.6199719438877755,0.6570168310888695
H1_56b_3.jpg,5.531859688775543,0.0,2.0568537074148296,0.6268044557374739
H1_56b_4.jpg,5.323952000201723,0.002,31.479623246492988,0.6384472456760283
H1_56b_5.jpg,5.260374413996458,0.0,1.7637034068136273,0.6456816477535148
H1_56b_6.jpg,5.400727588206507,0.0,1.868941883767535,0.6408382815886345
H1_56b_7.jpg,5.386306703077628,0.00178,28.381202404809617,0.6388755680786211
H1_56b_8.jpg,5.3154794404280725,0.0,1.7893346693386776,0.6436344662363433
H1_56b_9.jpg,5.42983498991481,0.0,1.9260521042084169,0.6371114806530831
H1_56c_1.jpg,5.9196616384980745,0.0,2.806681362725451,0.5629359674027753
H1_56c_2.jpg,5.8856451500940645,0.0,2.384120240480962,0.5877443085981688
H1_56c_3.jpg,5.684377142122628,0.0,2.156625250501002,0.6079264367795494
H1_56c_4.jpg,5.843323189903246,0.0,2.626380761523046,0.573732319498649
H1_56c_5.jpg,5.950452953393094,0.0,2.3359639278557114,0.588109138753967
H1_56c_6.jpg,5.949217604428993,0.0,2.0912344689378757,0.6119895233150702
H1_56c_7.jpg,5.889195177971002,0.0,2.466212424849699,0.5885580085246828
H1_56c_8.jpg,5.761344862794644,0.0,2.1007975951903806,0.6117546266319789
H1_56c_9.jpg,5.859070486394513,0.0,1.9965891783567131,0.6141609508102005
H1_56d_1.jpg,5.696885459479388,0.0,1.8476392785571139,0.6342697557518356
H1_56d_2.jpg,5.44938038260664,0.0,1.9630941883767532,0.6197206998056521
H1_56d_3.jpg,5.856945840489494,0.0,2.627723446893788,0.5813611785330439
H1_56d_4.jpg,5.70142399632946,0.0,2.400509018036072,0.6033625818915586
H1_56d_5.jpg,5.8550073085270595,0.0,2.8199679358717433,0.5815425477998893
H1_56d_6.jpg,5.631465792592506,0.0,2.1638156312625254,0.6077207556040944
H1_56d_7.jpg,5.972543678053858,0.0,2.4355110220440883,0.6050600739096756
H1_56d_8.jpg,5.225051675319663,0.0,1.901887775551102,0.6481160401491018
H1_56d_9.jpg,5.7345711583113275,0.0,2.37448496993988,0.6012136840464993
H1_56e_1.jpg,5.840850932670054,0.0,3.035711422845692,0.5418036068193814
H1_56e_2.jpg,5.965290039178104,0.0,3.196957915831663,0.5444833994867417
H1_56e_3.jpg,5.866117686686576,0.0,2.404661322645291,0.5869611391529354
H1_56e_4.jpg,6.02343238847038,0.0,3.153122244488978,0.5458070222224864
H1_56e_5.jpg,6.227224582523521,0.0,3.379318637274549,0.5260457996317192
H1_56e_6.jpg,6.167187535528132,0.0,3.019687374749499,0.5445129751670401
H1_56e_7.jpg,5.674822165595926,0.0,2.82753507014028,0.5640645628781991
H1_56e_8.jpg,6.059685533510287,0.0,3.5278196392785572,0.5239130877742891
H1_56e_9.jpg,6.275866831118037,0.0,4.920665330661323,0.46630619842714127
H1_57a_1.jpg,3.314404914578239,0.0,0.6180200400801603,0.8008674321027566
H1_57a_2.jpg,3.124348717054875,0.0,0.5668537074148298,0.8085339166531671
H1_57a_3.jpg,3.2697517216450454,0.0,0.581619238476954,0.8106264408773521
H1_57a_4.jpg,4.328484636978565,0.0,0.6900721442885773,0.7849579043126835
H1_57a_5.jpg,3.979140860860174,0.0,0.5947454909819639,0.8064869233440588
H1_57a_6.jpg,3.7603424490167807,0.0,0.545619238476954,0.8159854313886425
H1_57a_7.jpg,3.823349961922321,0.0,0.5838517034068135,0.8083253363324422
H1_57a_8.jpg,5.2287424140647,0.0,0.8336112224448895,0.773500623692059
H1_57a_9.jpg,4.952317381999993,0.0,0.5946012024048095,0.8027807756885911
H1_57b_1.jpg,4.273575008919713,0.0,0.894809619238477,0.75271801830579
H1_57b_2.jpg,3.1768843545033425,0.0,0.5934669338677354,0.8006124879719141
H1_57b_3.jpg,3.7411915265365305,0.0,0.6250100200400803,0.7967369393746075
H1_57b_4.jpg,3.691823405805956,0.0,0.6089098196392786,0.8023346468504557
H1_57b_5.jpg,4.546176979426371,0.0,0.7964248496993988,0.7645120068281537
H1_57b_6.jpg,3.5290872634521397,0.001504,18.818513026052106,0.799795325534233
H1_57b_7.jpg,3.3075351847373757,0.0,0.5986973947895792,0.8052744144615572
H1_57b_8.jpg,3.0109560112321185,0.0,0.5432625250501002,0.815261310009036
H1_57b_9.jpg,4.182768485458814,0.002,27.722653306613232,0.7932586161017755
H1_57c_1.jpg,4.601055118100998,0.0,0.9996953907815632,0.7399136323788575
H1_57c_2.jpg,3.959129275295529,0.0,0.6994949899799598,0.7816425704729747
H1_57c_3.jpg,3.1694196550089426,0.0,0.6297394789579159,0.7957559454778458
H1_57c_4.jpg,3.56176391651793,0.0,0.6825891783567134,0.7911040545564652
H1_57c_5.jpg,4.1585509589638425,0.0,0.6987815631262524,0.7823251780797864
H1_57c_6.jpg,2.917520970338037,0.0,0.5714148296593187,0.8098368968238604
H1_57c_7.jpg,3.0947787733061576,0.0,0.6027535070140281,0.8040790164793447
H1_57c_8.jpg,4.45673393738025,0.0,0.7804729458917836,0.7671377807583061
H1_57c_9.jpg,3.2691263443472374,0.0,0.623250501002004,0.7992358821777398
H1_58a_1.jpg,4.92253600315965,0.0,2.1945651302605214,0.6207511420021695
H1_58a_2.jpg,4.98501375656933,0.0,2.3092585170340683,0.6085798197997656
H1_58a_3.jpg,4.919944599085442,0.0,2.491867735470942,0.6016348921380118
H1_58a_4.jpg,4.9594162870277465,0.0,1.948793587174349,0.6383265056703048
H1_58a_5.jpg,4.729157733041122,0.0,1.6867975951903809,0.6543102945073554
H1_58a_6.jpg,5.01782685559797,0.0,2.140697394789579,0.6144706061710903
H1_58a_7.jpg,4.738399368336639,0.0,1.657462925851703,0.6678976807606085
H1_58a_8.jpg,4.952554441540647,0.0,1.9397875751503009,0.6311496502172566
H1_58a_9.jpg,4.762154842517484,0.0,1.536693386773547,0.672658733831359
H1_58b_1.jpg,4.787913234638357,0.0,2.0752144288577155,0.6319793768515269
H1_58b_10.jpg,4.987173625603892,0.0,2.072701402805611,0.635629793508645
H1_58b_11.jpg,4.977768269314404,0.0,1.9373226452905812,0.6482325290559583
H1_58b_12.jpg,4.829265693034766,0.0,2.0943527054108215,0.6247580278682604
H1_58b_2.jpg,4.612807447646371,0.0,1.5084128256513027,0.6773064670262385
H1_58b_3.jpg,4.8909662671859,0.0,1.5955791583166332,0.6680059225692142
H1_58b_4.jpg,4.61682222505876,0.0,1.8125410821643286,0.6551225080109407
H1_58b_5.jpg,4.7490641359021755,0.0,1.667619238476954,0.6584229256131475
H1_58b_6.jpg,4.768003723627504,0.0,1.7035911823647294,0.6547642024261824
H1_58b_7.jpg,5.018361912764556,0.0,2.2045290581162327,0.6240681534156913
H1_58b_8.jpg,4.933952057591574,0.0,1.933122244488978,0.6504968028676499
H1_58b_9.jpg,4.776375835892854,0.0,2.219330661322645,0.6183637305159803
H1_58c_1.jpg,4.750241706845408,0.0,2.111250501002004,0.6275410616460784
H1_58c_2.jpg,4.731448245826169,0.0,1.7949018036072142,0.660394853975269
H1_58c_3.jpg,5.016642465565411,0.0,2.5198997995991985,0.6005210887149044
H1_58c_4.jpg,4.8295658683190394,0.0,2.0665490981963925,0.63499586603567
H1_58c_5.jpg,4.342229331770502,0.0,1.6630060120240482,0.6653859715353053
H1_58c_6.jpg,4.565892336527674,0.0,1.761935871743487,0.6585651043411354
H1_58c_7.jpg,4.855550683404426,0.0,2.1324288577154302,0.6305674530229908
H1_58c_8.jpg,4.804874762866098,0.0,2.1386733466933867,0.6281543702698167
H1_58c_9.jpg,4.665367450277387,0.0,1.9815310621242486,0.6404605147089666
H1_59a_1.jpg,6.111374848874049,0.0,2.271735470941884,0.6089937253309492
H1_59a_2.jpg,5.204521652700977,0.0,2.5691863727454907,0.5871854311657421
H1_59a_3.jpg,5.4487644791139695,0.0,3.442336673346694,0.5308169278897463
H1_59a_4.jpg,4.946633173896028,0.0,1.7695591182364725,0.6593542358751275
H1_59a_5.jpg,5.058966366022843,0.0,2.897875751503006,0.5774428197186355
H1_59a_6.jpg,5.232966398991793,0.0,3.238288577154308,0.5392924726967083
H1_59a_7.jpg,4.8612527996714245,0.0,1.6017755511022043,0.6737500290873482
H1_59a_8.jpg,4.726731246155821,0.0,2.4214749498998,0.6022321553306812
H1_59a_9.jpg,4.976649311170662,0.0,2.6387775551102206,0.5769677667514735
H1_59b_1.jpg,5.401340208456753,0.0,3.8470060120240483,0.5251849166580186
H1_59b_10.jpg,5.2850223308331525,0.0,3.502140280561122,0.5471723079876885
H1_59b_11.jpg,5.5269412720134445,0.0,4.0453907815631265,0.5153711008485422
H1_59b_12.jpg,5.492442905490499,0.0,3.588765531062125,0.534341177411009
H1_59b_13.jpg,5.026388865788348,0.0,2.9364248496993994,0.5660396575368734
H1_59b_14.jpg,5.253968894471973,0.0,3.3314709418837674,0.552141463532564
H1_59b_15.jpg,5.500331842692214,0.0,3.8044609218436873,0.5256411205532043
H1_59b_16.jpg,5.489620677501495,0.0,3.499182364729459,0.5377080591081252
H1_59b_2.jpg,5.457071833991049,0.0,3.743190380761524,0.5258589190408045
H1_59b_3.jpg,5.225170731087343,0.0,3.1340440881763536,0.5569860774322676
H1_59b_4.jpg,5.2077970268373015,0.0,2.942817635270541,0.5642007143213863
H1_59b_5.jpg,5.368490183558712,0.0,3.6788416833667332,0.5338042158369235
H1_59b_6.jpg,5.536452026305273,0.0,3.584440881763527,0.522286678668096
H1_59b_7.jpg,5.768703496724351,0.0,3.925635270541082,0.5130772869664366
H1_59b_8.jpg,5.694242137512284,0.0,3.8506132264529063,0.5119987773522984
H1_59b_9.jpg,5.044769823761327,0.0,3.2032344689378753,0.5529730948212985
H1_59c_1.jpg,4.939305147707344,0.0,2.904653306613226,0.5744819440313035
H1_59c_2.jpg,4.795729722824241,0.0,2.430092184368738,0.6167806390020167
H1_59c_3.jpg,4.703403333767296,0.0,2.144496993987976,0.6376469521672565
H1_59c_4.jpg,5.633092290137008,0.0,3.0409539078156316,0.5634010819369139
H1_59c_5.jpg,4.87003943025435,0.0,1.8704649298597193,0.6451150482481077
H1_59c_6.jpg,4.789339814497382,0.0,1.90098997995992,0.6494396916144732
H1_59c_7.jpg,5.677066754897717,0.0,3.004292585170341,0.5637255882353736
H1_59c_8.jpg,4.8957704730230835,0.0,1.8640801603206412,0.6468542172794738
H1_59c_9.jpg,4.821935552602908,0.0,1.9003687374749494,0.6490346216769823
H1_59d_1.jpg,5.3676852544816125,0.0,3.378276553106212,0.5467262109419838
H1_59d_2.jpg,5.16082761330372,0.0,2.451691382765531,0.5993721851086652
H1_59d_3.jpg,5.416487916869586,0.0,2.607006012024048,0.5935745513107547
H1_59d_4.jpg,3.7668352296581284,0.0,1.6815270541082166,0.6794282051175455
H1_59d_5.jpg,5.14101688793246,0.0,2.4735671342685372,0.6084520399991964
H1_59d_6.jpg,3.8945324239109325,0.0,1.4370340681362723,0.69944172316074
H1_59d_7.jpg,3.5810941298953085,0.0,1.524753507014028,0.6952527279916224
H1_59d_8.jpg,4.885326408427296,0.0,1.8574468937875752,0.6476239343483933
H1_59d_9.jpg,4.090532747560568,0.0,1.597070140280561,0.6847990057719656
H1_5a_1.jpg,5.579519831323277,0.0,1.4399799599198397,0.6726045617182148
H1_5a_10.jpg,5.911786780840094,0.0,1.9167254509018037,0.6257343811999081
H1_5a_11.jpg,5.218724920037702,0.0,0.8861482965931864,0.7453669296004763
H1_5a_12.jpg,5.774122423623988,0.0,1.26475751503006,0.6894325806059751
H1_5a_13.jpg,5.63365147715751,0.0,1.983074148296593,0.616002965901773
H1_5a_14.jpg,5.8043489691044865,0.0,1.858769539078156,0.6287118134948383
H1_5a_15.jpg,5.327878093865301,0.0,0.8920040080160322,0.7458268107693986
H1_5a_16.jpg,5.8685968144777645,0.0,1.3134228456913828,0.6858591039084135
H1_5a_2.jpg,5.727362083736955,0.0,1.4068697394789578,0.6704732835331181
H1_5a_3.jpg,6.060565478953651,0.0,1.7332264529058117,0.6405085647413302
H1_5a_4.jpg,5.641402059785743,0.0,1.2696833667334668,0.6873576996735231
H1_5a_5.jpg,5.348057201932053,0.0,1.773110220440882,0.6610709575958833
H1_5a_6.jpg,6.05301359580817,0.0,1.8267655310621245,0.6186530318212775
H1_5a_7.jpg,5.255711188613206,0.0,0.8798757515030061,0.7485337576251712
H1_5a_8.jpg,5.645631944702059,0.0,1.2104809619238477,0.6935751356197353
H1_5a_9.jpg,5.602296634346391,0.0,1.97823246492986,0.6180249992967877
H1_5b_1.jpg,5.387270130554541,0.0,1.0649659318637275,0.714060432608058
H1_5b_10.jpg,5.631488488756401,0.0,0.9911422845691382,0.7294070941660737
H1_5b_11.jpg,5.826864180966752,0.0,1.2385210420841686,0.6925566104657404
H1_5b_12.jpg,5.69839268622801,0.0,1.3155871743486975,0.6801150072334905
H1_5b_13.jpg,5.959867027335712,0.0,1.489763527054108,0.6594980957823693
H1_5b_14.jpg,5.719406592363941,0.0,1.2092464929859719,0.6948405333653949
H1_5b_15.jpg,5.40535267900358,0.0,1.0123727454909819,0.7259495344280964
H1_5b_16.jpg,5.4659532109066005,0.0,1.0389098196392785,0.7208508157772511
H1_5b_2.jpg,5.96737449977118,0.0,1.3919238476953908,0.6737272481188412
H1_5b_3.jpg,5.9905999870629625,0.0,1.17149498997996,0.7045456800632706
H1_5b_4.jpg,6.025808649095603,0.0,0.8711382765531063,0.7450106066700193
H1_5b_5.jpg,5.152479614019899,0.0,1.0006372745490981,0.7298838063672053
H1_5b_6.jpg,5.216588909999819,0.0,0.7735150300601203,0.7713501603258168
H1_5b_7.jpg,5.382933977643999,0.0,0.8546412825651302,0.755445104586083
H1_5b_8.jpg,5.474407407217316,0.0,0.9216032064128257,0.7398852451335407
H1_5b_9.jpg,5.873758763340433,0.0,1.4517875751503007,0.6602652923487764
H1_5c_1.jpg,5.372014304464732,0.0,0.9704168336673348,0.7323912836995603
H1_5c_10.jpg,5.639909411789356,0.0,1.017687374749499,0.7211756247825559
H1_5c_11.jpg,5.348349855750792,0.0,1.1178396793587175,0.7093324747866835
H1_5c_12.jpg,5.600911598411883,0.0,1.1960160320641282,0.688689162117758
H1_5c_13.jpg,5.638472321873245,0.0,1.3061803607214428,0.691975586144858
H1_5c_14.jpg,5.151012649158772,0.0,0.8958316633266534,0.7450575659618243
H1_5c_15.jpg,4.93293731494744,0.0,0.8682484969939881,0.7571085393588636
H1_5c_16.jpg,5.574878896988121,0.0,1.1198236472945893,0.7117172195431707
H1_5c_2.jpg,5.514128327151502,0.0,1.036380761523046,0.7179991982193356
H1_5c_3.jpg,5.5653565532396225,0.0,1.064945891783567,0.7196926005762174
H1_5c_4.jpg,5.607184637015659,0.0,1.078685370741483,0.7107505958702258
H1_5c_5.jpg,5.580271669760927,0.0,1.2477995991983968,0.7030083102228006
H1_5c_6.jpg,5.565241359341299,0.0,1.2322044088176352,0.6918654620051143
H1_5c_7.jpg,5.554690509828371,0.0,1.105298597194389,0.711303689947507
H1_5c_8.jpg,5.561749631535381,0.0,1.0913346693386774,0.7079448096932484
H1_5c_9.jpg,5.457149828672878,0.0,1.332352705410822,0.6843585590042146
H1_60a_1.jpg,4.9519915606380565,0.0,3.806276553106213,0.5328192701601087
H1_60a_2.jpg,5.266206263662285,0.0,4.181967935871744,0.5075694774032853
H1_60a_3.jpg,4.841213454990849,0.0,3.5681883767535063,0.5320098181168496
H1_60a_4.jpg,4.95523091178264,0.0,3.636276553106212,0.5421793836889982
H1_60a_5.jpg,5.155258206867521,0.0,4.0228496993987966,0.5139733148345431
H1_60a_6.jpg,5.024094682119341,0.0,4.050104208416833,0.5137679405930907
H1_60a_7.jpg,5.0580387834480804,0.0,3.645851703406813,0.5413999019201806
H1_60a_8.jpg,5.197099688722576,0.0,4.2716513026052105,0.5060589630071215
H1_60a_9.jpg,5.103219985583871,0.0,4.566821643286573,0.49774787703409473
H1_60b_1.jpg,4.911525214918387,0.0,4.275543086172345,0.5167844893390002
H1_60b_10.jpg,4.91293559531146,0.0,3.8615951903807613,0.5254420097499279
H1_60b_11.jpg,5.145589618753254,0.0,4.1793507014028055,0.5213072724833157
H1_60b_12.jpg,5.217086466253323,0.0,3.7826132264529058,0.5363580942274834
H1_60b_13.jpg,4.80144433454593,0.0,3.6651943887775555,0.5428955469603834
H1_60b_14.jpg,4.906843001991598,0.0,3.709739478957916,0.5305171866879097
H1_60b_15.jpg,5.059694085967601,0.0,3.77765130260521,0.5364428621380987
H1_60b_16.jpg,5.135378977993745,0.0,3.5004529058116223,0.5470072465797374
H1_60b_2.jpg,5.21356479257348,0.0,4.313623246492987,0.5039751091375856
H1_60b_3.jpg,5.372076615869346,0.0,4.852725450901803,0.486421799751477
H1_60b_4.jpg,5.408633772944701,0.0,4.475034068136273,0.5023143286155968
H1_60b_5.jpg,4.990350105254853,0.0,4.130997995991984,0.5268287893464599
H1_60b_6.jpg,4.961991321594329,0.0,3.6532745490981964,0.5322713791202045
H1_60b_7.jpg,5.318482268765275,0.0,4.596641282565131,0.5032678657278984
H1_60b_8.jpg,5.379872413204762,0.0,4.488076152304609,0.5030084696803454
H1_60b_9.jpg,4.817547855890805,0.0,3.95862124248497,0.529604071946715
H1_60c_1.jpg,4.7371966214462535,0.0,3.7367254509018046,0.5388523353022897
H1_60c_2.jpg,4.7988484631038295,0.0,3.390140280561122,0.548400779530181
H1_60c_3.jpg,4.964240130053074,0.0,3.5745330661322647,0.5409619244391672
H1_60c_4.jpg,4.7714660685735195,0.0,3.110344689378757,0.5652670995079491
H1_60c_5.jpg,4.98519648992475,0.0,3.5552945891783567,0.539909827397843
H1_60c_6.jpg,5.041470762129117,0.0,3.5639038076152305,0.5364337347132133
H1_60c_7.jpg,4.879253307485205,0.0,3.3622885771543083,0.5514061212157068
H1_60c_8.jpg,5.093284551860712,0.0,3.6722284569138273,0.5347244130673635
H1_60c_9.jpg,5.114095409043995,0.0,3.459434869739479,0.5396638953752775
H1_61a_1.jpg,4.637800735353461,0.0,2.5764769539078154,0.6052115107332824
H1_61a_2.jpg,4.7296124751968005,0.0,2.805194388777555,0.5788171891153825
H1_61a_3.jpg,4.942699669637471,0.0,3.242304609218437,0.557430822416847
H1_61a_4.jpg,4.80838591305937,0.0,2.907134268537074,0.5826699370369354
H1_61a_5.jpg,4.7703569539855515,0.0,2.884689378757515,0.5742225878350771
H1_61a_6.jpg,4.556916925656131,0.0,3.0380961923847694,0.569251574619851
H1_61a_7.jpg,4.825460594614862,0.0,2.995434869739479,0.5787762844611386
H1_61a_8.jpg,4.779492572900844,0.0,2.9152625250501,0.5761164218580442
H1_61a_9.jpg,4.581545793935792,0.0,3.119482965931864,0.5677965559162043
H1_61b_1.jpg,4.666444350866206,0.0,3.8079519038076146,0.5303336896328826
H1_61b_2.jpg,4.997947420070982,0.0,3.3151623246492994,0.5674936960416381
H1_61b_3.jpg,5.086126338413828,0.0,3.6026653306613223,0.5580561614594598
H1_61b_4.jpg,5.137167782528794,0.0,3.995446893787575,0.5332325456192999
H1_61b_5.jpg,4.500972639918582,0.0,2.5584008016032063,0.5973031560797385
H1_61b_6.jpg,4.443909760737555,0.0,2.395987975951904,0.6046773190547285
H1_61b_7.jpg,4.998052453423718,0.0,3.501855711422846,0.5571272103802657
H1_61b_8.jpg,4.2870855324043005,0.0,2.4654068136272542,0.605654511651482
H1_61b_9.jpg,4.341301819121339,0.0,2.4413266533066134,0.6045690694471013
H1_61c_1.jpg,3.466262240145685,0.0,2.52483366733467,0.6161957809533007
H1_61c_2.jpg,4.376134597405882,0.0,2.684513026052105,0.5977168115552206
H1_61c_3.jpg,4.3411988170418105,0.0,2.718488977955912,0.5985520894120402
H1_61c_4.jpg,3.515329420792459,0.0,2.2739238476953916,0.6303497442526639
H1_61c_5.jpg,3.500591370166209,0.0,2.0420601202404804,0.6321546843798936
H1_61c_6.jpg,3.4729726231992095,0.0,2.093270541082164,0.6333700635609865
H1_61c_7.jpg,3.4979947788540704,0.0,2.334428857715431,0.6287209760120965
H1_61c_8.jpg,3.5218795097567264,0.0,2.0637715430861716,0.6345567910443802
H1_61c_9.jpg,3.4958545554051637,0.0,2.1208937875751506,0.6351758469583071
H1_62a_1.jpg,4.943239898575683,0.0,2.457991983967936,0.61672189451173
H1_62a_10.jpg,4.458971488924999,0.0,2.218537074148296,0.6295956869456534
H1_62a_11.jpg,4.6455051426917775,0.0,2.509599198396794,0.611843024377233
H1_62a_12.jpg,5.077156554996561,0.0,2.408156312625251,0.6131567332686833
H1_62a_13.jpg,4.490901072449766,0.0,2.4708897795591183,0.6183531117480153
H1_62a_14.jpg,4.512405234274719,0.0,2.2534989979959916,0.6286478608926698
H1_62a_15.jpg,4.488994556918735,0.0,2.351891783567134,0.6228717182432022
H1_62a_16.jpg,4.927314760642645,0.0,2.5518156312625253,0.6062669703094649
H1_62a_17.jpg,5.047150198573314,0.0,2.1206452905811624,0.6255058079120392
H1_62a_18.jpg,4.444159672714067,0.0,2.0943486973947896,0.6393873358385445
H1_62a_19.jpg,4.300453558872774,0.0,2.18503006012024,0.6310392351776355
H1_62a_2.jpg,4.768170500855587,0.0,2.2070621242484973,0.627989194959168
H1_62a_20.jpg,4.301510807609955,0.0,2.228765531062124,0.6277797034330355
H1_62a_21.jpg,4.929682349808551,0.0,2.5566533066132267,0.609318546708119
H1_62a_22.jpg,5.047213288691051,0.0,2.1593827655310625,0.6257030445113156
H1_62a_23.jpg,4.441906249567113,0.0,2.0933907815631265,0.6402425661423234
H1_62a_24.jpg,4.298115264038012,0.0,2.173927855711423,0.634941272929192
H1_62a_25.jpg,4.300650403683747,0.0,2.2477034068136272,0.6265188456935842
H1_62a_3.jpg,4.68364714605934,0.0,2.587086172344689,0.6124990140591298
H1_62a_4.jpg,4.579458713953835,0.0,2.4866653306613227,0.6124215925156004
H1_62a_5.jpg,4.569525328347982,0.0,2.5935470941883767,0.6085981617512553
H1_62a_6.jpg,4.453894514605685,0.0,2.1097835671342686,0.6488504011397103
H1_62a_7.jpg,4.787350212145735,0.0,2.1224609218436874,0.6380526727567323
H1_62a_8.jpg,4.824699315897703,0.0,2.3382044088176346,0.6226128223323671
H1_62a_9.jpg,4.449496821850156,0.0,2.162308617234469,0.6322611966635454
H1_62b_1.jpg,4.539667285476473,0.0,2.2468657314629263,0.6300912415196337
H1_62b_2.jpg,4.940947560235162,0.0,2.4298316633266537,0.6096010216618006
H1_62b_3.jpg,4.964105079145375,0.0,2.4875871743486972,0.6053178781264271
H1_62b_4.jpg,4.746690712858496,0.0,2.1424288577154305,0.636113923434246
H1_62b_5.jpg,4.563959429339757,0.0,2.2421122244488982,0.6212309816504158
H1_62b_6.jpg,4.592257164126786,0.0,2.2203366733466936,0.622304038318872
H1_62b_7.jpg,4.443987613620569,0.0,2.084064128256513,0.6467363387882397
H1_62b_8.jpg,4.330560844329675,0.0,2.246376753507014,0.6248127719843931
H1_62b_9.jpg,4.439240344302041,0.0,2.1856432865731463,0.6260812043584475
H1_62c_1.jpg,4.863997212176444,0.0,2.877607214428858,0.582371610538954
H1_62c_2.jpg,4.921202150684577,0.0,2.43838877755511,0.608063179743987
H1_62c_3.jpg,4.828669053715107,0.0,2.410513026052105,0.6094781639688565
H1_62c_4.jpg,4.760085856961552,0.0,2.4605891783567135,0.6099794157331326
H1_62c_5.jpg,4.62414876957817,0.0,2.11776753507014,0.6257021939114269
H1_62c_6.jpg,4.665515426696219,0.0,2.117258517034068,0.6249712112321193
H1_62c_7.jpg,4.788789259072077,0.0,2.5382164328657315,0.6092826226012575
H1_62c_8.jpg,4.6172446144521455,0.0,2.1235991983967937,0.6263191534917182
H1_62c_9.jpg,4.634552690731286,0.0,2.1129699398797595,0.6284909988211211
H1_63a_1.jpg,5.807140613306181,0.0,2.1533386773547094,0.6051106042019542
H1_63a_10.jpg,4.000575468859883,0.0,0.9511182364729457,0.7314558050327528
H1_63a_11.jpg,3.8638583403275475,0.0,0.9604248496993988,0.730127146071046
H1_63a_12.jpg,3.916785886289993,0.0,0.9322845691382765,0.73447770625969
H1_63a_13.jpg,4.10487781186424,0.0,0.9068256513026052,0.7487525556057608
H1_63a_14.jpg,3.9854188210454544,0.0,0.9407655310621242,0.7347409113246732
H1_63a_15.jpg,3.8477405917546617,0.0,0.9270140280561121,0.739964844420166
H1_63a_16.jpg,3.9087860155110423,0.0,0.9380080160320642,0.734878785488365
H1_63a_2.jpg,5.114899100619308,0.0,1.3189458917835672,0.6872709757437564
H1_63a_3.jpg,5.161443596110888,0.0,1.314068136272545,0.6867451815988913
H1_63a_4.jpg,5.2412388743871325,0.0,1.2922324649298595,0.6870238400144402
H1_63a_5.jpg,5.539613924874609,0.0,1.6799398797595195,0.6617100848628721
H1_63a_6.jpg,5.075868086160854,0.0,1.473246492985972,0.6665882279108829
H1_63a_7.jpg,4.572968741288991,0.0,1.1116152304609215,0.7181377665473474
H1_63a_8.jpg,4.429368005778864,0.0,0.9913226452905812,0.7268022468405374
H1_63a_9.jpg,4.118983030607239,0.0,0.9368016032064127,0.7393791563389576
H1_63b_1.jpg,4.671815511401799,0.0,1.2110420841683367,0.7024319844759808
H1_63b_2.jpg,5.73282850162784,0.0,1.282240480961924,0.6897689628757391
H1_63b_3.jpg,5.479795529059192,0.0,1.3967414829659317,0.6732693830699144
H1_63b_4.jpg,5.056431837655475,0.0,1.2686092184368738,0.6989828019903797
H1_63b_5.jpg,5.241953276090452,0.0,1.293623246492986,0.6795918368609333
H1_63b_6.jpg,5.860889401266137,0.0,1.8124448897795586,0.6304488797854892
H1_63b_7.jpg,5.056837348727909,0.0,1.2731062124248496,0.6970746242665984
H1_63b_8.jpg,5.239213051649534,0.0,1.2956793587174347,0.6807436005127834
H1_63b_9.jpg,5.86061666105502,0.0,1.8130541082164329,0.6297819450949331
H1_63c_1.jpg,5.902019010809855,0.0,2.055138276553106,0.6107674917590592
H1_63c_2.jpg,6.02738641274674,0.0,2.1642565130260523,0.593730009293522
H1_63c_3.jpg,5.9258598712825865,0.0,2.045186372745491,0.603378918980926
H1_63c_4.jpg,5.364801070304146,0.0,1.5809819639278557,0.6549058628537358
H1_63c_5.jpg,6.212754125251456,0.0,2.401230460921844,0.5756296277625271
H1_63c_6.jpg,6.103173807652565,0.0,2.3235430861723447,0.5827981074826163
H1_63c_7.jpg,4.984701228357263,0.0,1.398424849699399,0.6785898941068925
H1_63c_8.jpg,6.182505792261412,0.0,2.320549098196393,0.5874211785009187
H1_63c_9.jpg,6.217472070625661,0.0,2.3701603206412827,0.5804540276410202
H1_63d_1.jpg,5.714017119058916,0.0,1.6707655310621239,0.6541280356460286
H1_63d_10.jpg,5.9269154189756135,0.0,2.4112264529058116,0.6003329078678735
H1_63d_11.jpg,5.860758512506261,0.0,2.0504248496993984,0.6095107059489053
H1_63d_12.jpg,5.7635301673265,0.0,1.8971543086172349,0.6214865885483081
H1_63d_13.jpg,5.938741459350496,0.0,2.4874509018036077,0.5844297511368679
H1_63d_14.jpg,5.921958632804643,0.0,2.3461442885771544,0.6044054244027975
H1_63d_15.jpg,5.805767722544486,0.0,1.8545771543086171,0.6333877687120693
H1_63d_16.jpg,5.726947713978579,0.0,1.7589218436873746,0.636615996037647
H1_63d_2.jpg,5.9665358211073345,0.0,2.1127895791583167,0.6013878704322256
H1_63d_3.jpg,5.908417224505134,0.0,1.9720881763527052,0.6132499858100946
H1_63d_4.jpg,5.773396726845362,0.0,1.9345290581162327,0.6189941568988532
H1_63d_5.jpg,6.172912031772799,0.0,3.0112144288577154,0.5539829114263694
H1_63d_6.jpg,6.055297908573928,0.0,2.2889619238476953,0.6074318117496531
H1_63d_7.jpg,5.572116128233061,0.0,1.9588897795591182,0.6218444075785672
H1_63d_8.jpg,5.2980959162927945,0.0,1.7116833667334668,0.637596392664853
H1_63d_9.jpg,5.990059574428764,0.0,2.7456553106212422,0.569389404650576
H1_63e_1.jpg,4.798696103562478,0.0,1.1113426853707415,0.7133273338912514
H1_63e_2.jpg,5.780487771765434,0.0,1.4852104208416828,0.6645392562971286
H1_63e_3.jpg,4.795225544879405,0.0,1.0726653306613227,0.720271609584046
H1_63e_4.jpg,5.807715485642636,0.0,1.4847094188376753,0.6639727300929317
H1_64a_1.jpg,3.562106195064205,0.0,0.6500280561122246,0.7930849728413719
H1_64a_10.jpg,4.417408301210873,0.0,0.7098156312625251,0.7764347987647059
H1_64a_11.jpg,3.361977952661099,0.0,0.6051703406813628,0.8035039803954307
H1_64a_12.jpg,3.4037865997198455,0.0,0.5540881763527055,0.8116459307657752
H1_64a_13.jpg,3.283988969112736,0.0,0.534496993987976,0.8187908524986871
H1_64a_14.jpg,4.7741377134597665,0.0,0.695250501002004,0.7807487704203862
H1_64a_15.jpg,3.5835798622562076,0.0,0.5737434869739478,0.8119922495736422
H1_64a_16.jpg,3.434100659887091,0.0,0.5296032064128258,0.8165167160344904
H1_64a_2.jpg,3.40653644290515,0.0,0.5525410821643286,0.8073990964832931
H1_64a_3.jpg,4.4589190557650635,0.0,0.7366893787575151,0.7724753194092844
H1_64a_4.jpg,4.084208600910293,0.0,0.6103086172344689,0.7982504040592806
H1_64a_5.jpg,3.888270366364585,0.0,0.556128256513026,0.8122983775745206
H1_64a_6.jpg,4.16979328012723,0.0,0.6911983967935872,0.7747275837329544
H1_64a_7.jpg,3.8624828864985767,0.0,0.6981803607214428,0.7902153796061263
H1_64a_8.jpg,3.714568986710088,0.0,0.6335190380761523,0.8011717637941899
H1_64a_9.jpg,3.2219287050189043,0.0,0.5946092184368736,0.8052063052165233
H1_64b_1.jpg,4.387123415450566,0.0,0.7380601202404811,0.7745102930919932
H1_64b_2.jpg,4.19028069839899,0.0,0.6447775551102204,0.788063607121299
H1_64b_3.jpg,4.418639695474727,0.0,0.6368897795591183,0.7935650520605454
H1_64b_4.jpg,3.494091312249721,0.0,0.62,0.7995157312987231
H1_64b_5.jpg,4.873105627195927,0.0,0.6800040080160321,0.7859245699520868
H1_64b_6.jpg,5.121836932050399,0.0,0.6993867735470942,0.7776088612494647
H1_64b_7.jpg,4.443229359600965,0.0,0.7338957915831664,0.7769969665734796
H1_64b_8.jpg,4.61360439253297,0.0,0.7186372745490981,0.7753601470418339
H1_64b_9.jpg,4.48547157302132,0.0,0.6333066132264528,0.7902923922640437
H1_65a_1.jpg,4.613525624091822,0.0,0.8019559118236472,0.7608930661617782
H1_65a_10.jpg,5.057157768242839,0.0,0.8952184368737475,0.7379993174937736
H1_65a_11.jpg,5.4351639864679,0.0,1.128068136272545,0.7066668411435341
H1_65a_12.jpg,5.431160401620497,0.0,0.9504769539078158,0.7274449304327253
H1_65a_13.jpg,4.746840231310961,0.0,0.7927334669338677,0.7623367019713551
H1_65a_14.jpg,4.983238294291878,0.0,0.8367094188376754,0.7473814762990757
H1_65a_15.jpg,5.43356247224766,0.0,1.094172344689379,0.7127642790259692
H1_65a_16.jpg,5.463070899643708,0.0,0.9300641282565131,0.73042772044272
H1_65a_2.jpg,5.035478186572975,0.0,0.818561122244489,0.7503255621760676
H1_65a_3.jpg,5.164391559346294,0.0,0.9114468937875752,0.7371243259994668
H1_65a_4.jpg,5.144971925488267,0.0,0.9099318637274548,0.7359552506496927
H1_65a_5.jpg,4.6424075239857965,0.0,0.8465651302605212,0.756952528318292
H1_65a_6.jpg,4.563655009818841,0.0,0.7724609218436875,0.7643792779248114
H1_65a_7.jpg,5.465744790160281,0.0,0.9779118236472946,0.721866675162487
H1_65a_8.jpg,5.420550972055242,0.0,0.9231342685370743,0.727503641157536
H1_65a_9.jpg,4.816285469818671,0.0,0.8370340681362725,0.7516260254982324
H1_65b_1.jpg,5.375956794908134,0.0,1.1850701402805608,0.6983267170745948
H1_65b_10.jpg,5.425811076359241,0.0,0.9111703406813627,0.731879431299924
H1_65b_11.jpg,5.237153420625044,0.0,1.0160320641282565,0.7203762139218021
H1_65b_12.jpg,5.257530343922698,0.0,0.9086092184368739,0.7359599551227327
H1_65b_13.jpg,4.596755220856508,0.0,0.8024328657314628,0.7602601611975445
H1_65b_14.jpg,5.2393423444505585,0.0,0.9338517034068136,0.73003778710656
H1_65b_15.jpg,5.533170053384263,0.0,1.0623567134268537,0.7154833929078204
H1_65b_16.jpg,5.48585739712239,0.0,1.0910661322645292,0.7090032623198353
H1_65b_2.jpg,4.855545691851956,0.0,0.7905050100200399,0.7543154779560344
H1_65b_3.jpg,4.226186723223292,0.0,0.7908096192384769,0.7605476583985221
H1_65b_4.jpg,4.021610834207961,0.0,0.7424769539078155,0.7677230022819272
H1_65b_5.jpg,5.274617800649868,0.0,1.0079559118236472,0.7307140336381203
H1_65b_6.jpg,4.829234171301607,0.0,0.8202725450901803,0.7500823741157316
H1_65b_7.jpg,4.706099846015705,0.0,0.8364809619238477,0.7522389375761807
H1_65b_8.jpg,4.277155824465471,0.0,0.7351462925851702,0.7696564894592902
H1_65b_9.jpg,5.028118685371142,0.0,0.884993987975952,0.7449157527276818
H1_65c_1.jpg,5.35094381212997,0.002,0.9707575150300601,0.7290229890704699
H1_65c_10.jpg,4.96669196978262,0.0,0.929178356713427,0.7307836191004587
H1_65c_11.jpg,5.6809481273853395,0.0,1.080120240480962,0.7150924575395701
H1_65c_12.jpg,5.677566585867752,0.0,1.0231382765531065,0.719666369339941
H1_65c_2.jpg,5.269930045812855,0.002,0.9277515030060121,0.7298018022298275
H1_65c_3.jpg,5.648218937860274,0.000804,1.153507014028056,0.7054708030092482
H1_65c_4.jpg,5.573078055101568,0.00066,1.1156272545090182,0.7143225692977824
H1_65c_5.jpg,5.070974247687428,0.0,0.9604328657314631,0.7283626476329199
H1_65c_6.jpg,5.587471105136663,0.0,1.1174789579158317,0.7054472235553021
H1_65c_7.jpg,5.1261355251553,0.0,0.9018917835671343,0.738101972945793
H1_65c_8.jpg,5.091343079003813,0.0,0.8735110220440879,0.7410079129813987
H1_65c_9.jpg,4.7756463330437615,0.0,0.8163166332665331,0.755743882246577
H1_65d_1.jpg,5.185913503218934,0.0,0.9556713426853708,0.733112554519999
H1_65d_2.jpg,4.7234071652368605,0.0,0.8254909819639279,0.7513935066429962
H1_65d_3.jpg,4.72019678624409,0.0,0.7577154308617235,0.7661436531764764
H1_65d_4.jpg,5.069567552595041,0.0,1.020825651302605,0.7284611646295921
H1_65d_5.jpg,4.051097621823433,0.0,0.6912344689378758,0.7780312187065225
H1_65d_6.jpg,3.8067193787000178,0.0,0.6929498997995991,0.7814609305488806
H1_66a_1.jpg,4.9419234754455,0.0,0.7520961923847695,0.7627628133164948
H1_66a_10.jpg,3.593399196182233,0.0,0.517759519038076,0.8160546537026603
H1_66a_11.jpg,3.7922828828062247,0.0,0.7131623246492986,0.7768841986773637
H1_66a_12.jpg,3.7892652042824055,0.0,0.6908336673346693,0.7788207763642462
H1_66a_2.jpg,4.233110982385561,0.0,0.5676312625250501,0.8020735217677621
H1_66a_3.jpg,3.9721937889985135,0.0,0.631951903807615,0.7901636196154079
H1_66a_4.jpg,3.974070128240507,0.0,0.5996993987975952,0.7956760275595829
H1_66a_5.jpg,5.260140801289102,0.0,0.6938236472945892,0.7813219865581779
H1_66a_6.jpg,5.794149319661978,0.0,0.9348336673346693,0.7402125678084918
H1_66a_7.jpg,5.261252026085465,0.0,0.832617234468938,0.7617471219428535
H1_66a_8.jpg,5.240911084688915,0.0,0.8200721442885772,0.761430593411355
H1_66a_9.jpg,4.178526824858072,0.0,0.709675350701403,0.7805982575590338
H1_66b_1.jpg,4.329083024143949,0.0,0.6798316633266533,0.7776394043510771
H1_66b_2.jpg,4.682586904515321,0.0,0.6776272545090181,0.7737848321125558
H1_66b_3.jpg,5.155488270281804,0.0,0.7576713426853707,0.7591641646114781
H1_66b_4.jpg,4.959072144920983,0.0,0.832937875751503,0.7591687682960393
H1_66b_5.jpg,5.508136542852394,0.0,0.8974549098196394,0.7406757948814465
H1_66b_6.jpg,5.476742262870955,0.0,0.8195871743486974,0.7527539681733589
H1_66b_7.jpg,3.7470348319087265,0.0,0.635563126252505,0.7923523572124188
H1_66b_8.jpg,4.350684937178875,0.0,0.6404488977955911,0.7887056584586623
H1_66b_9.jpg,4.397513148687216,0.0,0.5948136272545089,0.7954452442907094
H1_66c_1.jpg,4.153926209066516,0.0,0.7461643286573146,0.7642454173162272
H1_66c_10.jpg,4.559361722460316,0.0,0.664432865731463,0.7817690931822779
H1_66c_11.jpg,4.099496284790037,0.0,0.6650981963927857,0.7850437788180122
H1_66c_12.jpg,4.208850102494312,0.0,0.6425050100200402,0.7843030659190461
H1_66c_13.jpg,5.6028867996706335,0.0,1.0192144288577154,0.7174410767395811
H1_66c_14.jpg,4.994301077396405,0.0,0.6768577154308616,0.7791745872370945
H1_66c_15.jpg,4.154723162824987,0.0,0.6387575150300601,0.7932955050761972
H1_66c_16.jpg,4.157563082630896,0.0,0.618749498997996,0.7907757259216979
H1_66c_2.jpg,5.131136967086405,0.0,0.7498156312625249,0.7628750069148937
H1_66c_3.jpg,5.23566190412924,0.0,0.86236873747495,0.7520825124160722
H1_66c_4.jpg,5.097250580383682,0.0,0.6416432865731463,0.7817246942264131
H1_66c_5.jpg,5.118019884860435,0.0,0.916188376753507,0.737041287573103
H1_66c_6.jpg,5.161967299502726,0.0,0.7869338677354709,0.7544298698705961
H1_66c_7.jpg,4.253833207752023,0.0,0.6873146292585168,0.7794438962111577
H1_66c_8.jpg,4.520002088140432,0.0,0.6515711422845691,0.7893787111459128
H1_66c_9.jpg,5.40440623376474,0.0,1.0712985971943887,0.7056048074620233
H1_67a_1.jpg,5.798546821228805,0.0,1.2781563126252504,0.6874703497841594
H1_67a_10.jpg,5.956056638948182,0.0,1.2264048096192384,0.6913444357096707
H1_67a_11.jpg,5.977625849628357,0.0,1.207422845691383,0.6983721294311976
H1_67a_12.jpg,6.055010022242631,0.0,1.3498597194388775,0.6692823613132647
H1_67a_13.jpg,5.925616300700857,0.0,1.27949498997996,0.6841315533426104
H1_67a_14.jpg,5.771737046131735,0.0,1.190701402805611,0.695879682389624
H1_67a_15.jpg,6.085276060780304,0.0,1.458685370741483,0.6639913122347082
H1_67a_16.jpg,5.693376207435198,0.0,0.9578557114228455,0.7252314649009463
H1_67a_17.jpg,5.7204614360417,0.0,1.3381202404809618,0.6787667252294567
H1_67a_18.jpg,5.7921979737533045,0.0,1.234801603206413,0.685901022553471
H1_67a_19.jpg,5.56404199879404,0.0,1.17250501002004,0.7056996560945092
H1_67a_2.jpg,6.018235805823472,0.0,1.2983847695390782,0.6799863440305534
H1_67a_20.jpg,5.3201704747859875,0.0,1.0147695390781564,0.7216528000350703
H1_67a_21.jpg,5.9616592138934035,0.0,1.3120761523046092,0.6890157379851579
H1_67a_22.jpg,5.73645739715308,0.0,0.9480080160320641,0.7313221784346664
H1_67a_23.jpg,5.950147756094703,0.0,1.3527214428857715,0.6774826325354766
H1_67a_24.jpg,5.962521786395351,0.0,1.2327374749498996,0.6871300724967647
H1_67a_25.jpg,5.544676084408768,0.0,1.1809699398797595,0.7038185014453482
H1_67a_26.jpg,5.289126857691394,0.0,1.0185050100200401,0.7205949396544661
H1_67a_27.jpg,5.959503189025096,0.0,1.3091863727454909,0.6891391430720528
H1_67a_28.jpg,5.737296518904545,0.0,0.9368977955911824,0.7336715375025636
H1_67a_29.jpg,5.9277331973130485,0.0,1.3469258517034068,0.6780157656663859
H1_67a_3.jpg,5.892342208925357,0.0,1.3321002004008018,0.6832960695473631
H1_67a_30.jpg,5.947764432651661,0.0,1.2348617234468937,0.6860194062663516
H1_67a_4.jpg,5.906989680501074,0.0,1.2184849699398799,0.6878559580390972
H1_67a_5.jpg,5.727754808777132,0.0,1.200997995991984,0.6940148090908849
H1_67a_6.jpg,6.146931841382373,0.0,1.3143847695390782,0.6733804956117234
H1_67a_7.jpg,5.8247105519373354,0.0,1.424557114228457,0.6727866565162288
H1_67a_8.jpg,6.062499363828233,0.0,1.3943727454909822,0.6664161488319362
H1_67a_9.jpg,5.816796972045586,0.0,1.1742925851703407,0.7039198636635581
H1_67b_1.jpg,5.907131913428835,0.0,1.4085971943887776,0.6707417444143624
H1_67b_10.jpg,5.343258959958548,0.0,1.319739478957916,0.6819922238630404
H1_67b_11.jpg,5.881815063153278,0.0,1.6565771543086172,0.6404673685658507
H1_67b_12.jpg,5.867856658195762,0.0,1.8910460921843688,0.6217402412136753
H1_67b_13.jpg,5.864298053842143,0.0,1.819923847695391,0.6303965452738964
H1_67b_14.jpg,5.56378002434281,0.0,1.7194669338677357,0.6468338870406813
H1_67b_15.jpg,5.479635402827524,0.0,1.3940240480961923,0.6714543339909578
H1_67b_16.jpg,5.816611797036669,0.0,1.625050100200401,0.6502628817219265
H1_67b_17.jpg,5.682848833553298,0.0,1.6745891783567135,0.6481230130223118
H1_67b_18.jpg,5.53858234639167,0.0,1.5258436873747492,0.6655954286500442
H1_67b_19.jpg,5.383672666288592,0.0,1.523667334669339,0.6529566054876326
H1_67b_2.jpg,6.015470260439891,0.0,1.4386492985971944,0.6619168014869931
H1_67b_20.jpg,5.579879750217817,0.0,1.3182525050100198,0.6767806863759744
H1_67b_3.jpg,6.07935227327763,0.0,1.626268537074148,0.6494227944119133
H1_67b_4.jpg,6.066746093125404,0.0,1.581571142284569,0.641480812454101
H1_67b_5.jpg,5.922790628362042,0.0,1.5873947895791582,0.6473083652010929
H1_67b_6.jpg,5.416899727229393,0.0,1.0655591182364728,0.7181643712614558
H1_67b_7.jpg,5.886301241755912,0.0,1.5604168336673347,0.6566623671482079
H1_67b_8.jpg,5.964461314898526,0.0,1.6431583166332666,0.649213650624671
H1_67b_9.jpg,6.006181470696467,0.0,1.8192104208416833,0.6267917192063797
H1_67c_1.jpg,5.459427824838182,0.002,1.1010420841683366,0.7176205865694779
H1_67c_10.jpg,5.677418787447775,0.0,1.18275751503006,0.6912201868914991
H1_67c_11.jpg,5.373113143859179,0.0,1.2767975951903807,0.6986790372886218
H1_67c_12.jpg,5.617976697183247,0.0,1.3720320641282566,0.6759501465807853
H1_67c_13.jpg,5.615992608263818,0.0,1.0248456913827657,0.7245332827423283
H1_67c_14.jpg,5.95837807897051,0.0,1.3848937875751504,0.6715280321669502
H1_67c_15.jpg,6.316250451197869,0.0,2.1904769539078157,0.6069850746687567
H1_67c_16.jpg,5.745730317161453,0.0,1.1839478957915832,0.6961115358156604
H1_67c_17.jpg,5.655217907058793,0.0,1.5230781563126252,0.6572081581675463
H1_67c_18.jpg,5.559670965939376,0.0,1.4309699398797597,0.6648298846231937
H1_67c_19.jpg,5.385367029641426,0.0,0.9565931863727455,0.7410022539676633
H1_67c_2.jpg,5.935650825523965,0.002,1.264416833667335,0.6800676827193639
H1_67c_20.jpg,6.07187720836742,0.0,1.3639919839679358,0.6709032549331652
H1_67c_21.jpg,5.832655772337053,0.0,1.463486973947896,0.6799975248141528
H1_67c_22.jpg,5.22564295082978,0.0,1.0262805611222445,0.7185536138602374
H1_67c_23.jpg,5.289165095766161,0.0,1.4878196392785572,0.6721024088501629
H1_67c_24.jpg,5.025807482169322,0.0,1.112308617234469,0.7134192582141169
H1_67c_3.jpg,5.951998166989333,0.002,1.6808937875751504,0.6480230250883042
H1_67c_4.jpg,6.105355881046694,0.002,1.2063166332665332,0.6892202560427974
H1_67c_5.jpg,5.54337850742195,0.002,1.1688496993987976,0.7061692685336685
H1_67c_6.jpg,5.674403441741623,0.002,1.14924248496994,0.7004432932458937
H1_67c_7.jpg,5.7428631532484635,0.0,1.0735150300601202,0.7165094947820753
H1_67c_8.jpg,6.126424260851423,0.0,1.7589058116232468,0.637510046278242
H1_67c_9.jpg,5.964207080703317,0.0,2.2270060120240482,0.6088617369203306
H1_67d_1.jpg,6.10901403450252,0.0,1.4940601202404806,0.6603083958699327
H1_67d_10.jpg,6.115708679775578,0.0,1.5140240480961924,0.6615704251524832
H1_67d_11.jpg,5.932103455565026,0.0,1.5358316633266533,0.6535944558610765
H1_67d_12.jpg,6.22030982915421,0.0,1.686128256513026,0.6362048362065699
H1_67d_13.jpg,5.660843523897088,0.0,1.36238877755511,0.675515577900075
H1_67d_14.jpg,5.895770394578373,0.0,1.304436873747495,0.6806762704256599
H1_67d_15.jpg,6.0371977669986245,0.0,1.3998517034068139,0.6685484438002594
H1_67d_16.jpg,5.986874243033138,0.0,1.3677915831663328,0.6765559024722311
H1_67d_17.jpg,5.696370107320506,0.0,1.2666573146292586,0.6864699429791257
H1_67d_18.jpg,5.95963002035857,0.0,1.4587615230460922,0.6656871002382467
H1_67d_19.jpg,6.275199711374026,0.0,1.5501723446893787,0.6469506443710799
H1_67d_2.jpg,6.266893701022393,0.0,1.5536833667334673,0.6461153135749924
H1_67d_20.jpg,5.971217229761637,0.0,1.5850981963927855,0.6432554718615708
H1_67d_21.jpg,5.991733734398278,0.0,1.3747975951903808,0.6769172562291623
H1_67d_22.jpg,5.678710502278693,0.0,1.2494789579158316,0.6882035838158224
H1_67d_23.jpg,5.959809966137797,0.0,1.4570981963927856,0.6668266952225771
H1_67d_24.jpg,6.2789131614415306,0.0,1.5529058116232464,0.6450954162612688
H1_67d_25.jpg,5.962399396398647,0.0,1.5759238476953907,0.6440215590995217
H1_67d_3.jpg,5.9502827180810245,0.0,1.493306613226453,0.6564530206103127
H1_67d_4.jpg,5.62929798777373,0.0,1.1824488977955914,0.6944720015651276
H1_67d_5.jpg,5.960020171714198,0.0,1.4527655310621241,0.6605318774025868
H1_67d_6.jpg,5.688197616614874,0.0,1.2287254509018037,0.6903208637933599
H1_67d_7.jpg,6.014541662792216,0.0,1.5567254509018036,0.65295373336522
H1_67d_8.jpg,5.9594965816277625,0.0,1.4830861723446893,0.6650596674678397
H1_67d_9.jpg,5.966698722027709,0.0,1.3689859719438877,0.671452242640299
H1_68a_1.jpg,4.604862396113774,0.0,1.3990100200400803,0.679397387984829
H1_68a_10.jpg,4.871433876761148,0.0,1.0679599198396794,0.7175968619288633
H1_68a_11.jpg,4.7832860038913845,0.0,1.2576513026052107,0.7013533500361214
H1_68a_12.jpg,5.039468529028521,0.0,1.4378396793587174,0.6786205135282845
H1_68a_13.jpg,4.957313245282092,0.0,1.5607134268537075,0.662886862891779
H1_68a_14.jpg,4.654904300966565,0.0,1.168444889779559,0.7053875574205912
H1_68a_15.jpg,4.775296656698511,0.0,1.199751503006012,0.7014333080988442
H1_68a_16.jpg,4.814072379001945,0.0,1.0221082164328656,0.7323653936413299
H1_68a_17.jpg,4.712726619524428,0.0,0.9568817635270542,0.7374586213521034
H1_68a_18.jpg,5.244095335089837,0.0,1.2621763527054108,0.6998919278308188
H1_68a_19.jpg,4.841186131534846,0.0,1.12698997995992,0.7104489988051295
H1_68a_2.jpg,5.27104767005096,0.0,1.384436873747495,0.678201576672515
H1_68a_20.jpg,4.649152324286195,0.0,1.0440761523046092,0.7262490656712794
H1_68a_3.jpg,5.066820394377148,0.0,1.5560521042084166,0.6612052611869116
H1_68a_4.jpg,4.7992165937392794,0.0,1.011567134268537,0.7272038627539618
H1_68a_5.jpg,4.887527295570834,0.0,1.1805811623246494,0.7061017413615707
H1_68a_6.jpg,5.253602497339978,0.0,2.075571142284569,0.6198834985203894
H1_68a_7.jpg,5.305190474215912,0.0,1.7924128256513026,0.6400576086930737
H1_68a_8.jpg,5.598543733040292,0.0,1.6583486973947899,0.6556790540794595
H1_68a_9.jpg,5.1011957976607265,0.0,1.119731462925852,0.7102220035875361
H1_68b_1.jpg,4.781460687731714,0.0,1.1042204408817635,0.7170838596437514
H1_68b_10.jpg,5.34111552674568,0.0,1.0298557114228457,0.7289228848290097
H1_68b_11.jpg,5.016722990176319,0.0,1.0139038076152305,0.7344337181161358
H1_68b_12.jpg,5.061955355260022,0.0,1.041755511022044,0.7227794761849784
H1_68b_13.jpg,4.572506653745942,0.0,0.8587575150300601,0.7620143387173647
H1_68b_14.jpg,4.784295783254437,0.0,0.8889418837675351,0.7521618713314827
H1_68b_15.jpg,4.8384925529298055,0.0,0.9262124248496995,0.747610725139837
H1_68b_16.jpg,4.83904322274484,0.0,0.9194749498997996,0.7414736585312284
H1_68b_17.jpg,4.663608083954887,0.0,0.8639759519038076,0.7597216155602969
H1_68b_18.jpg,4.79076022580026,0.0,0.8636152304609219,0.7558101349329596
H1_68b_19.jpg,4.83572961371548,0.0,0.8966973947895791,0.7514642079013476
H1_68b_2.jpg,4.535157402434841,0.0,0.9513547094188379,0.7345656414551066
H1_68b_20.jpg,4.718479589125957,0.0,0.9082244488977956,0.7442276375267642
H1_68b_3.jpg,4.626216710122565,0.0,1.0377074148296592,0.7271801529524862
H1_68b_4.jpg,5.097536287496172,0.0,1.4093066132264531,0.6758339974877364
H1_68b_5.jpg,5.411468719077646,0.0,0.9972384769539078,0.7332889356890622
H1_68b_6.jpg,4.601769653052221,0.0,0.9177434869739478,0.7458234920427252
H1_68b_7.jpg,4.716077215139184,0.0,1.0316152304609219,0.7273402213331385
H1_68b_8.jpg,5.094460653439784,0.0,1.0190260521042087,0.7318184902053607
H1_68b_9.jpg,4.984094483401405,0.0,1.1150781563126253,0.7164922664899793
H1_69a_1.jpg,4.5947812237847945,0.0,2.072340681362725,0.6322276633973657
H1_69a_10.jpg,5.001798549600258,0.0,2.0747655310621242,0.627609132093203
H1_69a_11.jpg,4.595543734085826,0.0,2.6792625250501,0.5914991218782824
H1_69a_12.jpg,4.686727682945023,0.0,2.592472945891784,0.5916639846887931
H1_69a_13.jpg,4.7739091673870355,0.0,2.1020721442885772,0.6333393636045157
H1_69a_14.jpg,4.829341809174623,0.0,1.9742124248496995,0.6351481104004791
H1_69a_15.jpg,4.5760284951289965,0.0,2.332064128256513,0.6161867763508699
H1_69a_16.jpg,4.64406207087427,0.0,2.352072144288577,0.6012908264177479
H1_69a_2.jpg,4.7482862992879245,0.0,2.1073667334669337,0.6342863146098077
H1_69a_3.jpg,4.842171911441586,0.0,2.5477515030060123,0.5978740529450879
H1_69a_4.jpg,4.848223106072708,0.0,2.517667334669339,0.598101877457132
H1_69a_5.jpg,5.03063056611362,0.0,2.049130260521042,0.6334878467253254
H1_69a_6.jpg,5.065207181192602,0.0,1.9932224448897795,0.6343591805456811
H1_69a_7.jpg,4.948284332483887,0.0,2.536012024048097,0.5993148826597299
H1_69a_8.jpg,4.888762990877564,0.0,2.4861923847695393,0.5956047937841822
H1_69a_9.jpg,4.68305282266373,0.0,2.213527054108216,0.6232677452636914
H1_69b_1.jpg,4.882250148919919,0.0,3.0727134268537077,0.568578489079459
H1_69b_10.jpg,4.869714350838049,0.0,2.7406973947895787,0.5928741426936947
H1_69b_11.jpg,4.915759011607021,4.4e-05,3.0352945891783567,0.5802721435429425
H1_69b_12.jpg,4.725552088398158,4e-05,2.4230861723446897,0.6147812752640448
H1_69b_13.jpg,5.026996736310316,0.0,2.8885691382765533,0.5854650782263027
H1_69b_14.jpg,5.058024893970251,0.0,2.781695390781562,0.5914321127690222
H1_69b_15.jpg,4.817038009487738,0.0,2.8813627254509013,0.5984335620760959
H1_69b_16.jpg,4.891541671892879,5.6e-05,2.5311623246492987,0.6065808807906481
H1_69b_2.jpg,4.683990258155587,0.0,2.5307615230460923,0.5972166066855502
H1_69b_3.jpg,4.42342665282408,0.0,2.1652104208416834,0.6295470509706631
H1_69b_4.jpg,4.600553658692128,0.0,2.130176352705411,0.6378545176788071
H1_69b_5.jpg,4.993361332888034,0.0,2.888921843687375,0.5825190831860502
H1_69b_6.jpg,5.0619482165024445,0.0,2.832180360721443,0.5771132379213825
H1_69b_7.jpg,4.41203810083357,0.0,1.9715230460921844,0.6429764717303399
H1_69b_8.jpg,4.236873899651383,0.0,1.92825250501002,0.6450487923413799
H1_69b_9.jpg,4.865656552331317,0.0,3.137090180360721,0.5673676095361432
H1_6a_1.jpg,5.3445804796091085,0.0,1.42788376753507,0.672166754671355
H1_6a_10.jpg,4.578809759707932,0.0,1.3363607214428856,0.6869682459539067
H1_6a_11.jpg,5.742294822055634,0.0,1.8813947895791583,0.6239944024571271
H1_6a_12.jpg,5.632004988665765,0.0,1.931238476953908,0.6275950740425928
H1_6a_13.jpg,4.71612813579341,0.0,1.2807094188376753,0.6982663315739146
H1_6a_14.jpg,4.459649692286306,0.0,1.3551262525050098,0.6962479310008087
H1_6a_15.jpg,5.413191146372901,0.0,1.6465210420841683,0.6540757075472142
H1_6a_16.jpg,5.959676132505306,0.0,1.6809779559118239,0.6429496781638556
H1_6a_2.jpg,4.892101479984577,0.0,1.2930821643286572,0.6866442068622559
H1_6a_3.jpg,4.622936638516649,0.0,1.3161563126252507,0.6845098639341014
H1_6a_4.jpg,4.155940518929382,0.0,1.06986372745491,0.7196784190032351
H1_6a_5.jpg,4.328568666803321,0.0,1.1831102204408817,0.7041694594578833
H1_6a_6.jpg,5.183747459430817,0.0,1.3982124248496994,0.6821434962902239
H1_6a_7.jpg,5.388741488733633,0.0,1.6913827655310625,0.6437867100880633
H1_6a_8.jpg,5.063464409610161,0.0,1.5237915831663325,0.6637998934354971
H1_6a_9.jpg,4.472010083799721,0.0,1.1596713426853704,0.7031153870824081
H1_6b_1.jpg,4.651880456097199,0.0,1.5035150300601199,0.6733696709075211
H1_6b_10.jpg,5.433707785380091,0.0,1.990012024048096,0.6118678976699994
H1_6b_11.jpg,5.515616998734656,0.0,1.7525851703406816,0.6379883377372664
H1_6b_12.jpg,5.54169138342528,0.0,1.8925931863727454,0.6201863182168975
H1_6b_13.jpg,5.509135000943641,0.0,2.1267494989979956,0.6281687128521247
H1_6b_14.jpg,6.016575012764488,0.0,2.153410821643287,0.5979912928425204
H1_6b_15.jpg,6.292868303891819,0.0,3.6799478957915834,0.5148374145767028
H1_6b_16.jpg,5.927476171877332,0.0,2.3542525050100203,0.5894421171638778
H1_6b_17.jpg,5.675215031537632,0.0,1.893066132264529,0.629200748846888
H1_6b_18.jpg,5.708573180916607,0.0,1.829627254509018,0.6256841834906426
H1_6b_2.jpg,5.65462256945951,0.0,1.737939879759519,0.6390101519760927
H1_6b_3.jpg,5.621844420573795,0.0,2.017026052104208,0.6227055903913838
H1_6b_4.jpg,5.494707902288147,0.0,1.7019038076152304,0.64440116031236
H1_6b_5.jpg,5.400122658525421,0.0,1.671683366733467,0.6490856542780652
H1_6b_6.jpg,5.203887870769271,0.0,1.4927334669338677,0.669582989270774
H1_6b_7.jpg,4.562307594897947,0.0,1.4905290581162327,0.6888892110434003
H1_6b_8.jpg,5.552374839574675,0.0,1.7625851703406814,0.637086527328212
H1_6b_9.jpg,5.985401386742612,0.0,2.0913947895791583,0.6075707199150215
H1_70a_1.jpg,5.121416093073277,0.0,0.6242204408817635,0.7918056125360664
H1_70a_2.jpg,5.186232699751752,0.0,0.8207374749499,0.7537818744734359
H1_70a_3.jpg,4.81558580374374,0.0,0.5890460921843688,0.7999333415710044
H1_70a_4.jpg,5.2822697129420115,0.0,0.6280280561122245,0.7950867786101796
H1_70a_5.jpg,5.3819542029962895,0.0,0.801370741482966,0.7661671628054937
H1_70a_6.jpg,4.882140501609346,0.0,0.612809619238477,0.7945166417070412
H1_70a_7.jpg,4.950095816454725,0.0,0.6170741482965932,0.7973204895788888
H1_70a_8.jpg,4.655812325317004,0.0,0.6086973947895791,0.796225049105181
H1_70a_9.jpg,4.91923682667421,0.0,0.7527094188376753,0.7713635576788954
H1_70b_1.jpg,5.16447889327217,0.001936,25.03928657314629,0.7519335966149193
H1_70b_2.jpg,4.731621841349618,0.0,0.6810501002004008,0.7813123379891229
H1_70b_3.jpg,4.7580529253191965,0.0,0.64749498997996,0.7914391393622515
H1_70b_4.jpg,5.364140901696714,0.002,28.030048096192388,0.7518993680453636
H1_70b_5.jpg,4.7730999307819975,0.0,0.6889819639278557,0.7857757025997757
H1_70b_6.jpg,4.420236089097796,0.0,0.5531062124248497,0.8095918592719252
H1_70b_7.jpg,5.031398491938928,0.002,26.21987575150301,0.7675575147570262
H1_70b_8.jpg,4.761688235430459,0.0,0.7321723446893786,0.7764036107722532
H1_70b_9.jpg,4.408948277434842,0.0,0.5882204408817634,0.8017090976077257
H1_70c_1.jpg,4.641597527344793,0.0,0.6504048096192385,0.7855726525571627
H1_70c_10.jpg,4.123233748941872,0.0,0.5921603206412825,0.7991000419917735
H1_70c_11.jpg,4.965685931950676,0.0,0.8675390781563128,0.7693586561335777
H1_70c_12.jpg,4.980771938871093,0.0,0.8593707414829659,0.766734424334709
H1_70c_2.jpg,4.017537455896647,0.0,0.5354228456913828,0.8120768387012498
H1_70c_3.jpg,4.53507190082309,0.0,0.6387575150300602,0.796795938899412
H1_70c_4.jpg,4.560787564921587,0.0,0.6236472945891784,0.7997895552988131
H1_70c_5.jpg,4.670335289331674,0.0,0.6870621242484971,0.7844790696226746
H1_70c_6.jpg,4.616008504165345,0.0,0.6961923847695392,0.7815212336788546
H1_70c_7.jpg,5.243736160611387,0.0,0.8855470941883766,0.748486979549913
H1_70c_8.jpg,5.28082759637224,0.0,0.8840040080160321,0.7477831128462253
H1_70c_9.jpg,4.026735678425513,0.0,0.651066132264529,0.7928670728763385
H1_71a_1.jpg,4.9770092958926755,0.0,5.243895791583166,0.4870396960632476
H1_71a_2.jpg,5.07389449161206,0.0,5.9745170340681355,0.4459346165463126
H1_71a_3.jpg,5.133451282210842,0.0,4.896304609218436,0.4819936164293082
H1_71a_4.jpg,5.03684287763987,0.0,5.9019719438877765,0.49010902679178414
H1_71a_5.jpg,5.364114631072043,0.0,6.908657314629258,0.42373295199291694
H1_71a_6.jpg,5.117098169330903,0.0,4.444308617234469,0.49774032362199827
H1_71a_7.jpg,4.71598578835852,0.000228,5.138605210420842,0.5348147973424594
H1_71a_8.jpg,5.283746841642566,0.0,6.3931743486973955,0.44769697383055085
H1_71a_9.jpg,5.228063223425377,0.0,4.793975951903809,0.4892295799912913
H1_71b_1.jpg,5.214155123189475,0.0,5.269647294589178,0.46889378979229096
H1_71b_2.jpg,5.140386808410436,0.0,4.555527054108216,0.49564628973266367
H1_71b_3.jpg,5.209271234075705,0.0,5.048296593186373,0.4789220874930567
H1_71b_4.jpg,5.103483872243057,0.0,4.4093106212424855,0.4977784580573449
H1_71c_1.jpg,5.070385515432383,0.0,4.264761523046093,0.5076057641313388
H1_71c_2.jpg,5.010314953884484,0.0,4.145647294589179,0.5150672451420337
H1_71c_3.jpg,5.102049823555702,0.0,3.501955911823648,0.5410745273046482
H1_71c_4.jpg,5.170626898888866,0.0,4.00345490981964,0.518132083909242
H1_71d_1.jpg,4.990808659043138,0.000328,4.586216432865732,0.5069626337962716
H1_71d_2.jpg,4.992271139180796,0.0,4.436400801603206,0.5099682319506127
H1_71d_3.jpg,4.862917927990466,0.0,3.6732424849699394,0.5436190396609655
H1_71d_4.jpg,5.133967735555087,0.0,3.5761042084168335,0.5430943873780844
H1_72a_1.jpg,5.613625178178168,0.0,1.1873747494989981,0.6989892203639821
H1_72a_10.jpg,5.233022288105377,0.0,1.2496633266533066,0.6821059736242473
H1_72a_11.jpg,5.220460733772603,0.0,1.1594388777555111,0.6986431907461932
H1_72a_12.jpg,5.010918540852156,0.0,1.0142124248496993,0.7201385855771831
H1_72a_13.jpg,5.506605901628374,0.0,1.2264529058116231,0.6926767446768206
H1_72a_14.jpg,5.379830150320295,0.0,1.037855711422846,0.7120676966500076
H1_72a_15.jpg,5.274817634485645,0.0,1.122881763527054,0.7007377150877067
H1_72a_16.jpg,5.394758500764807,0.0,1.1796593186372746,0.6931853731375448
H1_72a_17.jpg,5.82685338164327,0.0,1.491927855711423,0.6577248331673726
H1_72a_18.jpg,5.729110758681108,0.0,1.1639679358717434,0.692996622483028
H1_72a_19.jpg,5.4198092813148895,0.0,1.061939879759519,0.7186626853795882
H1_72a_2.jpg,5.339572520449159,0.0,1.1030501002004007,0.7046596408694478
H1_72a_20.jpg,5.476363400160616,0.0,1.134428857715431,0.7034714748602249
H1_72a_21.jpg,5.4200482259833205,0.0,1.2011623246492986,0.6973417596933464
H1_72a_22.jpg,5.3466222307886415,0.0,1.1984729458917835,0.6909470616823498
H1_72a_23.jpg,5.5246661874460985,0.0,1.3027414829659318,0.6810158279163147
H1_72a_24.jpg,5.719577955083493,0.0,1.1900200400801604,0.6871218030920712
H1_72a_3.jpg,5.205235020569076,0.0,1.10687374749499,0.7028861897738298
H1_72a_4.jpg,5.372103485355155,0.0,1.2675470941883766,0.6839869866853646
H1_72a_5.jpg,5.3973083000186834,0.0,1.3706573146292584,0.6696409209067247
H1_72a_6.jpg,5.2225351299504625,0.0,1.1817915831663326,0.6961332238342255
H1_72a_7.jpg,5.818353600813444,0.0,1.4931302605210421,0.6615199578077366
H1_72a_8.jpg,5.3196289716561,0.0,0.8693827655310622,0.7391440342051352
H1_72a_9.jpg,5.3993568838787995,0.0,1.0520921843687374,0.7123353275601215
H1_72b_1.jpg,5.200668524971317,0.0,1.036432865731463,0.7140386332846239
H1_72b_10.jpg,5.615372600755358,0.0,1.171306613226453,0.6966323286939324
H1_72b_11.jpg,5.583481569547749,0.0,1.1540240480961923,0.7051255368650071
H1_72b_12.jpg,5.477192665857699,0.0,0.9535470941883767,0.7305584909601328
H1_72b_2.jpg,5.495218798946735,0.0,1.1629699398797593,0.6958950483466926
H1_72b_3.jpg,5.396684111483033,0.0,1.148637274549098,0.7000517624095504
H1_72b_4.jpg,5.159339486030449,0.0,1.165442885771543,0.6976124785744182
H1_72b_5.jpg,5.6831258289392155,0.0,1.1596553106212424,0.7006700686295415
H1_72b_6.jpg,5.87146763885897,0.0,1.2999799599198396,0.6806120952377288
H1_72b_7.jpg,5.573755751139268,0.0,1.1766893787575148,0.7033479503683882
H1_72b_8.jpg,5.784216997532108,0.0,1.2126252505010022,0.6991986045888721
H1_72b_9.jpg,5.498168718599083,0.0,1.1488857715430862,0.7015130254232682
H1_72c_1.jpg,5.820356292582489,0.0,1.2043326653306614,0.6897797633566405
H1_72c_10.jpg,5.5315177011490135,0.0,1.0953827655310622,0.7048441210266483
H1_72c_11.jpg,5.131410001845288,0.0,0.8367695390781563,0.7480097796078948
H1_72c_12.jpg,5.076986305366246,0.0,0.9331062124248497,0.7327705335776173
H1_72c_13.jpg,5.198982409690549,0.0,1.027122244488978,0.7168600346395637
H1_72c_14.jpg,5.599305408331781,0.0,1.2890941883767535,0.6774831827932487
H1_72c_15.jpg,5.395729956617754,0.0,1.1157354709418839,0.7030255956501484
H1_72c_16.jpg,4.664637302110805,0.0,0.7573386773547095,0.7686516019637742
H1_72c_17.jpg,4.770457327698381,0.0,0.7742164328657315,0.7568892411801713
H1_72c_18.jpg,4.720675276633585,0.0,0.9122925851703405,0.734526989456427
H1_72c_19.jpg,5.111074563855183,0.0,0.9880200400801602,0.7197479603078104
H1_72c_2.jpg,5.798272081213936,0.0,1.1996713426853707,0.6936605388052488
H1_72c_20.jpg,5.3222985729475125,0.0,0.900316633266533,0.7337815221687105
H1_72c_21.jpg,4.578015940690627,0.0,0.7462925851703405,0.7707905992344233
H1_72c_22.jpg,4.752031334793428,0.0,0.7805250501002003,0.7576323309600735
H1_72c_23.jpg,4.688711134305468,0.0,0.9242965931863727,0.7326927120514513
H1_72c_24.jpg,5.048081788095196,0.0,1.0017114228456914,0.7192033109380437
H1_72c_25.jpg,5.274040201160105,0.0,0.9071062124248498,0.7332142748601032
H1_72c_3.jpg,5.404575099101785,0.0,1.1366292585170341,0.6930094922484403
H1_72c_4.jpg,5.449188782959525,0.0,1.226436873747495,0.6863850880231908
H1_72c_5.jpg,5.500707366395849,0.0,1.1290220440881762,0.69874782098378
H1_72c_6.jpg,5.340026971492162,0.0,1.1608416833667334,0.7069691972410977
H1_72c_7.jpg,5.498877814521885,0.0,1.0375991983967936,0.7146983303633422
H1_72c_8.jpg,5.536435025774918,0.0,1.2295270541082164,0.6915994316709471
H1_72c_9.jpg,5.6701935957044745,0.0,1.3852184368737475,0.6689763680376086
H1_72d_1.jpg,5.65471018399601,0.0,1.2973947895791584,0.6804824865568541
H1_72d_10.jpg,5.350126407667347,0.0,1.0605410821643289,0.7064041611605318
H1_72d_11.jpg,5.148586171909398,0.0,1.0980801603206412,0.7071753892711166
H1_72d_12.jpg,5.3033157438349114,0.0,0.9974549098196395,0.7223502183527669
H1_72d_13.jpg,5.388704747528269,0.0,1.166456913827655,0.6963080220357283
H1_72d_14.jpg,5.361100467292844,0.0,1.0565971943887775,0.7075933521927121
H1_72d_15.jpg,5.139167967094405,0.0,1.0936513026052106,0.7076242519028247
H1_72d_16.jpg,5.295956041703445,0.0,0.9879879759519037,0.7236835754031767
H1_72d_2.jpg,5.273858499411492,0.0,1.063006012024048,0.7131788322830526
H1_72d_3.jpg,5.36878569402014,0.0,1.19712625250501,0.6935593861878143
H1_72d_4.jpg,5.460901166716152,0.0,1.1355270541082163,0.6974326760106202
H1_72d_5.jpg,5.409958187143801,0.0,1.1378597194388778,0.7007748765663684
H1_72d_6.jpg,5.371528129418312,0.0,1.000929859719439,0.7189884708637038
H1_72d_7.jpg,5.164102883484398,0.0,0.9882044088176354,0.7230903769136535
H1_72d_8.jpg,5.17787467617217,0.0,0.9623006012024051,0.724892103874871
H1_72d_9.jpg,5.4017094978380555,0.0,1.172937875751503,0.6961302715488185
H1_73a_1.jpg,3.2275908554072896,0.0,0.4431102204408818,0.836803748526771
H1_73a_10.jpg,3.5558011024709058,0.0,0.49854909819639276,0.8206736694521487
H1_73a_11.jpg,4.414701973085131,0.0,0.5147935871743486,0.8186302755343202
H1_73a_12.jpg,4.52962743776651,0.0,0.48023647294589183,0.8260955460731909
H1_73a_13.jpg,4.140148113217739,0.0,0.5106653306613227,0.8187946846070764
H1_73a_14.jpg,5.2955728518008405,0.0,0.6408617234468938,0.7871842449137052
H1_73a_15.jpg,5.887019479166145,0.0,0.9508296593186373,0.7250025128796442
H1_73a_16.jpg,4.638498781425078,0.0,0.5374549098196393,0.8154308310297984
H1_73a_17.jpg,3.5358673285071687,0.0,0.46611222444889794,0.829909249135424
H1_73a_18.jpg,4.258213386230172,0.0,0.5701763527054109,0.8050266377931355
H1_73a_19.jpg,5.4380093154971165,0.0,0.917827655310621,0.7335607522752409
H1_73a_2.jpg,3.271259755659036,0.0,0.45799999999999996,0.82872730615689
H1_73a_20.jpg,5.752756276315255,0.0,1.022617234468938,0.7121463022824022
H1_73a_21.jpg,4.899682335004271,0.0,0.49269338677354707,0.8252012187564562
H1_73a_22.jpg,4.057671929518213,0.0,0.49052905811623243,0.8214042461736485
H1_73a_23.jpg,5.232274086248932,0.0,0.7372985971943888,0.7656767955377611
H1_73a_24.jpg,5.663310336565061,0.0,1.03062124248497,0.7155907228752377
H1_73a_25.jpg,5.843727021830994,0.0,1.1012304609218437,0.7002068719657731
H1_73a_3.jpg,3.319616106812931,0.0,0.4969178356713428,0.824202947884273
H1_73a_4.jpg,3.159237515210224,0.0,0.49751903807615233,0.8215806528843488
H1_73a_5.jpg,3.1553913072362825,0.0,0.4963126252505011,0.8224826751215532
H1_73a_6.jpg,3.4342322184991256,0.0,0.4537234468937876,0.8364245586731796
H1_73a_7.jpg,3.9433408632817364,0.0,0.4384048096192385,0.8383814668201512
H1_73a_8.jpg,4.5786814733193415,0.0,0.5090260521042084,0.8200132666556055
H1_73a_9.jpg,4.066424182739732,0.0,0.5386973947895792,0.8132709224735396
H1_73b_1.jpg,3.1929134351920236,0.0,0.4946773547094188,0.8231429129703702
H1_73b_10.jpg,6.284689757348481,0.0,1.005426853707415,0.7283487858188904
H1_73b_11.jpg,6.108556988076687,0.0,1.0156633266533066,0.713464583622424
H1_73b_12.jpg,5.963930394210942,0.0,0.9771663326653306,0.7196294914103164
H1_73b_13.jpg,5.451401264043476,0.0,0.7185691382765531,0.7721010019648631
H1_73b_14.jpg,5.736514686049878,0.0,0.7187775551102205,0.7677744674723055
H1_73b_15.jpg,5.495826906453514,0.0,0.784244488977956,0.7586069233046071
H1_73b_16.jpg,6.097263684875851,0.0,0.9967855711422846,0.7187178265541782
H1_73b_2.jpg,3.824589999838796,0.0,0.4922444889779561,0.8239442684610999
H1_73b_3.jpg,4.239485419321963,0.0,0.5804729458917837,0.8028606962733099
H1_73b_4.jpg,4.0331594642612565,0.0,0.5525811623246494,0.8074477674340979
H1_73b_5.jpg,5.902778417673891,0.0,0.9465330661322646,0.7315758971238447
H1_73b_6.jpg,5.393965492755518,0.0,0.7593466933867736,0.7616493101352576
H1_73b_7.jpg,5.661065467782176,0.0,0.9932064128256511,0.7230589599717056
H1_73b_8.jpg,5.751926930407369,0.0,0.8482765531062124,0.7398823766446591
H1_73b_9.jpg,5.927689951104126,0.0,0.8349218436873748,0.7470085111889426
H1_74a_1.jpg,5.086976757558659,0.0,1.3663807615230459,0.6806142569594035
H1_74a_10.jpg,5.822573845302211,0.0,1.5504649298597193,0.6530260988655239
H1_74a_11.jpg,5.770506733476385,0.0,1.6128496993987975,0.6529860142278957
H1_74a_12.jpg,6.105686220844888,0.0,1.7876312625250501,0.6294263090489585
H1_74a_13.jpg,5.202467441939881,0.0,1.405234468937876,0.6763848864748755
H1_74a_14.jpg,5.914045070302235,0.0,1.7039559118236471,0.6355227853202519
H1_74a_15.jpg,5.534703120432237,0.0,1.5315711422845693,0.6546228167594655
H1_74a_16.jpg,5.895641661067937,0.0,1.865803607214429,0.6314650469117445
H1_74a_17.jpg,4.821694335614611,0.0,1.221366733466934,0.6944478317317415
H1_74a_18.jpg,6.151262427135862,0.0,1.7576593186372746,0.6340252311213493
H1_74a_19.jpg,5.701798119699682,0.0,1.4692585170340682,0.6717003730870934
H1_74a_2.jpg,5.314771982609242,0.0,1.3776232464929858,0.6751134632944832
H1_74a_20.jpg,5.9677627371758915,0.0,1.843066132264529,0.6215357784657584
H1_74a_21.jpg,6.048399323668362,0.0,1.778260521042084,0.6351390872026896
H1_74a_22.jpg,5.930111139051273,0.0,1.9374028056112225,0.6239914281719291
H1_74a_23.jpg,5.86965981705309,0.0,1.6909258517034067,0.6535076701145024
H1_74a_24.jpg,6.32318155017687,0.0,2.2162645290581153,0.5997589872401563
H1_74a_3.jpg,5.842675506805618,0.0,1.8226412825651306,0.6398632496235721
H1_74a_4.jpg,5.521598396555784,0.0,1.9947174348697394,0.6280708081544032
H1_74a_5.jpg,5.323344193596374,0.0,1.3941843687374749,0.6706422305171047
H1_74a_6.jpg,5.780711928868734,0.0,1.9025851703406815,0.6199942480010991
H1_74a_7.jpg,4.99227244027332,0.0,1.2290180360721443,0.6981859994114492
H1_74a_8.jpg,5.90871134615101,0.0,1.9160480961923847,0.6255416755255994
H1_74a_9.jpg,6.150084420082314,0.0,2.165935871743487,0.6174850907356126
H1_74b_1.jpg,5.726814090598808,0.0,2.095418837675351,0.6028526086528788
H1_74b_10.jpg,5.521882406282831,0.0,1.2880080160320642,0.6810463846788799
H1_74b_11.jpg,6.033263866266757,0.0,2.242472945891784,0.5980008499766102
H1_74b_12.jpg,5.833283067406423,0.0,2.0464689378757517,0.6043235139602742
H1_74b_13.jpg,5.851280385294913,0.0,2.163923847695391,0.6058797851243389
H1_74b_14.jpg,5.252453016677103,0.0,1.3914468937875752,0.6690461561257087
H1_74b_15.jpg,5.680212283780589,0.0,1.4901442885771543,0.6542021345322979
H1_74b_16.jpg,5.9027711873721875,0.0,1.778164328657314,0.6333134668643077
H1_74b_17.jpg,5.295858004619335,0.0,1.8800280561122238,0.6179415190556685
H1_74b_18.jpg,5.131105183737692,0.0,1.351679358717435,0.6789762182821091
H1_74b_19.jpg,4.981055058474829,0.0,1.2262565130260523,0.6897261399522657
H1_74b_2.jpg,5.78016669995436,0.0,1.907498997995992,0.6167107967022984
H1_74b_20.jpg,5.199307164550831,0.0,1.5146012024048099,0.6593147385611959
H1_74b_3.jpg,5.065187380509301,0.0,1.6663567134268535,0.6432715420768718
H1_74b_4.jpg,5.794497604180559,0.0,1.7695270541082162,0.6281402227159201
H1_74b_5.jpg,5.991590956403979,0.0,1.6377314629258517,0.6422131326368596
H1_74b_6.jpg,5.609883787184029,0.0,2.0303406813627256,0.6177073640758773
H1_74b_7.jpg,5.876244855260915,0.0,2.0944729458917837,0.5973352088102937
H1_74b_8.jpg,5.896205354412322,0.0,1.9838957915831663,0.6130254968042754
H1_74b_9.jpg,5.617990919452694,0.0,1.4427254509018035,0.663528892979586
H1_74c_1.jpg,5.937592737335181,0.0,1.902420841683367,0.6236118365840075
H1_74c_10.jpg,5.941998834868417,0.0,1.8433987975951904,0.6305519759446911
H1_74c_11.jpg,5.982342168403198,0.0,1.9516392785571142,0.6231983058174673
H1_74c_12.jpg,5.441478344773691,0.0,1.5189498997995992,0.6559595157040582
H1_74c_13.jpg,5.795455795444873,0.0,1.86712625250501,0.6252977206990832
H1_74c_14.jpg,5.204320283210195,0.0,1.5495831663326651,0.6555766977509435
H1_74c_15.jpg,5.547734414293209,0.0,1.8365130260521043,0.6240882962007852
H1_74c_16.jpg,5.40476153516443,0.0,1.2551943887775552,0.6825560042293901
H1_74c_17.jpg,5.9471750758963635,0.0,2.168605210420841,0.6019017490544305
H1_74c_18.jpg,5.66047148233879,0.0,1.5807094188376754,0.6503242934363618
H1_74c_19.jpg,5.636536227191541,0.0,1.702180360721443,0.6466480512671042
H1_74c_2.jpg,6.165916835515207,0.0,2.204993987975952,0.5868824167987085
H1_74c_20.jpg,4.6729171639440485,0.0,1.0196032064128258,0.7214030082513148
H1_74c_21.jpg,5.499424862230912,0.0,1.4021723446893788,0.6724011179235584
H1_74c_22.jpg,5.659527612187796,0.0,1.781214428857715,0.6340426858931106
H1_74c_23.jpg,5.79151713541,0.0,1.787695390781563,0.6329754750125365
H1_74c_24.jpg,5.878364433278634,0.0,1.7284689378757516,0.6303714930629789
H1_74c_3.jpg,5.71959680726457,0.0,1.7209418837675352,0.6377746215424239
H1_74c_4.jpg,5.769163391420018,0.0,1.7789939879759518,0.6274062586233431
H1_74c_5.jpg,5.7972523498677555,0.0,2.0485891783567136,0.6153638048334802
H1_74c_6.jpg,6.050998269961149,0.0,2.1121963927855707,0.5993231293815152
H1_74c_7.jpg,6.08697344027896,0.0,1.7236312625250498,0.6426138251850838
H1_74c_8.jpg,6.115641036486325,0.0,1.6793747494989977,0.6352022494200582
H1_74c_9.jpg,6.184561637920536,0.0,2.0007214428857716,0.6166588813855804
H1_74d_1.jpg,5.569236692317456,0.0,1.8740440881763527,0.6203551482559432
H1_74d_10.jpg,5.291911987023449,0.0,1.6051583166332666,0.6551255668199765
H1_74d_11.jpg,6.034350085340983,0.0,2.2194509018036075,0.5952039093400343
H1_74d_12.jpg,6.369529276361163,0.0,2.4224008016032066,0.5764189643199963
H1_74d_13.jpg,5.621423723437976,0.0,1.7360801603206415,0.6358530503747122
H1_74d_14.jpg,5.7397394820485745,0.0,1.7434068136272542,0.6333989842358649
H1_74d_15.jpg,5.712440360097851,0.0,1.5627294589178355,0.6508389350941169
H1_74d_16.jpg,5.959544685447953,0.0,2.027046092184369,0.6040474075383323
H1_74d_17.jpg,5.9687506019206635,0.0,2.1893627254509016,0.5958735744781292
H1_74d_18.jpg,5.983809735830976,0.0,1.9924168336673351,0.6149603438022583
H1_74d_19.jpg,5.5774103964163215,0.0,1.60638877755511,0.6459575090129477
H1_74d_2.jpg,5.271804038042437,0.0,1.6614909819639279,0.6396267065519358
H1_74d_20.jpg,5.737833186672587,0.0,1.464693386773547,0.6609622394973683
H1_74d_3.jpg,5.307320722466784,0.0,1.5201723446893787,0.6560920377124098
H1_74d_4.jpg,5.164052646934159,0.0,1.4089018036072143,0.6701467866427661
H1_74d_5.jpg,5.128526855570204,0.0,1.4526212424849703,0.6697956000540846
H1_74d_6.jpg,6.137821401053755,0.0,2.0244689378757514,0.6144050128607907
H1_74d_7.jpg,5.851127701050843,0.0,1.8407214428857712,0.6140420103972759
H1_74d_8.jpg,5.271170112140399,0.0,1.5879719438877755,0.6544900139826747
H1_74d_9.jpg,4.957077084028394,0.0,1.4783446893787573,0.6643923610777184
H1_75a_1.jpg,4.370258834717898,0.0,0.8690380761523047,0.7506433905056166
H1_75a_10.jpg,5.414457998765362,0.0,1.0426012024048097,0.7147052060424067
H1_75a_11.jpg,4.681116291540112,0.0,0.8981202404809618,0.7430871207607956
H1_75a_12.jpg,4.698452391635212,0.0,0.8090060120240483,0.7544940879256486
H1_75a_13.jpg,5.287877564318816,0.0,1.1491462925851703,0.7097304304699048
H1_75a_14.jpg,5.330984512929352,0.0,1.0143326653306612,0.7213800819504491
H1_75a_15.jpg,4.677925356119231,0.0,0.8438757515030061,0.757136451151191
H1_75a_16.jpg,4.695285031907772,0.0,0.799246492985972,0.756910507369147
H1_75a_2.jpg,5.12306808316303,0.0,1.1633306613226453,0.6985974860120321
H1_75a_3.jpg,4.780343763381667,0.0,0.8928416833667334,0.7439289137354608
H1_75a_4.jpg,4.790520636400181,0.0,0.809314629258517,0.7503572907929104
H1_75a_5.jpg,4.412638279131182,0.0,0.8610781563126253,0.7517459453276305
H1_75a_6.jpg,5.464383472822808,0.0,1.1979679358717432,0.6948660612406949
H1_75a_7.jpg,4.6202986144633105,0.0,0.8126613226452907,0.7625001072925367
H1_75a_8.jpg,4.659648079204436,0.0,0.7608296593186373,0.7645308566817394
H1_75a_9.jpg,5.2101540613232755,0.0,1.167511022044088,0.7074306954709012
H1_75b_1.jpg,5.307838165177405,0.0,1.1416553106212424,0.7017582060138106
H1_75b_2.jpg,5.2624392428864315,0.0,1.067563126252505,0.7125729602090384
H1_75b_3.jpg,4.8011615232083615,0.0,0.9534188376753507,0.7318406100303313
H1_75b_4.jpg,5.183671216623357,0.0,1.1323406813627255,0.7122420567675887
H1_75b_5.jpg,5.441473949677746,0.0,1.2734028056112225,0.6912590134203022
H1_75b_6.jpg,5.196812766947722,0.0,1.2966412825651306,0.6969808194319141
H1_75b_7.jpg,5.100675935937131,0.0,1.0968937875751503,0.7191419349197801
H1_75b_8.jpg,5.430326144154816,0.0,1.3294148296593185,0.688934758334362
H1_75b_9.jpg,5.054077874172379,0.0,1.3580080160320642,0.6936825201863899
H1_75c_1.jpg,4.6662079089878095,0.0,0.9419118236472945,0.7393752557333859
H1_75c_2.jpg,5.035184468486201,0.0,0.9773106212424848,0.727367918813792
H1_75c_3.jpg,5.092277811044835,0.0,1.0499038076152305,0.7160347231388146
H1_75c_4.jpg,4.8577855088477575,0.0,0.8994509018036072,0.7452653729814568
H1_75c_5.jpg,4.812941759252515,0.0,0.9052144288577155,0.737968541548761
H1_75c_6.jpg,4.723280948718331,0.0,0.8894268537074148,0.7410629539470401
H1_75c_7.jpg,4.923234173055913,0.0,0.990741482965932,0.7371766852721467
H1_75c_8.jpg,4.297775921946967,0.0,0.7486332665330662,0.7665212696343032
H1_75c_9.jpg,4.279322772898181,0.0,0.7524809619238477,0.7642883985897746
H1_76a_1.jpg,5.123849997927883,0.0,1.0059679358717437,0.7272341514036221
H1_76a_2.jpg,5.484620740511822,0.0,1.1293466933867735,0.6995189097731154
H1_76a_3.jpg,4.948317671748215,0.0,0.9408817635270543,0.7337681422402784
H1_76a_4.jpg,4.96525900656065,0.0,0.99889378757515,0.7284839159350556
H1_76a_5.jpg,5.582940384479922,0.0,1.1548617234468939,0.6980639841613261
H1_76a_6.jpg,5.327212091438028,0.0,1.088132264529058,0.709959098256377
H1_76a_7.jpg,4.917342005089578,0.0,0.9098476953907815,0.7426269072308255
H1_76a_8.jpg,5.354060706951816,0.0,1.0031462925851704,0.7218068119496961
H1_76a_9.jpg,5.127528597249713,0.0,1.0800561122244487,0.7102634835731758
H1_76b_1.jpg,4.979001239715961,0.0,1.0193426853707415,0.7238884529762089
H1_76b_10.jpg,4.783197761261308,0.0,0.8313907815631262,0.7576470010047714
H1_76b_11.jpg,5.1345668488718,0.0,1.058881763527054,0.7181752979077214
H1_76b_12.jpg,4.9086929460896505,0.0,0.8819278557114227,0.7484438481020612
H1_76b_13.jpg,4.845897318047185,0.0,0.7547775551102204,0.7676636733724888
H1_76b_14.jpg,4.760756329441002,0.0,0.7235631262525051,0.7742161363401417
H1_76b_15.jpg,4.6934946499400265,0.0,0.7531823647294589,0.7696654869621962
H1_76b_16.jpg,5.096104287302,0.0,1.0008336673346694,0.7311050959639155
H1_76b_17.jpg,4.856201058054051,0.0,0.823807615230461,0.7583546041288676
H1_76b_18.jpg,4.931125871414343,0.0,0.7703887775551101,0.7655351897180929
H1_76b_19.jpg,4.789195772655049,0.0,0.7436352705410822,0.7684323059129918
H1_76b_2.jpg,4.796561250317735,0.0,0.8536793587174349,0.7532224955865389
H1_76b_20.jpg,4.737129916318069,0.0,0.7832745490981964,0.7641336020403406
H1_76b_3.jpg,4.452840310056376,0.0,0.7979278557114229,0.7659774592939476
H1_76b_4.jpg,4.616583113833909,0.0,0.6687855711422845,0.7873985078232956
H1_76b_5.jpg,4.598309381802175,0.0,0.6818356713426854,0.7850674909408027
H1_76b_6.jpg,4.976656557412732,0.0,0.9459839679358717,0.7367043904797153
H1_76b_7.jpg,5.024240417958414,0.0,0.860112224448898,0.7484172872193797
H1_76b_8.jpg,4.851955961213612,0.0,0.7909819639278557,0.7699577900077229
H1_76b_9.jpg,4.81063200763084,0.0,0.8168577154308617,0.7605095613064148
H1_76c_1.jpg,5.002721303807749,0.0,0.8499238476953909,0.7586062783066498
H1_76c_10.jpg,5.254969560698923,0.0,1.0890340681362725,0.7113084926281885
H1_76c_11.jpg,4.657642254128481,0.0,0.8258637274549098,0.7632055803222131
H1_76c_12.jpg,4.124392048980738,0.0,0.5723006012024047,0.8076554971552555
H1_76c_13.jpg,4.26523171207231,0.0,0.7584969939879761,0.7754111074334307
H1_76c_14.jpg,4.6309951693799825,0.0,0.8768496993987976,0.7469669890736712
H1_76c_15.jpg,4.753452708492101,0.0,0.9043206412825651,0.7417876717793825
H1_76c_16.jpg,4.683830152508408,0.0,0.7327414829659319,0.7813585317334065
H1_76c_17.jpg,4.529025034857924,0.0,0.629935871743487,0.7998867789238804
H1_76c_18.jpg,4.924963920360961,0.0,0.8142284569138277,0.7667276128446321
H1_76c_19.jpg,4.478544182008078,0.0,0.7213426853707413,0.7802812476093632
H1_76c_2.jpg,5.2937770360385965,0.0,0.9398036072144289,0.7404105373933499
H1_76c_20.jpg,4.39714021926373,0.0,0.7412344689378758,0.7756567037057944
H1_76c_21.jpg,4.63030107613945,0.0,0.7016112224448898,0.7882340458243133
H1_76c_22.jpg,4.549194354007443,0.0,0.6268216432865731,0.8000466253676485
H1_76c_23.jpg,5.010562378978226,0.0,0.8326573146292587,0.7631621567506012
H1_76c_24.jpg,4.408219556366611,0.0,0.6929138276553106,0.7862199061689538
H1_76c_25.jpg,4.320243947742829,0.0,0.7228977955911825,0.7794537827701497
H1_76c_3.jpg,5.20017875062183,0.0,1.0752945891783567,0.7184475761857809
H1_76c_4.jpg,5.071988934860983,0.0,0.9541723446893786,0.7341358820264183
H1_76c_5.jpg,4.954200151029578,0.0,0.9531422845691383,0.7340816992178065
H1_76c_6.jpg,5.300375728087718,0.0,0.8318036072144289,0.7568669883063291
H1_76c_7.jpg,4.545876281246957,0.0,0.6499358717434869,0.7906952992689609
H1_76c_8.jpg,4.613738389596339,0.0,0.8314348697394789,0.7647388850032386
H1_76c_9.jpg,5.173051215654845,0.0,1.0346533066132264,0.7217901033109417
H1_76d_1.jpg,4.854568943333666,0.0,1.0060400801603209,0.7291828772101461
H1_76d_2.jpg,5.394981689899808,0.0,1.1052905811623246,0.7133454320343197
H1_76d_3.jpg,5.05187041274355,0.0,0.9371142284569138,0.7351769292988948
H1_76d_4.jpg,5.242116210324193,0.0,1.0352024048096191,0.7245604325423797
H1_76d_5.jpg,5.262698539910358,0.0,1.0157474949899798,0.7221314662980889
H1_76d_6.jpg,5.175065698244331,0.0,1.0285210420841686,0.7226837881187366
H1_76d_7.jpg,5.167800461254281,0.0,1.0182685370741482,0.7259994630329981
H1_76d_8.jpg,5.171725202576657,0.0,0.9938677354709418,0.7259672439220957
H1_76d_9.jpg,5.1702165018578805,0.0,1.0125170340681366,0.726790294122766
H1_76e_1.jpg,5.08426408033477,0.0,0.9816593186372746,0.7312749367141949
H1_76e_10.jpg,4.660815738398124,0.0,0.7067535070140281,0.7781400848609289
H1_76e_11.jpg,4.811253749973163,0.0,0.8449699398797595,0.7571147244763793
H1_76e_12.jpg,4.737733987134015,0.0,0.8534989979959919,0.7479095282328967
H1_76e_13.jpg,4.94401705960005,0.0,0.7898957915831664,0.761712241452454
H1_76e_14.jpg,4.971732487669847,0.0,0.7556432865731464,0.7683857096404068
H1_76e_15.jpg,4.970478651287556,0.0,0.7690420841683365,0.7664121269471385
H1_76e_2.jpg,5.087184850195149,0.0,0.9570420841683367,0.7333458622449461
H1_76e_3.jpg,4.787646958560537,0.0,0.8726573146292584,0.7490474170393122
H1_76e_4.jpg,4.892239084237544,0.0,0.7483366733466934,0.766771828906443
H1_76e_5.jpg,4.751042750268519,0.0,0.7578196392785571,0.7652693593719889
H1_76e_6.jpg,4.789982962171966,0.0,0.8875591182364729,0.748947779819849
H1_76e_7.jpg,4.835066135845637,0.0,0.8761042084168338,0.7438092486680405
H1_76e_8.jpg,5.078911324895734,0.0,0.829246492985972,0.7603579692951897
H1_76e_9.jpg,4.618601644975767,0.0,0.7165811623246493,0.7748822417701262
H1_77a_1.jpg,4.152099273728864,0.0,0.9715310621242488,0.737830203206055
H1_77a_10.jpg,3.908479498642077,0.0,0.8282324649298597,0.7578805775714444
H1_77a_11.jpg,3.827446861083658,0.0,0.8907975951903807,0.7528215535270603
H1_77a_12.jpg,4.41650627602802,0.0,0.8609619238476955,0.7474581024582384
H1_77a_13.jpg,4.802315997529383,0.0,1.1306012024048095,0.7131206106001255
H1_77a_14.jpg,3.7745312799748305,0.0,0.8557234468937875,0.753199583527149
H1_77a_15.jpg,3.763202300145417,0.0,0.8561923847695392,0.7553555072381908
H1_77a_16.jpg,3.884897629068675,0.0,0.7856913827655311,0.7695375292097868
H1_77a_17.jpg,3.619592690205581,0.0,0.7570901803607215,0.7704533794695907
H1_77a_18.jpg,4.679576852923197,0.0,0.8792785571142284,0.7417179663269033
H1_77a_19.jpg,4.632791322350985,0.0,0.8427815631262527,0.7530794917848085
H1_77a_2.jpg,4.868615718496099,0.0,1.0750501002004007,0.7211249503616677
H1_77a_20.jpg,4.7117070513304204,0.0,0.8185531062124248,0.7578637362282469
H1_77a_21.jpg,3.6861958737500724,0.0,0.7323807615230462,0.7793933169499262
H1_77a_22.jpg,3.814209642487844,0.0,0.7551783567134268,0.7689825010419578
H1_77a_23.jpg,4.421206182468537,0.0,0.8506733466933868,0.7532520945088733
H1_77a_24.jpg,4.672798028869512,0.0,0.8228617234468938,0.7542884645742236
H1_77a_25.jpg,4.688466017172446,0.0,0.8284649298597195,0.7554106950638316
H1_77a_3.jpg,3.631456313130341,0.0,1.0036593186372746,0.7329331101471024
H1_77a_4.jpg,3.661055276334123,0.0,0.8923687374749497,0.7457022758634668
H1_77a_5.jpg,3.745680143872884,0.0,0.8843486973947895,0.748321926358265
H1_77a_6.jpg,3.983533265887107,0.0,0.8551623246492986,0.7580218448290673
H1_77a_7.jpg,4.235165465492627,0.0,0.9543887775551104,0.7347044395152043
H1_77a_8.jpg,4.1181300858703915,0.0,1.006681362725451,0.735653902547644
H1_77a_9.jpg,3.753803708141754,0.0,0.8375030060120241,0.7564928209943304
H1_77b_1.jpg,3.8506712382289083,0.0,0.9275871743486974,0.7431711631747882
H1_77b_10.jpg,4.05047817005624,0.0,0.8060761523046094,0.7634553887033104
H1_77b_11.jpg,3.4536690204070015,0.0,0.9093507014028056,0.7522151423095131
H1_77b_12.jpg,3.5369645378889523,0.0,0.8119599198396793,0.7611518577030929
H1_77b_13.jpg,4.568912364671774,0.0,0.876372745490982,0.753768666276625
H1_77b_14.jpg,4.003866840022564,0.0,0.7821002004008016,0.7677832615113149
H1_77b_15.jpg,3.5216501230742674,0.0,0.8571783567134266,0.7622532119963166
H1_77b_16.jpg,3.60403764500138,0.0,0.8061202404809619,0.7649544638987748
H1_77b_2.jpg,4.3796231684476625,0.0,0.8560320641282566,0.7527772938274702
H1_77b_3.jpg,4.192356924299851,0.0,0.9074789579158317,0.7481257424409503
H1_77b_4.jpg,3.9949137880858308,0.0,0.8061923847695391,0.7600261227739087
H1_77b_5.jpg,4.8424025748609925,0.0,0.9051262525050103,0.7436473052939743
H1_77b_6.jpg,3.8674353886837793,0.0,0.7860521042084168,0.7643548595261339
H1_77b_7.jpg,4.00306877233519,0.0,0.8244168336673345,0.7647736271636456
H1_77b_8.jpg,4.022368305212991,0.0,0.7662324649298596,0.7671967221807336
H1_77b_9.jpg,4.577308668968098,0.0,0.9410661322645291,0.7397714036475244
H1_78a_1.jpg,4.742170392895488,0.0,0.8088857715430862,0.7608936908274293
H1_78a_2.jpg,5.074334039109237,0.0,0.8603687374749499,0.7517041452256367
H1_78a_3.jpg,4.833226948134401,0.0,0.8864208416833669,0.7467863514915094
H1_78a_4.jpg,4.8455740370615255,0.0,0.8119358717434869,0.7590998977797865
H1_78a_5.jpg,4.64076595193448,0.0,0.7758396793587174,0.7659228153454618
H1_78a_6.jpg,4.73829718529385,0.0,1.044617234468938,0.7189609516006126
H1_78a_7.jpg,4.617574549500255,0.0,0.7152785571142285,0.7782327078168081
H1_78a_8.jpg,4.359599246676901,0.0,0.8022645290581162,0.7647163935122075
H1_78a_9.jpg,4.220601327494289,0.0,0.7878917835671343,0.7693668644462824
H1_78b_1.jpg,4.140873019702144,0.0,0.8290420841683367,0.7614735298343361
H1_78b_10.jpg,4.485713585684789,0.0,0.7185651302605212,0.7771389839691786
H1_78b_11.jpg,3.5981544196907587,0.0,0.6977274549098197,0.7903863547954536
H1_78b_12.jpg,3.6272972403286254,0.0,0.6179438877755512,0.8013687181039344
H1_78b_13.jpg,4.5606285207998365,0.0,0.7476072144288577,0.7745953595039101
H1_78b_14.jpg,4.466173071177084,0.0,0.6715791583166333,0.7867384630286889
H1_78b_15.jpg,3.776801671917778,0.0,0.6761523046092186,0.7960200781653357
H1_78b_16.jpg,3.7178582491251007,0.0,0.634685370741483,0.7988500882498885
H1_78b_2.jpg,4.462637712911122,0.0,0.7516432865731463,0.7736278197874221
H1_78b_3.jpg,4.6182059616617375,0.0,0.856561122244489,0.7536367936065415
H1_78b_4.jpg,4.701539363180229,0.0,0.7737114228456914,0.7661190711345188
H1_78b_5.jpg,4.134324750981704,0.0,0.707250501002004,0.783876444722591
H1_78b_6.jpg,4.6073146526066315,0.0,0.7315190380761525,0.7734786205307768
H1_78b_7.jpg,4.008951202039643,0.0,0.7111503006012023,0.7861951086824015
H1_78b_8.jpg,4.0227325963891944,0.0,0.698741482965932,0.7853122156938817
H1_78b_9.jpg,4.369904284630418,0.0,0.7765490981963927,0.767882908485192
H1_78c_1.jpg,4.499875403755295,0.0,0.8388336673346697,0.7610854315593905
H1_78c_2.jpg,4.934437045056562,0.0,0.9802725450901805,0.737188801003382
H1_78c_3.jpg,5.060099062711402,0.0,0.9494308617234468,0.7361521078820938
H1_78c_4.jpg,4.23719689183447,0.0,0.6925490981963929,0.7874404163299799
H1_78c_5.jpg,4.690788068225586,0.0,0.7116633266533067,0.7780899152341735
H1_78c_6.jpg,4.81974801582485,0.0,0.8099759519038076,0.7582552292071736
H1_78c_7.jpg,4.565243662379846,0.000372,1.0480681362725455,0.7699806694790426
H1_78c_8.jpg,4.633412579058807,0.0,0.6856993987975953,0.7856152020526999
H1_78c_9.jpg,4.352568268917499,0.0,0.686937875751503,0.7841617316077734
H1_79a_1.jpg,4.980789141364617,0.0,3.360432865731463,0.5477158415663504
H1_79a_2.jpg,5.014797844598538,0.0,3.5360641282565126,0.5381591764881619
H1_79a_3.jpg,5.052121598379191,0.0,3.6272905811623244,0.5416416952727618
H1_79a_4.jpg,5.452597622132687,0.0,4.8367134268537075,0.4978703311536057
H1_79a_5.jpg,5.503010417762432,0.0,3.9371382765531058,0.5132013573097158
H1_79a_6.jpg,5.480116571757358,0.0,4.254561122244489,0.500952730803824
H1_79a_7.jpg,5.433448972914894,0.0,4.621747494989981,0.5031409838391526
H1_79a_8.jpg,5.533869225704905,0.0,4.068661322645291,0.5096624259713209
H1_79a_9.jpg,5.5300710663934085,0.0,4.428268537074147,0.4935517522239199
H1_79b_1.jpg,5.3679190559684615,0.0,3.5778436873747492,0.5384151276680947
H1_79b_2.jpg,5.416733745097483,0.0,3.5891543086172346,0.5358977182080633
H1_79b_3.jpg,5.4868682782228415,8.8e-05,3.6220961923847694,0.5566321224832573
H1_79b_4.jpg,5.161039573940973,3.6e-05,3.6484448897795594,0.5464481114563613
H1_79c_1.jpg,4.871092330679929,0.0,3.5330501002004016,0.5397098649398752
H1_79c_2.jpg,5.060869391721583,0.0,4.054601202404809,0.5227816909207281
H1_79c_3.jpg,5.3469551861746,0.0,4.490921843687374,0.5010089234961578
H1_79c_4.jpg,5.060377990326439,0.0,3.796060120240481,0.5217757207406943
H1_79d_1.jpg,5.429475171989841,0.0,5.135783567134268,0.4732906156987374
H1_79d_2.jpg,5.169475750502955,0.0,4.842749498997996,0.48608661746865656
H1_79d_3.jpg,4.93640357606788,0.0,3.5730701402805614,0.532367992013586
H1_79d_4.jpg,4.830601350526069,0.0,3.6861603206412816,0.5296833859839895
H1_79e_1.jpg,4.862005116783799,0.0,3.442128256513026,0.5500823896825019
H1_79e_2.jpg,5.8893400489999435,0.0,3.992452905811623,0.5244302646247485
H1_79e_3.jpg,5.936745630827906,0.0,3.9207695390781563,0.5262670372874009
H1_79e_4.jpg,5.139504069638618,0.0,4.121731462925851,0.5216117605425218
H1_79e_5.jpg,5.991569890733194,0.0,3.4540761523046086,0.5413789543388482
H1_79e_6.jpg,6.030123788097099,0.0,3.597322645290581,0.5363050326129974
H1_79f_1.jpg,4.629358237328317,0.0,3.282625250501002,0.5562633257120388
H1_79f_2.jpg,4.531058770815698,0.0,2.5978076152304608,0.5998279687480635
H1_79f_3.jpg,6.194818969905066,0.0,2.403523046092184,0.6136845044677188
H1_79f_4.jpg,5.393720479253559,0.0,3.1934148296593188,0.5667125772513222
H1_79f_5.jpg,5.120715537072661,0.0,2.7835270541082164,0.5803216757803422
H1_79f_6.jpg,4.637061444973359,0.0,2.6778797595190382,0.5922336869441666
H1_79f_7.jpg,5.8379395260583555,0.0,3.4069939879759517,0.5521399277014053
H1_79f_8.jpg,4.7571859358277155,0.0,2.6269218436873745,0.5943308146137909
H1_79f_9.jpg,4.442502698305172,0.0,2.4385370741482966,0.6035818766049925
H1_79g_1.jpg,4.711002912797954,0.0,3.632597194388778,0.5456951727583391
H1_79g_2.jpg,5.149679136562544,0.0,3.328488977955911,0.5542677735833724
H1_79g_3.jpg,5.09773327522893,0.0,3.2953346693386774,0.5558935028865312
H1_79g_4.jpg,5.0662500121418494,0.0,3.7906653306613225,0.5373464853225953
H1_79g_5.jpg,5.281186688599938,0.0,4.0090260521042085,0.5175049693973476
H1_79g_6.jpg,5.274982595117613,0.0,3.8779078156312625,0.526070030946721
H1_7a_1.jpg,5.519304847615181,0.0,1.7088857715430859,0.6487549317982548
H1_7a_10.jpg,5.919441239532966,0.0,1.8216032064128256,0.6317640307929913
H1_7a_11.jpg,5.943340636787543,0.0,1.9624008016032066,0.6242509133570142
H1_7a_12.jpg,5.9008388292527165,0.0,1.5975671342685371,0.6488500295944266
H1_7a_13.jpg,6.149437771252881,0.0,1.936164328657315,0.6235378727342739
H1_7a_14.jpg,5.879129765184765,0.0,2.17976753507014,0.6042372629109385
H1_7a_15.jpg,5.750268188757483,0.0,2.0952545090180363,0.6142053774657755
H1_7a_16.jpg,5.642108425430034,0.0,1.846805611222445,0.6259142151066824
H1_7a_17.jpg,6.069572496398446,0.0,2.0181322645290587,0.6171192042947388
H1_7a_18.jpg,5.974819889149079,0.0,2.0438396793587175,0.6163919942758879
H1_7a_2.jpg,5.994763629382596,0.0,1.6329258517034073,0.645522991664406
H1_7a_3.jpg,5.955281346980511,0.0,1.5865330661322647,0.6546053854059084
H1_7a_4.jpg,5.962306607636121,0.0,1.8729338677354712,0.6237689360594
H1_7a_5.jpg,5.643428500121516,0.0,1.7969579158316633,0.6372755478924561
H1_7a_6.jpg,5.923574495761786,0.0,2.051434869739479,0.6113098826611434
H1_7a_7.jpg,5.048892072304867,0.0,1.4964809619238477,0.6729857077575276
H1_7a_8.jpg,5.810171338254428,0.0,1.8975150300601202,0.6270486324127043
H1_7a_9.jpg,5.591993868137962,0.0,1.672553106212425,0.6475476515525103
H1_7b_1.jpg,5.507418619757443,0.0,1.7130300601202406,0.6481298750481751
H1_7b_10.jpg,5.639821841620134,0.0,1.7810901803607218,0.6346961723605429
H1_7b_11.jpg,5.681192242353987,0.0,1.9025490981963928,0.6298051683527515
H1_7b_12.jpg,5.903764202929661,0.0,2.0171142284569137,0.6112005291645008
H1_7b_2.jpg,6.035052895821348,0.0,1.6490100200400801,0.6494767470636811
H1_7b_3.jpg,5.467396554634019,0.0,1.666060120240481,0.6465005141512592
H1_7b_4.jpg,5.733767081671362,0.0,1.9696032064128257,0.6156312910157761
H1_7b_5.jpg,5.711364124609477,0.0,1.0420721442885772,0.7198366890625949
H1_7b_6.jpg,5.558401338115506,0.0,1.6073386773547098,0.651653262044275
H1_7b_7.jpg,5.433400915505657,0.0,1.6371422845691384,0.6537289156874982
H1_7b_8.jpg,5.838266361380872,0.0,1.9572144288577153,0.6186691362325688
H1_7b_9.jpg,5.4008932103093565,0.0,1.3756593186372743,0.6926610535758563
H1_7c_1.jpg,5.763572458552078,0.0,1.9957074148296594,0.617307502200344
H1_7c_10.jpg,6.079600029135495,0.0,2.070080160320641,0.6132724569613061
H1_7c_11.jpg,5.934770213988893,0.0,2.1352825651302605,0.6040845342727368
H1_7c_12.jpg,5.520895305185925,0.0,1.7806693386773547,0.634072889296461
H1_7c_13.jpg,5.7687643924191665,0.0,1.8453266533066133,0.628614404005971
H1_7c_14.jpg,5.9156793845042,0.0,1.9685611222444883,0.6171987061160245
H1_7c_15.jpg,5.931476665764627,0.0,2.025743486973948,0.613103900134605
H1_7c_16.jpg,5.9931240189554345,0.0,2.050300601202405,0.6137662633546415
H1_7c_17.jpg,5.530639161453839,0.0,1.7050741482965934,0.6405111366956804
H1_7c_18.jpg,5.813785236851582,0.0,1.991707414829659,0.6218381833097548
H1_7c_19.jpg,5.823382132087824,0.0,1.8994108216432868,0.625889018476161
H1_7c_2.jpg,6.090373779996744,0.0,1.9695470941883766,0.6192336986154616
H1_7c_20.jpg,5.827810817684858,0.0,1.9402444889779558,0.6218753067150797
H1_7c_3.jpg,5.987115082507846,0.0,2.113519038076152,0.6114690619550981
H1_7c_4.jpg,6.156245006063646,0.0,2.6158196392785578,0.5830159392767467
H1_7c_5.jpg,6.217302609050347,0.0,2.6125410821643293,0.5832506663009018
H1_7c_6.jpg,6.185568135087637,0.0,1.8286452905811623,0.6286395677233619
H1_7c_7.jpg,5.629918607858703,0.0,1.6379679358717434,0.6450595181657042
H1_7c_8.jpg,5.890874920344612,0.0,2.0525971943887775,0.6114830962014486
H1_7c_9.jpg,6.079418332889241,0.0,2.1065290581162324,0.609773174972395
H1_80a_1.jpg,6.045031245673997,0.0,3.9399959919839675,0.5198008101446139
H1_80a_2.jpg,5.8380616483714975,0.0,2.909907815631263,0.5563090872499646
H1_80a_3.jpg,5.854052768891158,0.0,3.3266733466933864,0.5406087397813053
H1_80a_4.jpg,5.501097780862478,0.0,2.593823647294588,0.6001737061217993
H1_80a_5.jpg,5.001081167817193,0.0,2.586236472945892,0.6007863050077507
H1_80a_6.jpg,4.118892977029501,0.0,2.175474949899799,0.6260056103232627
H1_80a_7.jpg,5.909100301456749,0.0,3.2681442885771546,0.5637844832358359
H1_80a_8.jpg,4.513084057957453,0.0,2.3670701402805614,0.619011329915736
H1_80a_9.jpg,3.9158340342293103,0.0,2.1846613226452907,0.6289039830377052
H1_80b_1.jpg,4.845860260528047,0.0,3.0914669338677347,0.5657769406984544
H1_80b_2.jpg,5.294010598121899,3.6e-05,3.485791583166333,0.5556000234780979
H1_80b_3.jpg,5.691515777286606,0.0,3.570280561122244,0.5438714734605076
H1_80b_4.jpg,3.8196889181986067,0.0,2.3418557114228458,0.6140541722605469
H1_80b_5.jpg,5.254056068136928,0.0,2.8946492985971948,0.5681930471270347
H1_80b_6.jpg,5.5037038184371925,0.0,3.009234468937876,0.5615439165473355
H1_80b_7.jpg,3.665363763293339,0.0,2.3705250501002,0.6125987920626226
H1_80b_8.jpg,5.6543647009217395,3.2e-05,3.7169098196392794,0.5320651833524969
H1_80b_9.jpg,6.007576911547354,3.6e-05,3.991735470941884,0.5112917961504864
H1_80c_1.jpg,5.5656470608209485,0.0,3.1156432865731465,0.5534253684935972
H1_80c_2.jpg,5.654358834404834,0.0,2.8120280561122244,0.5706730165470004
H1_80c_3.jpg,5.823220462578552,0.0,3.2024609218436875,0.5504956249480688
H1_80c_4.jpg,5.573665465057707,0.0,2.995899799599198,0.5640038671574665
H1_80c_5.jpg,5.802413269961576,0.0,3.130581162324649,0.5502101784346471
H1_80c_6.jpg,5.9113108521544016,0.0,3.2841723446893787,0.5399212424895354
H1_81a_1.jpg,3.9498877984338248,0.0,0.678565130260521,0.7885888042390331
H1_81a_10.jpg,4.068659332884443,0.0,0.6119478957915833,0.8007001063690301
H1_81a_11.jpg,4.984329142352619,0.0,0.9418316633266534,0.7433522790486855
H1_81a_12.jpg,5.149553374403211,0.0,0.9272625250501003,0.7402635610263857
H1_81a_13.jpg,3.3567980281401155,0.0,0.5306693386773548,0.8243600330185266
H1_81a_14.jpg,3.4763187092704935,0.0,0.5433026052104206,0.8155007797372903
H1_81a_15.jpg,4.768709027558567,0.0,0.7702925851703406,0.773924888634751
H1_81a_16.jpg,5.205685857300474,0.0,0.8661162324649299,0.7467187094435426
H1_81a_2.jpg,5.288833616575246,0.0,0.854937875751503,0.7519767495268608
H1_81a_3.jpg,5.049938020943638,0.0,0.8320881763527054,0.7569908389631362
H1_81a_4.jpg,5.060645066839837,0.0,0.7190741482965932,0.7762244302323673
H1_81a_5.jpg,4.254090503843712,0.0,0.7071943887775551,0.7864147806437853
H1_81a_6.jpg,4.856076545463075,0.0,0.835943887775551,0.7525598185131721
H1_81a_7.jpg,4.920353534332397,0.0,1.0162805611222445,0.7329909792060691
H1_81a_8.jpg,4.867585778236234,0.0,0.8142244488977954,0.7606358542806708
H1_81a_9.jpg,3.285870035945462,0.0,0.5729418837675351,0.809513523865396
H1_81b_1.jpg,4.9676544875251265,0.0,0.7330621242484969,0.768994121739872
H1_81b_10.jpg,5.269495717268341,0.0,0.6372024048096192,0.7874851935594314
H1_81b_11.jpg,4.911533331775534,0.0,0.7333466933867735,0.7771812981765944
H1_81b_12.jpg,5.33698121755452,0.0,0.6740440881763528,0.7817179976585187
H1_81b_13.jpg,5.223358099029213,0.0,0.6660120240480962,0.7866857979037445
H1_81b_14.jpg,4.649638618321368,0.0,0.5389338677354709,0.8132987972569818
H1_81b_15.jpg,4.781608550696087,0.0,0.6285651302605211,0.7957168170068438
H1_81b_16.jpg,4.845683140310045,0.0,0.6081563126252505,0.8018430833147279
H1_81b_2.jpg,5.400469434462943,0.0,0.8195871743486974,0.7493008864347259
H1_81b_3.jpg,4.381647700253122,0.0,0.716561122244489,0.7783742150805217
H1_81b_4.jpg,4.699753282254338,0.0,0.6273386773547095,0.7933969248905051
H1_81b_5.jpg,5.2449615980271815,0.0,0.7692024048096193,0.7650567319881533
H1_81b_6.jpg,5.388366941767301,0.0,0.7468216432865732,0.7674202523376272
H1_81b_7.jpg,4.795300975875258,0.0,0.6377595190380763,0.7975930458055915
H1_81b_8.jpg,4.887740551444872,0.0,0.6525490981963928,0.7905447073674845
H1_81b_9.jpg,5.3447256409120065,0.0,0.8078276553106213,0.758090164222109
H1_82a_1.jpg,5.345478638176369,0.0,3.6046573146292586,0.5492667638047372
H1_82a_2.jpg,5.775415214519863,0.0,2.8680040080160323,0.5600188947709002
H1_82a_3.jpg,5.671914074359995,0.0,2.880657314629259,0.5572701988755419
H1_82a_4.jpg,5.232199189032205,0.0,3.0876072144288575,0.573519899810633
H1_82a_5.jpg,5.341214266925842,0.0,3.3527935871743493,0.5503327060394092
H1_82a_6.jpg,5.164494131584083,0.0,3.201851703406814,0.5586301265213086
H1_82a_7.jpg,5.1200569051679246,0.0,2.8707575150300597,0.5805211342909619
H1_82a_8.jpg,5.273945128808956,0.0,3.3349699398797603,0.5531608182065045
H1_82a_9.jpg,5.096033437490032,0.0,3.232969939879759,0.5586479032894712
H1_82b_1.jpg,5.350036589389462,0.0,3.589939879759519,0.5343942400900464
H1_82b_2.jpg,5.685655696263791,0.0,3.995639278557114,0.5109004586592637
H1_82b_3.jpg,5.54033428942774,0.0,3.3536392785571136,0.5346659957741112
H1_82b_4.jpg,5.8827990014567595,0.0,3.7538877755511026,0.5271678403895984
H1_82b_5.jpg,6.252942778483062,0.0,5.130701402805611,0.4800378443181248
H1_82b_6.jpg,6.245002021236412,0.0,5.406452905811623,0.4657658305079155
H1_82b_7.jpg,5.8886011990068114,0.0,3.749615230460922,0.5265767877400385
H1_82b_8.jpg,6.256220414743425,0.0,5.007298597194389,0.4834522528824084
H1_82b_9.jpg,6.261461658937337,0.0,5.418533066132264,0.4660519825675131
H1_83a_1.jpg,3.6133519803307337,0.0,1.2044208416833666,0.7108688467613768
H1_83a_10.jpg,4.347673386168739,0.0,1.235066132264529,0.7000965287892029
H1_83a_11.jpg,3.9437578036382535,0.0,1.1467775551102208,0.7185337522167875
H1_83a_12.jpg,3.8908939050654263,0.0,1.0323647294589182,0.7285386863759707
H1_83a_13.jpg,4.987976969001913,0.0,1.4624208416833668,0.6725123874517794
H1_83a_14.jpg,4.409668979836726,0.0,1.2293907815631262,0.7014555431808969
H1_83a_15.jpg,3.9841164162572515,0.0,1.1250781563126253,0.7193985135234002
H1_83a_16.jpg,3.893659096492203,0.0,1.0584809619238476,0.7266759611481235
H1_83a_2.jpg,4.72425056441586,0.0,1.118320641282565,0.711399741337726
H1_83a_3.jpg,4.975377045013977,0.0,1.2033587174348694,0.7091246635726123
H1_83a_4.jpg,5.0183192307880065,0.0,1.1189098196392786,0.7142246759990557
H1_83a_5.jpg,4.253131970441451,0.0,1.1224849699398798,0.7160866125365488
H1_83a_6.jpg,5.016456203484232,0.0,1.1342324649298596,0.7125422281606165
H1_83a_7.jpg,4.382927536156102,0.0,1.0441523046092185,0.7315692439018996
H1_83a_8.jpg,4.260500118018367,0.0,1.0020881763527054,0.7324755482261848
H1_83a_9.jpg,5.060535098903429,0.0,1.5364689378757515,0.6631360902486159
H1_83b_1.jpg,4.9689053272578185,0.0,1.6457955911823647,0.6583513800537155
H1_83b_10.jpg,5.8157440938524285,0.0,1.1552144288577155,0.7106539137546153
H1_83b_11.jpg,4.8298336848147745,0.0,1.0302204408817635,0.733060940966491
H1_83b_12.jpg,4.9939786124871945,0.0,1.019382765531062,0.7320631499322802
H1_83b_2.jpg,4.989843343184961,0.0,1.422701402805611,0.6852487276520486
H1_83b_3.jpg,5.035949623186041,0.0,1.341390781563126,0.6902408619317693
H1_83b_4.jpg,4.978351284906267,0.0,1.2601082164328656,0.6996136890393357
H1_83b_5.jpg,4.418459397442034,0.0,1.145054108216433,0.7199770951288021
H1_83b_6.jpg,5.321248983633851,0.0,1.2227615230460922,0.6992825729569215
H1_83b_7.jpg,5.5185773803150076,0.0,1.215318637274549,0.7059550071332541
H1_83b_8.jpg,5.60622942544518,0.0,1.290328657314629,0.6929132153744042
H1_83b_9.jpg,5.127109577367978,0.0,0.9796392785571142,0.7384652465341365
H1_84a_1.jpg,4.5913712279610674,0.0,0.9273667334669339,0.7387460553683718
H1_84a_10.jpg,4.752688424025993,0.0,0.8454348697394789,0.7538656212159446
H1_84a_11.jpg,4.999140848406466,0.0,0.8900480961923847,0.7508425511406487
H1_84a_12.jpg,4.958611969111489,0.0,0.8545130260521043,0.7512296201119979
H1_84a_13.jpg,4.98558370361157,0.0,0.9524649298597195,0.7361514384517758
H1_84a_14.jpg,4.374505271517207,0.0,0.8410260521042084,0.7560213499852618
H1_84a_15.jpg,4.530664976340018,0.0,0.8238917835671344,0.7647016970176728
H1_84a_16.jpg,4.598346428388667,0.0,0.811062124248497,0.757090712053116
H1_84a_2.jpg,4.8750108668392365,0.0,0.91337875751503,0.7356568808849436
H1_84a_3.jpg,5.033104325515575,0.0,0.9056833667334669,0.7445439313306425
H1_84a_4.jpg,5.014472125911356,0.0,0.8412945891783568,0.7498606619030035
H1_84a_5.jpg,4.44991196722826,0.0,0.8470180360721443,0.7525398803767066
H1_84a_6.jpg,4.590527000293148,0.0,0.8634909819639278,0.7448457198689102
H1_84a_7.jpg,5.034424835352815,0.0,0.8744689378757515,0.7461701176497156
H1_84a_8.jpg,4.999317150734582,0.0,0.858869739478958,0.7473767214821034
H1_84a_9.jpg,4.956918329369749,0.0,1.0254028056112225,0.7244463463892561
H1_84b_1.jpg,4.0647447988320025,0.0,0.8934909819639281,0.7500688926476352
H1_84b_10.jpg,4.07679774395998,0.0,0.7818757515030059,0.7661592674200236
H1_84b_11.jpg,4.142946095258358,0.0,0.9810180360721443,0.7320305254948339
H1_84b_12.jpg,5.167410233042115,0.0,0.9337154308617235,0.7329087566155466
H1_84b_13.jpg,4.090955485988275,0.0,0.8180841683366734,0.7647734485341788
H1_84b_14.jpg,4.100866756281764,0.0,0.7910861723446894,0.7628067369075987
H1_84b_15.jpg,4.120334612935872,0.0,0.8636753507014028,0.7544765791811447
H1_84b_16.jpg,4.913761029092217,0.0,0.8459478957915832,0.7502440337284872
H1_84b_2.jpg,4.580482218869331,0.0,0.8297795591182364,0.7550979788689425
H1_84b_3.jpg,4.655151619366322,0.0,1.01075751503006,0.7301988816269913
H1_84b_4.jpg,4.883009303696347,0.0,0.9262965931863728,0.7385937845403594
H1_84b_5.jpg,3.9338487800196593,0.0,0.8270100200400803,0.7628676339201129
H1_84b_6.jpg,3.969584963057519,0.0,0.779250501002004,0.7625227162651155
H1_84b_7.jpg,4.9247383933464866,0.0,1.0987254509018038,0.7123099016122529
H1_84b_8.jpg,4.314721184222352,0.0,0.8689619238476954,0.7476413713809109
H1_84b_9.jpg,4.19960114372994,0.0,0.8775511022044088,0.7512775729164387
H1_84c_1.jpg,5.2155152613024205,0.0,0.9989018036072145,0.7246957580556465
H1_84c_10.jpg,5.312064366665219,0.0,0.8966653306613226,0.741468779280329
H1_84c_11.jpg,5.047348785214741,0.0,0.8625330661322645,0.7497627698287401
H1_84c_12.jpg,4.6490009985680505,0.0,0.836316633266533,0.753518504333854
H1_84c_13.jpg,5.378049987742789,0.0,0.8228296593186373,0.7571526892164135
H1_84c_14.jpg,5.3428863853643485,0.0,0.8595270541082165,0.7472851999309529
H1_84c_15.jpg,4.9931648450254,0.0,0.8019478957915832,0.7618380530555257
H1_84c_16.jpg,4.639950133727805,0.0,0.8044288577154309,0.7576624723185024
H1_84c_2.jpg,4.872800593752534,0.0,0.8494148296593187,0.7501387062117444
H1_84c_3.jpg,4.554465552933996,0.0,0.9281282565130262,0.7401232819341066
H1_84c_4.jpg,4.429170696189892,0.0,0.8056913827655311,0.7550341763451641
H1_84c_5.jpg,4.267506433254368,0.0,0.8317595190380761,0.7588614253031128
H1_84c_6.jpg,4.901566376168445,0.0,0.8577154308617234,0.7472705270829885
H1_84c_7.jpg,5.008558398920583,0.0,0.8398116232464929,0.7564447134886374
H1_84c_8.jpg,5.010819716874946,0.0,0.8749218436873747,0.7471460078181197
H1_84c_9.jpg,5.364328900357357,0.0,0.8884769539078157,0.7457039815411131
H1_85a_1.jpg,4.917735021417697,0.0,1.7095310621242485,0.6570219324895508
H1_85a_10.jpg,4.624340439548216,0.0,1.7751623246492987,0.6401243989955765
H1_85a_11.jpg,4.7240910887138385,0.0,1.963563126252505,0.6281166164086511
H1_85a_12.jpg,4.52643880533484,0.0,2.0151783567134265,0.6163782198969973
H1_85a_13.jpg,4.716797953458064,0.0,1.7946132264529062,0.6426472140791732
H1_85a_14.jpg,4.73050499675783,0.0,1.6142084168336672,0.6602220586325867
H1_85a_15.jpg,4.409274849080001,0.0,1.858400801603206,0.6390286680372584
H1_85a_16.jpg,4.814633665174155,0.0,1.736705410821643,0.6477162734789957
H1_85a_17.jpg,5.030248485866522,0.0,2.288709418837675,0.6033201853868595
H1_85a_18.jpg,4.4763659242735026,0.0,2.090749498997996,0.6152113167280037
H1_85a_19.jpg,4.712353893643556,0.0,1.6625330661322646,0.659159503203201
H1_85a_2.jpg,4.682727841669813,0.0,1.8189138276553107,0.6426735597069484
H1_85a_20.jpg,4.207488489443976,0.0,1.5527815631262527,0.6653224797822328
H1_85a_21.jpg,3.929606359199094,0.0,1.691739478957916,0.6576179867097968
H1_85a_22.jpg,4.164208762748769,0.0,1.8524368737474946,0.6346721432709269
H1_85a_23.jpg,4.848785078848665,0.0,2.114100200400802,0.6175084967506862
H1_85a_24.jpg,4.950421173153829,0.0,2.132316633266533,0.609755861283943
H1_85a_25.jpg,4.4337331642261475,0.0,1.7583006012024045,0.6550802759116385
H1_85a_26.jpg,4.0772517672898045,0.0,1.5927094188376756,0.6631231003949221
H1_85a_27.jpg,4.3762456470045334,0.0,1.7276793587174346,0.6531274336028826
H1_85a_28.jpg,4.123206409453917,0.0,1.8353987975951902,0.636641051925503
H1_85a_29.jpg,4.9149117071206545,0.0,2.177871743486974,0.610618902579555
H1_85a_3.jpg,4.745677306624253,0.0,1.9947895791583168,0.6299625371981643
H1_85a_30.jpg,4.757647889578134,0.0,2.1174789579158317,0.6118146447410039
H1_85a_4.jpg,4.5955218573076735,0.0,1.9052224448897797,0.6332821867036985
H1_85a_5.jpg,4.49672846979883,0.0,1.9014589178356713,0.6295893923823012
H1_85a_6.jpg,4.764884803074419,0.0,1.942312625250501,0.6185190804653795
H1_85a_7.jpg,5.177475233315709,0.0,1.636480961923848,0.6615221111281392
H1_85a_8.jpg,4.828093119985023,0.0,1.7083206412825647,0.6481931402639625
H1_85a_9.jpg,4.878542812659436,0.0,1.773735470941884,0.6507205731421435
H1_85b_1.jpg,4.715819227051624,0.0,2.0700601202404814,0.6183075622882894
H1_85b_10.jpg,4.878917449854263,0.0,1.9663887775551099,0.6283546204741857
H1_85b_11.jpg,4.48792927215544,0.0,2.132260521042084,0.6127584905992611
H1_85b_12.jpg,4.645401659144765,0.0,1.8272945891783567,0.6403122499539384
H1_85b_13.jpg,4.486175577176705,0.0,1.982749498997996,0.632394149565883
H1_85b_14.jpg,4.27444671323462,0.0,1.7922805611222445,0.648741334741231
H1_85b_15.jpg,4.484817934692373,0.0,1.8384769539078154,0.642444945941238
H1_85b_16.jpg,4.504172565861665,0.0,2.141851703406814,0.6126850890112621
H1_85b_17.jpg,4.56292303553629,0.0,1.942545090180361,0.6287449734173857
H1_85b_18.jpg,4.332664137825679,0.0,1.7749138276553107,0.6435181919871686
H1_85b_19.jpg,4.469749696923964,0.0,1.7451583166332667,0.6472610255372497
H1_85b_2.jpg,4.889492276010283,0.0,2.1043406813627255,0.6125017384066374
H1_85b_20.jpg,4.08004800128669,0.0,1.7937675350701399,0.6460751032248194
H1_85b_21.jpg,4.880701029479654,0.0,2.127983967935872,0.6143670917348607
H1_85b_22.jpg,4.238556015642715,0.0,1.9404689378757514,0.6292543887052421
H1_85b_23.jpg,4.550581024507997,0.0,1.8502204408817635,0.63777694846043
H1_85b_24.jpg,4.609270583003865,0.0,1.8007975951903805,0.6426293099623711
H1_85b_25.jpg,4.33723101203963,0.0,1.7751903807615228,0.6459067265967631
H1_85b_3.jpg,4.782859878129532,0.0,1.9776993987975953,0.6288329873191221
H1_85b_4.jpg,4.736894662575287,0.0,1.8634549098196393,0.6402692814072748
H1_85b_5.jpg,4.680561306963319,0.0,1.9198476953907813,0.636168260770301
H1_85b_6.jpg,4.438737786135655,0.0,2.153178356713427,0.6193996029074043
H1_85b_7.jpg,4.628460106732999,0.0,2.0090100200400802,0.6267172816059552
H1_85b_8.jpg,4.661394067876299,0.0,1.774068136272545,0.6492520216933559
H1_85b_9.jpg,4.605930931798081,0.0,1.8477194388777556,0.6371409456444451
H1_86a_1.jpg,5.114077910967752,0.0,2.0757955911823647,0.61361514282
H1_86a_2.jpg,5.008938251581863,0.0,1.771326653306613,0.6408502460400055
H1_86a_3.jpg,5.114368808253561,0.0,1.7118997995991982,0.645841167658438
H1_86a_4.jpg,5.114649962718154,0.0,1.9219078156312621,0.6290584551270377
H1_86a_5.jpg,4.8723306743170705,0.0,1.9249258517034067,0.6235109931555924
H1_86a_6.jpg,4.552911102334189,0.0,1.6822164328657316,0.6493888051794701
H1_86a_7.jpg,5.039859539191172,0.0,1.9355470941883768,0.6310857440928785
H1_86a_8.jpg,5.097552236706252,0.0,1.9901603206412826,0.6189719742088835
H1_86a_9.jpg,4.466390444747797,0.0,1.7182925851703408,0.645067112224316
H1_86b_1.jpg,4.684511582854083,0.0,1.9302284569138277,0.6281176810831125
H1_86b_10.jpg,4.890389598783044,0.0,1.7971943887775554,0.6491154851311562
H1_86b_11.jpg,4.115848353782424,0.0,1.747454909819639,0.6448100900382797
H1_86b_12.jpg,4.4695184065899465,0.0,1.8243326653306613,0.64042090070125
H1_86b_13.jpg,4.760554497132553,0.0,1.7940200400801602,0.6392697623103516
H1_86b_14.jpg,4.835313190110489,0.0,1.8054709418837673,0.6354292923244528
H1_86b_15.jpg,5.094664196927089,0.0,2.0154629258517036,0.6267237989471897
H1_86b_16.jpg,3.9625984488637815,0.0,1.6470821643286568,0.6624385115593056
H1_86b_17.jpg,4.318461175555255,0.0,1.6312264529058118,0.6577204135415969
H1_86b_18.jpg,4.8191585255727105,0.0,1.8090861723446894,0.640836280646878
H1_86b_19.jpg,4.8748402473555545,0.0,1.6781723446893788,0.649154617885853
H1_86b_2.jpg,4.949637235742172,0.0,2.0496633266533064,0.6142671527543345
H1_86b_20.jpg,4.638650172107228,0.0,1.713202404809619,0.6517566162394026
H1_86b_21.jpg,4.055680170164165,0.0,1.570681362725451,0.6702292150279681
H1_86b_22.jpg,4.465632365203069,0.0,1.6467454909819639,0.6577545102871278
H1_86b_23.jpg,4.596118592462263,0.0,1.6424488977955911,0.6595342431552516
H1_86b_24.jpg,4.213487657157171,0.0,1.587430861723447,0.6616699069375248
H1_86b_25.jpg,4.451452509961661,0.0,1.6624569138276553,0.6589847153533012
H1_86b_3.jpg,4.697006564568154,0.0,1.9081162324649301,0.6257448367073423
H1_86b_4.jpg,4.635339610660769,0.0,1.623743486973948,0.6540666918597663
H1_86b_5.jpg,4.533666977157857,0.0,1.7443567134268536,0.6493389604085326
H1_86b_6.jpg,4.457789473660523,0.0,1.7329819639278556,0.650430984665799
H1_86b_7.jpg,4.598141355991495,0.0,1.8855390781563126,0.629660673731952
H1_86b_8.jpg,4.43791407433526,0.0,1.6169298597194388,0.6590987368872917
H1_86b_9.jpg,4.535097700118089,0.0,1.6757314629258517,0.6501222126126837
H1_86c_1.jpg,4.760780620100886,0.0,1.4545290581162322,0.677522917126597
H1_86c_10.jpg,5.0491842705166885,0.0,1.5268336673346696,0.6633315764402611
H1_86c_11.jpg,5.000156449421049,0.0,1.690188376753507,0.6509094897123568
H1_86c_12.jpg,5.0607770055548364,0.0,1.3356753507014028,0.6878023768067177
H1_86c_13.jpg,4.631842199966174,0.0,1.6176072144288576,0.6608373590465707
H1_86c_14.jpg,5.128007789246115,0.0,1.7070140280561121,0.6424833823436136
H1_86c_15.jpg,5.063962134716989,0.0,1.7259238476953909,0.6392322270586648
H1_86c_16.jpg,4.859079386170646,0.0,1.5440320641282566,0.6713145710277509
H1_86c_17.jpg,4.960821633576994,0.0,1.3207895791583169,0.6851594152754367
H1_86c_18.jpg,5.280201358779177,0.0,1.7071142284569139,0.6490333660447676
H1_86c_19.jpg,5.486259828431956,0.0,1.7928977955911822,0.6329666188213947
H1_86c_2.jpg,4.979154264204671,0.0,1.2923527054108217,0.6959079473715951
H1_86c_20.jpg,5.391003531756902,0.0,1.7672024048096189,0.6359341499706609
H1_86c_3.jpg,5.429390144144663,0.0,1.5071262525050098,0.6666774631447338
H1_86c_4.jpg,4.914060956174205,0.0,1.5781362725450903,0.657488000171343
H1_86c_5.jpg,4.832498786562618,0.0,1.5509218436873748,0.6619136045452995
H1_86c_6.jpg,5.063733728433015,0.0,1.5718236472945892,0.6717021765102121
H1_86c_7.jpg,4.830639351552204,0.0,1.3228416833667336,0.689743708496265
H1_86c_8.jpg,4.526055314282223,0.0,1.451174348697395,0.681775980101712
H1_86c_9.jpg,4.923208702881383,0.0,1.474248496993988,0.6704876213362352
H1_86d_1.jpg,4.352001635847656,0.0,1.4471222444889784,0.6775320501537989
H1_86d_10.jpg,4.627033576743188,0.0,1.3668096192384769,0.6854478928241077
H1_86d_11.jpg,4.615974866934578,0.0,1.6903446893787573,0.6569909954891883
H1_86d_12.jpg,4.342262335802323,0.0,1.5574188376753506,0.663105014426291
H1_86d_2.jpg,4.870537662101159,0.0,1.428276553106212,0.674226718504134
H1_86d_3.jpg,4.1488112498397705,0.0,1.6460601202404812,0.6605656562449815
H1_86d_4.jpg,4.114249305507259,0.0,1.567687374749499,0.6636516548266762
H1_86d_5.jpg,4.209463571219757,0.0,1.4510420841683367,0.6807663323377692
H1_86d_6.jpg,5.0982473000020665,0.0,1.4643847695390781,0.6706427411277144
H1_86d_7.jpg,4.535589344364862,0.0,1.6854428857715429,0.6539215981210147
H1_86d_8.jpg,4.000283025308523,0.0,1.6097955911823647,0.6603564266042644
H1_86d_9.jpg,4.219670378071338,0.0,1.486805611222445,0.679690093657712
H1_87a_1.jpg,3.480457262553187,0.0,0.8282925851703408,0.7599529930640557
H1_87a_10.jpg,4.716038468280616,0.0,0.9945971943887776,0.7274859686372921
H1_87a_11.jpg,3.8768590675514023,0.0,0.8640280561122244,0.751377766112646
H1_87a_12.jpg,4.257216151669823,0.0,0.8182204408817636,0.7550381902011428
H1_87a_13.jpg,5.337379308024674,0.0,1.1592665330661323,0.7030071291473017
H1_87a_14.jpg,4.695167659030332,0.0,0.9313106212424851,0.7364833611670522
H1_87a_15.jpg,3.6019411336190967,0.0,0.7818517034068138,0.766639149224216
H1_87a_16.jpg,3.9294350308902333,0.0,0.7760601202404812,0.7623651221163121
H1_87a_2.jpg,4.0801238440081375,0.0,0.918937875751503,0.739640588471825
H1_87a_3.jpg,4.257341057599947,0.0,0.9666893787575149,0.7329512884143501
H1_87a_4.jpg,4.660613596601388,0.0,1.045186372745491,0.7292617787946042
H1_87a_5.jpg,3.6427859518000334,0.0,0.775695390781563,0.7631865376147917
H1_87a_6.jpg,4.246544128764937,0.0,0.895743486973948,0.7376003738919689
H1_87a_7.jpg,4.852876264668252,0.0,1.0359078156312627,0.7255516773957529
H1_87a_8.jpg,5.324343377127795,0.0,1.1234108216432865,0.7021983147507335
H1_87a_9.jpg,5.033822854050409,0.0,1.1508216432865734,0.7055320364498456
H1_87b_1.jpg,5.159980856181278,0.0,1.3497354709418838,0.7034284188846854
H1_87b_2.jpg,6.027734176418535,0.0,1.7984088176352706,0.6529355017648624
H1_87b_3.jpg,5.026080574909007,0.0,0.8786733466933868,0.7381252498196833
H1_87b_4.jpg,3.9291809492630687,0.0,0.9223807615230462,0.7431645404630747
H1_87b_5.jpg,4.076043044138666,0.0,0.8685130260521043,0.7443840408808382
H1_87b_6.jpg,4.017188787280393,0.0,0.821563126252505,0.7562906106064909
H1_87b_7.jpg,4.353303366077243,0.0,0.9739278557114228,0.7343808584292991
H1_87b_8.jpg,4.338854437463156,0.0,0.8564048096192386,0.7461756802586461
H1_87b_9.jpg,3.778176694041534,0.0,0.7986452905811623,0.758176405965377
H1_87c_1.jpg,5.657931121884215,0.0,1.4271783567134269,0.6752989663174367
H1_87c_2.jpg,6.1602269917264625,0.0,1.7773426853707415,0.6312133563866477
H1_87c_3.jpg,5.91318834252762,0.0,1.5690781563126253,0.654602240809736
H1_87c_4.jpg,5.195656909076194,0.0,1.1546132264529059,0.7050868848475927
H1_87c_5.jpg,5.327451977009611,0.0,1.0240761523046091,0.7209508639682773
H1_87c_6.jpg,5.516560880983824,0.0,1.072825651302605,0.7101055480751991
H1_88a_1.jpg,4.5735776318647625,0.0,1.8970701402805612,0.6464086901736288
H1_88a_2.jpg,4.772054044649612,0.0,1.5022324649298595,0.674156473163164
H1_88a_3.jpg,4.679160924676087,0.0,1.370701402805611,0.6870262290682801
H1_88a_4.jpg,5.148507804708249,0.0,2.4325250501002,0.6116501679673452
H1_88a_5.jpg,4.570517816867603,0.0,1.3931943887775553,0.687838569572352
H1_88a_6.jpg,4.373312041326058,0.0,1.2980400801603207,0.6979499142555633
H1_89a_1.jpg,4.897086498184652,0.0,1.672705410821643,0.65754293296795
H1_89a_10.jpg,4.668718186080475,0.0,1.136244488977956,0.7086439951957367
H1_89a_11.jpg,5.597312491538047,0.0,1.7445210420841684,0.6386283955430849
H1_89a_12.jpg,4.991938828257216,0.0,1.4581843687374751,0.6693261416771622
H1_89a_13.jpg,4.919290059739252,0.0,1.1965210420841683,0.708206953785468
H1_89a_14.jpg,3.979586153125238,0.0,0.9742645290581162,0.7272980012021165
H1_89a_15.jpg,5.399705450479958,0.0,1.5762645290581163,0.657959513182071
H1_89a_16.jpg,5.6132386205723,0.0,1.5329659318637276,0.6577787538285301
H1_89a_2.jpg,4.979652000879845,0.0,1.29227254509018,0.6858237648989318
H1_89a_3.jpg,4.802055387034755,0.0,1.3449579158316634,0.6796173917918356
H1_89a_4.jpg,5.4378373290130515,0.0,1.6134709418837674,0.6598409953398908
H1_89a_5.jpg,4.14417749690235,0.0,0.9956593186372744,0.7324379117182739
H1_89a_6.jpg,5.503764332547814,0.0,1.349482965931864,0.6737784142392489
H1_89a_7.jpg,5.2227283337745956,0.0,1.5914709418837676,0.6640009511921084
H1_89a_8.jpg,4.762221867328014,0.0,1.237354709418838,0.6902123338558568
H1_89a_9.jpg,4.563442829995656,0.0,1.2171503006012026,0.7027745222095442
H1_89b_1.jpg,5.871346108038854,0.0,1.9049859719438875,0.6279115539802927
H1_89b_10.jpg,5.378853103960008,0.0,1.4261282565130262,0.6754782165545679
H1_89b_11.jpg,5.685252368053347,0.0,1.636128256513026,0.651248843075007
H1_89b_12.jpg,6.008416247361261,0.0,2.0259198396793585,0.6219802911567982
H1_89b_13.jpg,5.457885951580051,0.0,1.7368496993987976,0.6439105239999129
H1_89b_14.jpg,5.401372254559989,0.0,1.4480200400801606,0.6730006040972396
H1_89b_15.jpg,5.643547733434819,0.0,1.4883607214428856,0.6685225336486562
H1_89b_16.jpg,6.032084979636847,0.0,2.0666533066132264,0.6217663519270764
H1_89b_2.jpg,5.60099910904708,0.0,1.5815430861723447,0.6495671098086427
H1_89b_3.jpg,5.577510113885673,0.0,1.9276072144288579,0.6202940522123506
H1_89b_4.jpg,5.758410024400401,0.0,2.117683366733467,0.6071754960884439
H1_89b_5.jpg,5.316344265977741,0.0,1.5031022044088176,0.6719449254056175
H1_89b_6.jpg,5.979666416540343,0.0,1.8884168336673346,0.6269945441436081
H1_89b_7.jpg,6.118994896373727,0.0,2.29477755511022,0.595383543884968
H1_89b_8.jpg,6.264248807202558,0.0,2.4616993987975953,0.5851817725133898
H1_89b_9.jpg,5.476731822812313,0.0,1.8257795591182364,0.6321956404681561
H1_8a_1.jpg,5.163225865934218,0.0,1.0255430861723447,0.7332506626900457
H1_8a_10.jpg,5.014793527607358,0.0,1.039070140280561,0.7226760104102621
H1_8a_11.jpg,4.91101656478358,0.0,0.9064769539078157,0.747695565188129
H1_8a_12.jpg,4.7422944863258705,0.0,0.7748577154308617,0.7653769385707946
H1_8a_2.jpg,5.042786412630299,0.0,0.8609979959919839,0.7542088664051121
H1_8a_3.jpg,4.373381226257027,0.0,0.857006012024048,0.7543079510921812
H1_8a_4.jpg,4.367924886197808,0.0,0.7927414829659318,0.7640447051757642
H1_8a_5.jpg,4.851697720417796,0.0,0.9999318637274549,0.7351790496078343
H1_8a_6.jpg,5.471392450779487,0.0,1.0756993987975951,0.7168114420478825
H1_8a_7.jpg,5.545362971534711,0.0,1.0673707414829658,0.7230602509135611
H1_8a_8.jpg,5.458845787601503,0.0,0.9739839679358717,0.7361591604874618
H1_8a_9.jpg,5.5395873121325785,0.0,1.1613507014028057,0.7091945014857165
H1_8b_1.jpg,4.828287083094787,0.001872,29.899422845691376,0.733401499114943
H1_8b_2.jpg,4.4861672480630945,0.0,0.7955350701402806,0.7648619293048726
H1_8b_3.jpg,4.865262539560176,0.0,0.9127695390781563,0.7431484614630633
H1_8b_4.jpg,5.673353319232613,0.002,32.52649298597194,0.7000383733766091
H1_8b_5.jpg,5.453890606366844,0.0,1.1012424849699398,0.720937339557417
H1_8b_6.jpg,4.8923256770052905,0.0,1.0276753507014027,0.7304761620945975
H1_8b_7.jpg,4.635755244590622,0.001552,25.121454909819633,0.7537164627922281
H1_8b_8.jpg,4.840073839726186,0.0,0.9792264529058116,0.7340585929092187
H1_8b_9.jpg,5.507486915135165,0.0,1.196869739478958,0.7033088427930858
H1_8c_1.jpg,4.575212760004502,0.0,0.9923807615230462,0.7315006212296629
H1_8c_2.jpg,5.671314749795066,0.0,1.4410981963927854,0.6841386465337602
H1_8c_3.jpg,5.828488355579355,0.0,1.578557114228457,0.6629978005352726
H1_8c_4.jpg,4.814396244055595,0.0,0.9362324649298598,0.7402627157039537
H1_8c_5.jpg,5.936194672644162,0.0,1.4712985971943888,0.6729611183947628
H1_8c_6.jpg,6.167538908784161,0.0,1.8388136272545093,0.630563255610376
H1_8c_7.jpg,4.663080309990935,0.0,0.8623326653306613,0.7541845673445816
H1_8c_8.jpg,5.708874641710646,0.0,1.304052104208417,0.6912091325094936
H1_8c_9.jpg,5.9078977490431095,0.0,1.6063607214428857,0.6522207948294517
H1_8d_1.jpg,4.774578699398814,0.0,1.1200641282565131,0.7145313364051256
H1_8d_10.jpg,5.646131667454044,0.0,1.3861042084168333,0.6825644478955741
H1_8d_11.jpg,5.491129508809077,0.0,1.3747895791583167,0.6906911961925666
H1_8d_12.jpg,5.389176245649776,0.0,1.2043647294589177,0.7052090093604322
H1_8d_2.jpg,4.738140041899774,0.0,0.9482965931863727,0.7365183947774435
H1_8d_3.jpg,5.233774730058674,0.0,0.9401002004008017,0.7420655363629435
H1_8d_4.jpg,5.295814285704525,0.0,0.9193106212424851,0.7452639117655299
H1_8d_5.jpg,5.465731400549698,0.0,1.271362725450902,0.7002426368749287
H1_8d_6.jpg,5.151349274351878,0.0,1.0651703406813628,0.7244258087612593
H1_8d_7.jpg,4.736724237460872,0.0,1.0006853707414831,0.738043398965163
H1_8d_8.jpg,4.798246008506283,0.0,0.9852585170340681,0.7374522509794516
H1_8d_9.jpg,4.798832009015911,0.0,1.104941883767535,0.7197916228556572
H1_90a_1.jpg,5.339419086930148,0.0,2.2953386773547093,0.603095625773136
H1_90a_2.jpg,5.367219084736395,0.0,3.046593186372745,0.5474024393420408
H1_90a_3.jpg,5.702188795082969,0.0,2.8794749498998,0.5503836148396837
H1_90a_4.jpg,5.458559515907231,0.0,2.2757755511022046,0.6046161094073645
H1_90a_5.jpg,5.404936501283068,0.0,2.868769539078156,0.5646028271440783
H1_90a_6.jpg,5.723989984330033,0.0,3.9282645290581164,0.49552179985868494
H1_90a_7.jpg,5.435668961696873,0.0,2.1345531062124246,0.6030815070785236
H1_90a_8.jpg,5.2588516897719595,0.0,1.9591823647294588,0.6130794240088359
H1_90a_9.jpg,5.645273472119167,0.0,3.0701162324649296,0.5443066747029178
H1_90b_1.jpg,5.29889203443586,0.0,3.227058116232465,0.5370913803747327
H1_90b_2.jpg,5.362062053727267,0.0,3.0442284569138276,0.5636569813303871
H1_90b_3.jpg,5.3850343111451595,0.0,3.3184128256513024,0.5427497119525244
H1_90b_4.jpg,5.359544750715649,0.0,3.2532144288577154,0.5382023895791793
H1_90b_5.jpg,5.576548852347444,0.0,3.255507014028056,0.5371043406450645
H1_90b_6.jpg,5.574419120386314,0.0,3.688316633266533,0.5129891565200662
H1_90b_7.jpg,5.5520463587498705,0.0,3.354272545090181,0.5374235197224877
H1_90b_8.jpg,5.569380823732984,0.0,3.0191142284569135,0.5474746876815287
H1_90b_9.jpg,5.155338926877113,0.0,2.6538276553106215,0.5671197481825411
H1_90c_1.jpg,5.427097805584509,3.6e-05,3.6683046092184366,0.5204193950546024
H1_90c_2.jpg,5.597819614657945,0.0,3.9831583166332676,0.5109113978063958
H1_90c_3.jpg,5.491096412842101,0.0,3.5405651302605206,0.5334200933557459
H1_90c_4.jpg,5.699678184351752,0.0,4.277022044088176,0.4993248284601456
H1_90c_5.jpg,5.518320496154635,0.0,4.03,0.49988657341334886
H1_90c_6.jpg,5.379322978041374,0.0,3.3269138276553103,0.5278678150404152
H1_90c_7.jpg,5.730272892579793,0.0,4.246913827655311,0.49878306196794375
H1_90c_8.jpg,5.416761374279899,0.0,3.617819639278557,0.5175961047890418
H1_90c_9.jpg,5.352431102217349,0.0,3.18530260521042,0.5354458201752905
H1_90d_1.jpg,5.422305275574557,0.0,3.5028136272545094,0.5300567355661183
H1_90d_10.jpg,5.225557147605073,0.0,2.7973827655310624,0.5610602989507615
H1_90d_11.jpg,5.311398676242083,0.0,2.8181883767535068,0.5570749489750111
H1_90d_12.jpg,5.279165962001676,0.0,2.5947254509018043,0.5659953815197672
H1_90d_2.jpg,5.634696278796857,0.0,3.2403927855711423,0.5440068383881458
H1_90d_3.jpg,5.785765468219667,0.0,4.2924128256513026,0.4985834325859083
H1_90d_4.jpg,5.6433517539882025,0.0,3.4308577154308617,0.5328860976304817
H1_90d_5.jpg,5.715269419566302,0.0,3.2307414829659318,0.5400013798383694
H1_90d_6.jpg,5.46689816062245,0.0,3.2111903807615234,0.539892347494131
H1_90d_7.jpg,5.544738001873121,0.0,3.9505010020040086,0.5159504730078842
H1_90d_8.jpg,5.494477543069092,0.0,3.7161843687374745,0.5183637781565548
H1_90d_9.jpg,5.380460939868616,0.0,2.3251663326653307,0.5975704755340701
H1_90e_1.jpg,5.255685393964677,0.0,2.9046853707414826,0.5616066298648474
H1_90e_2.jpg,5.208820960235951,0.0,2.4369138276553106,0.5850644519196081
H1_90e_3.jpg,5.247606965163143,0.0,2.703050100200401,0.5735122133445794
H1_90e_4.jpg,5.206810610493554,0.0,2.3441963927855713,0.5886927004336432
H1_91a_1.jpg,4.738079854372412,0.0,5.2803807615230465,0.4989637607642687
H1_91a_10.jpg,4.0499794919303005,0.0,3.162476953907815,0.578147409233563
H1_91a_11.jpg,6.138363502462065,0.0,12.284609218436874,0.34483189336980846
H1_91a_12.jpg,6.09764868368688,0.000108,10.467687374749499,0.3835835004491843
H1_91a_13.jpg,5.024515377150739,0.0,5.212472945891784,0.4943343640095077
H1_91a_14.jpg,4.7279962814069325,0.0,3.946985971943888,0.5335963569072532
H1_91a_15.jpg,4.59888753440583,0.0,3.288372745490982,0.5586585912675022
H1_91a_16.jpg,6.466375712941101,0.000144,14.82986372745491,0.31202260904961054
H1_91a_17.jpg,6.528494439573576,0.000672,15.068356713426853,0.3091974268052698
H1_91a_18.jpg,5.816411289017757,0.000112,8.712825651302603,0.4204497869127073
H1_91a_19.jpg,5.238306650364157,0.0,4.531318637274549,0.5096696267964019
H1_91a_2.jpg,6.186098302944976,0.0,12.152336673346696,0.3402707030184035
H1_91a_20.jpg,5.220707560441836,0.0,4.356673346693388,0.5129877161181421
H1_91a_3.jpg,5.363055633583896,0.0,6.078605210420842,0.47320471997828495
H1_91a_4.jpg,4.898083799443429,2.4e-05,4.495386773547095,0.5124075640104047
H1_91a_5.jpg,5.120766047340485,0.0,4.2588336673346685,0.5295668981664712
H1_91a_6.jpg,5.879996931341464,0.0,8.987815631262524,0.4007529690228398
H1_91a_7.jpg,6.388985351077209,0.000148,12.584320641282567,0.3382576489188496
H1_91a_8.jpg,5.089949461376568,0.0,4.808008016032064,0.5164949463054558
H1_91a_9.jpg,4.629977248946899,0.0,3.9337875751503013,0.5451544991949223
H1_91b_1.jpg,6.073796210794115,0.000116,9.070917835671342,0.3886456969459131
H1_91b_2.jpg,5.997319224755217,0.0,7.878969939879759,0.41239908159649485
H1_91b_3.jpg,4.857280382761792,0.0,4.011450901803608,0.5448892803897295
H1_91b_4.jpg,5.9231304511013825,0.0,7.585935871743486,0.43145832254272676
H1_91c_1.jpg,6.469914711355528,0.000224,17.336220440881764,0.29178788631086994
H1_91c_10.jpg,6.546285817606378,0.000568,16.284561122244487,0.29470123379103763
H1_91c_11.jpg,6.16493604994245,0.00038,11.308364729458917,0.3788747133963438
H1_91c_12.jpg,6.041386995223187,0.000396,10.255458917835671,0.40182043323513894
H1_91c_2.jpg,6.316710387448534,0.00106,12.418925851703406,0.3567669150693388
H1_91c_3.jpg,4.856083823215859,0.0,4.757983967935871,0.5073853667357292
H1_91c_4.jpg,4.664467103493748,0.0,4.244460921843688,0.5244583627649028
H1_91c_5.jpg,6.421285325937426,0.001028,15.826392785571144,0.30225857830928987
H1_91c_6.jpg,6.241734563702702,0.000376,11.571422845691384,0.35509502031541396
H1_91c_7.jpg,5.513928843280621,0.000108,6.960745490981965,0.4640816724146578
H1_91c_8.jpg,5.4057761078552975,3.6e-05,6.4987134268537075,0.4736428930536165
H1_91c_9.jpg,6.477482292592884,0.000596,16.560765531062124,0.29677160788020684
H1_92a_1.jpg,4.243099614060552,0.0,1.2484048096192384,0.7066087827089294
H1_92a_10.jpg,4.049250752295576,0.0,0.9701563126252504,0.7398677180795037
H1_92a_11.jpg,4.726141294423237,0.0,1.5303847695390784,0.669791320422332
H1_92a_12.jpg,4.673476904951,0.0,1.47974749498998,0.6737785669967882
H1_92a_13.jpg,4.3953065915009235,0.0,1.0478597194388777,0.733681481857844
H1_92a_14.jpg,4.485783294059543,0.0,0.9413747494989979,0.7469736085214235
H1_92a_15.jpg,4.44802339567498,0.0,1.3013226452905813,0.6983349837248432
H1_92a_16.jpg,4.428892259770664,0.0,1.2819839679358718,0.6991552494159221
H1_92a_2.jpg,4.941257743965888,0.0,1.735426853707415,0.6465223037515382
H1_92a_3.jpg,4.776356519972003,0.0,1.677551102204409,0.6514138586102806
H1_92a_4.jpg,4.686640909640189,0.0,1.5737675350701403,0.6595492221386943
H1_92a_5.jpg,3.9563819871576893,0.0,1.0324569138276554,0.741251741293386
H1_92a_6.jpg,4.401165426805459,0.0,1.191362725450902,0.7043842615524837
H1_92a_7.jpg,5.152923511434481,0.0,1.8699198396793588,0.6332023763704606
H1_92a_8.jpg,5.0024292799593475,0.0,1.7080400801603206,0.641844720475826
H1_92a_9.jpg,4.556444854076053,0.0,1.1446573146292585,0.7174244185056857
H1_92b_1.jpg,5.0729954645844435,0.0,1.7502565130260521,0.6421390302350869
H1_92b_2.jpg,4.779175463285848,0.0,1.3911583166332664,0.6804254552453857
H1_92b_3.jpg,4.784212037110242,0.0,1.3729178356713425,0.6891431828115783
H1_92b_4.jpg,4.914320561639711,0.0,1.8101883767535065,0.641609408069749
H1_92b_5.jpg,4.9459456228494565,0.0,1.6179959919839682,0.6530333861310776
H1_92b_6.jpg,4.953484085479383,0.0,1.5990300601202403,0.6578770312578134
H1_92b_7.jpg,4.8123717422615435,0.0,1.6923607214428857,0.6569479863737494
H1_92b_8.jpg,5.123812316631762,0.0,1.68487374749499,0.6495124103716093
H1_92b_9.jpg,5.111340105548885,0.0,1.6489178356713425,0.6529259889985537
H1_92c_1.jpg,4.777203266782057,0.0,1.4255911823647296,0.6851178126661145
H1_92c_2.jpg,4.51982357860672,0.0,1.2864448897795593,0.6893750094907983
H1_92c_3.jpg,4.509281360070774,0.0,1.3024368737474952,0.6889934956305427
H1_92c_4.jpg,4.796619272140124,0.0,1.5061603206412828,0.6740201039520642
H1_92c_5.jpg,4.744751536743358,0.0,1.544681362725451,0.6622510149566107
H1_92c_6.jpg,4.70067699111875,0.0,1.530072144288577,0.6636581658458474
H1_93a_1.jpg,4.391572273932563,0.0,1.0331743486973948,0.7385320081908057
H1_93a_10.jpg,3.3597976432193084,0.0,0.9949218436873748,0.7411405648880667
H1_93a_11.jpg,3.9756369860039444,0.0,1.0920881763527055,0.7336628290420424
H1_93a_12.jpg,3.9765900954336817,0.0,1.0432665330661322,0.7331496885905737
H1_93a_2.jpg,4.093769883913066,0.0,0.966685370741483,0.7433532457096605
H1_93a_3.jpg,4.952765384056904,0.0,1.3380801603206414,0.7045128846635671
H1_93a_4.jpg,4.994418423187214,0.0,1.2350741482965928,0.7130330434374005
H1_93a_5.jpg,4.548347739634549,0.0,1.0554829659318636,0.7380880758533153
H1_93a_6.jpg,4.385614729604626,0.0,1.0408817635270542,0.7336974215723633
H1_93a_7.jpg,4.6290295823245735,0.0,1.3495631262525054,0.7045026880021876
H1_93a_8.jpg,4.636864896728908,0.0,1.3213146292585174,0.702761109189348
H1_93a_9.jpg,4.338606096330279,0.0,1.0171302605210422,0.7449577542269099
H1_93b_1.jpg,4.7700376125726285,0.001968,30.858040080160325,0.6957426308450232
H1_93b_10.jpg,4.808436255507502,0.0,1.1441002004008012,0.7197740687060079
H1_93b_11.jpg,4.645417236076185,0.0,1.2565691382765527,0.715521211023638
H1_93b_12.jpg,4.458344537300016,0.0,1.1583567134268535,0.7221275138591328
H1_93b_2.jpg,4.880673909754806,0.0,1.1032224448897796,0.7201093398313296
H1_93b_3.jpg,4.631759337212969,0.0,1.2930861723446894,0.7132011663130414
H1_93b_4.jpg,4.569938710564173,0.0,1.1681202404809619,0.7262054695084497
H1_93b_5.jpg,4.9861944740958615,0.002,31.586841683366732,0.6967348390899175
H1_93b_6.jpg,4.234206006271365,0.0,1.0271062124248496,0.7361565476914388
H1_93b_7.jpg,3.9163022313380678,0.0,1.0443046092184372,0.7410932602083581
H1_93b_8.jpg,3.898728619410222,0.0,0.9856312625250503,0.7436783019787226
H1_93b_9.jpg,4.2704895146597,0.002,32.353927855711426,0.6974741069832913
H1_94a_1.jpg,4.300364743126843,0.0,1.3664529058116233,0.6881845632862371
H1_94a_10.jpg,4.766705575500049,0.0,1.2364729458917838,0.6963257375180802
H1_94a_11.jpg,4.496137314614149,0.0,1.196308617234469,0.7091051933927377
H1_94a_12.jpg,4.578312366135944,0.0,1.0867294589178358,0.7219860592336576
H1_94a_13.jpg,5.051960448475174,0.0,1.6122044088176355,0.6564805986541767
H1_94a_14.jpg,4.717607173651339,0.0,1.204821643286573,0.7015768948076067
H1_94a_15.jpg,4.803608032773866,0.0,1.1798717434869739,0.7148246218228781
H1_94a_16.jpg,4.772105011199236,0.0,1.1065931863727454,0.7182226769120097
H1_94a_2.jpg,3.8390084272778338,0.0,1.1365611222444891,0.7137152390019197
H1_94a_3.jpg,4.164681248573871,0.0,1.1640040080160319,0.7147164449928013
H1_94a_4.jpg,3.951845525669907,0.0,1.075250501002004,0.7229203117876868
H1_94a_5.jpg,5.051867437829871,0.0,1.4687575150300602,0.6708008226495806
H1_94a_6.jpg,3.887148989152456,0.0,1.1631543086172345,0.7121113887882784
H1_94a_7.jpg,3.4775869321312167,0.0,1.1230981963927857,0.721842668562135
H1_94a_8.jpg,3.4040565317073113,0.0,1.0881122244488979,0.7257836150053993
H1_94a_9.jpg,5.105442618588891,0.0,1.6721042084168336,0.6480666659608763
H1_94b_1.jpg,5.202920620445414,0.001892,1.2999438877755511,0.6947388445344391
H1_94b_2.jpg,5.278442602731113,0.0,1.3610380761523047,0.6823158844957182
H1_94b_3.jpg,5.353261322341087,0.0,1.548993987975952,0.6618424126891957
H1_94b_4.jpg,5.006911645257672,0.0,1.2247374749498998,0.7008994659354181
H1_94b_5.jpg,5.116198847362747,0.0,1.5352505010020039,0.6640367392550351
H1_94b_6.jpg,4.894717095403421,0.0,1.3057354709418836,0.6985794418195231
H1_94b_7.jpg,3.4868604176820663,0.0,1.0104488977955912,0.7344278483121847
H1_94b_8.jpg,5.0621919739827295,0.0,1.5136553106212425,0.6654069233580402
H1_94b_9.jpg,4.667496854150086,0.0,1.2301002004008015,0.7027325373446497
H1_95a_1.jpg,5.72809794161693,0.0,2.334380761523046,0.596543256224234
H1_95a_10.jpg,5.08596939472168,0.0,1.363062124248497,0.6823424640539428
H1_95a_11.jpg,5.288219406137225,0.0,1.5169378757515029,0.6712609876253532
H1_95a_12.jpg,5.186166728185741,0.0,1.720324649298597,0.6519635266430621
H1_95a_13.jpg,5.4606816598794445,0.0,1.841587174348697,0.6424723425059455
H1_95a_14.jpg,5.5601796536360775,0.0,2.1026372745490987,0.6235533743198928
H1_95a_15.jpg,5.53018884271262,0.0,1.9357675350701398,0.6349224036373456
H1_95a_16.jpg,5.337954517537196,0.0,1.56675751503006,0.6639304715893448
H1_95a_17.jpg,4.971004837554754,0.0,1.5521883767535072,0.6681754258503283
H1_95a_18.jpg,5.169185254632966,0.0,1.5989258517034068,0.6551847440292152
H1_95a_19.jpg,4.716137290588561,0.0,1.3003687374749497,0.6990719101742974
H1_95a_2.jpg,5.371753740604693,0.0,1.6618076152304613,0.6580081422231187
H1_95a_20.jpg,5.400224853326083,0.0,1.7260641282565126,0.6500364783477516
H1_95a_21.jpg,5.3673540307555925,0.0,1.7174108216432864,0.6500030509169081
H1_95a_22.jpg,5.673660240771239,0.0,1.5455390781563128,0.668594367757685
H1_95a_23.jpg,5.219399578252522,0.0,1.5450340681362724,0.6723818377681442
H1_95a_24.jpg,5.3353409306126505,0.0,1.8202444889779559,0.6456750433825693
H1_95a_3.jpg,5.528300465485388,0.0,1.86151503006012,0.6475191522026167
H1_95a_4.jpg,5.363818589218531,0.0,1.6674068136272544,0.6485912981647635
H1_95a_5.jpg,5.437623511589467,0.0,1.6337795591182365,0.6596858977696037
H1_95a_6.jpg,5.25362441780301,0.0,1.5726773547094188,0.6605863251644245
H1_95a_7.jpg,5.028305911076142,0.0,1.4200120240480962,0.6796864730288427
H1_95a_8.jpg,5.732766881021847,0.0,2.18889378757515,0.6120045591191566
H1_95a_9.jpg,5.5121960153295255,0.0,1.7830501002004007,0.6463792869098759
H1_95b_1.jpg,5.147701320638011,0.0,1.4850380761523043,0.6714927852789749
H1_95b_10.jpg,5.19523869326579,0.0,1.3818997995991982,0.6836760548949198
H1_95b_11.jpg,5.409340971952473,0.0,1.705503006012024,0.6519918425911484
H1_95b_12.jpg,5.685611285246149,0.0,2.3029939879759525,0.6110424233757674
H1_95b_13.jpg,5.20345328846215,0.0,1.5220761523046091,0.6733848620145552
H1_95b_14.jpg,5.387044832829127,0.0,1.605571142284569,0.6645900454574512
H1_95b_15.jpg,4.855823508632572,0.0,1.5363046092184374,0.6718426367215599
H1_95b_16.jpg,5.204581271850204,0.0,1.5232344689378756,0.669001661337578
H1_95b_17.jpg,5.2463365737424486,0.0,1.584997995991984,0.6567110862535317
H1_95b_18.jpg,5.117297419776354,0.0,1.4221122244488984,0.6871305323405089
H1_95b_19.jpg,5.097254807715023,0.0,1.547434869739479,0.6704990196778567
H1_95b_2.jpg,5.460697573711999,0.0,1.6484448897795594,0.6502173904936046
H1_95b_20.jpg,5.515510769590173,0.0,1.781543086172345,0.6415492504647646
H1_95b_3.jpg,5.4447825446961815,0.0,1.6612224448897797,0.6541746198172971
H1_95b_4.jpg,5.392335044838702,0.0,1.467186372745491,0.6712936385233509
H1_95b_5.jpg,5.587836899794068,0.0,1.5206653306613225,0.663256672949615
H1_95b_6.jpg,4.783555856381185,0.0,1.296056112224449,0.6976968218734279
H1_95b_7.jpg,5.177189207390634,0.0,1.6217675350701404,0.6533365392670699
H1_95b_8.jpg,5.345223505299691,0.0,1.8626172344689378,0.6485280337292827
H1_95b_9.jpg,5.434367926177643,0.0,1.6225571142284567,0.6605601915563696
H1_95c_1.jpg,5.405539482649365,0.0,2.061414829659319,0.6153303227446909
H1_95c_10.jpg,5.5934013719351565,0.0,1.8270781563126253,0.6310383604641077
H1_95c_11.jpg,5.128864699785523,0.0,1.7858557114228455,0.640727957866977
H1_95c_12.jpg,4.801321548366193,0.0,1.475599198396793,0.6742219676864281
H1_95c_13.jpg,5.296183535359918,0.0,1.7544569138276551,0.6433400720285589
H1_95c_14.jpg,5.544929200954943,0.0,2.0214228456913825,0.627600741240853
H1_95c_15.jpg,5.3659727751228425,0.0,1.7586212424849699,0.6481588656860243
H1_95c_16.jpg,5.143089275954566,0.0,1.73662124248497,0.647610639258128
H1_95c_17.jpg,4.8291264057148435,0.0,1.5399799599198398,0.6677744529748643
H1_95c_18.jpg,5.238377134804567,0.0,1.6728857715430863,0.6527457950267772
H1_95c_19.jpg,5.205663703523528,0.0,1.642196392785571,0.6570539186139046
H1_95c_2.jpg,5.314937466254654,0.0,1.5893787575150302,0.6556381670818444
H1_95c_20.jpg,4.8025979966435575,0.0,1.2990701402805611,0.6934089440749587
H1_95c_3.jpg,5.342874586625715,0.0,1.621430861723447,0.6568984195770099
H1_95c_4.jpg,5.481274997539213,0.0,1.572933867735471,0.6564012548600946
H1_95c_5.jpg,5.25556273383637,0.0,1.371118236472946,0.6832544924217373
H1_95c_6.jpg,5.194857109552007,0.0,1.957587174348698,0.6308344736091961
H1_95c_7.jpg,5.3490088633566,0.0,1.5917114228456914,0.6536206492575558
H1_95c_8.jpg,5.2307508189979695,0.0,1.682937875751503,0.656744285498435
H1_95c_9.jpg,5.165868074067259,0.0,1.436569138276553,0.673200232758009
H1_95d_1.jpg,5.490721880090404,0.0,2.261014028056112,0.5916405270793132
H1_95d_10.jpg,4.983957217192978,0.0,1.7027374749498998,0.6586557007477732
H1_95d_11.jpg,4.935338447161499,0.0,1.6684689378757516,0.6541102106324581
H1_95d_12.jpg,4.964754161694838,0.0,1.6270380761523044,0.6582414380911423
H1_95d_13.jpg,5.075696309927602,0.0,2.069615230460922,0.6107572152637324
H1_95d_14.jpg,5.607073536454269,0.0,2.1127214428857717,0.6123157570632942
H1_95d_15.jpg,5.174733097371396,0.0,2.156889779559118,0.6017418361789639
H1_95d_16.jpg,5.375472052135268,0.0,2.037254509018036,0.616101304023512
H1_95d_17.jpg,4.988504484153585,0.0,1.9431823647294588,0.6199117599426968
H1_95d_18.jpg,4.985234934334343,0.0,1.6792264529058116,0.6492391556972841
H1_95d_19.jpg,4.43843088936278,0.0,1.4937915831663326,0.6752910563211637
H1_95d_2.jpg,4.9672915404342675,0.0,1.574448897795591,0.6689454550473634
H1_95d_20.jpg,5.022489753479167,0.0,1.6029899799599197,0.656348787744335
H1_95d_21.jpg,5.3816710009414965,0.0,1.8020080160320637,0.6344351243349444
H1_95d_22.jpg,5.029201715977023,0.0,1.6346052104208413,0.6540006964886073
H1_95d_23.jpg,4.913361945934993,0.0,1.6650941883767538,0.6506898545943074
H1_95d_24.jpg,4.826451426756564,0.0,1.533254509018036,0.6591326469200774
H1_95d_3.jpg,5.282868162136206,0.0,2.0523527054108217,0.6277559248739032
H1_95d_4.jpg,5.008203892862229,0.0,1.5627855711422844,0.6634419699251816
H1_95d_5.jpg,5.223054715164527,0.0,1.96023246492986,0.6158509116197015
H1_95d_6.jpg,5.3332566078385435,0.0,1.864056112224449,0.6296185535577487
H1_95d_7.jpg,5.309815114717543,0.0,2.182432865731463,0.6046409017188825
H1_95d_8.jpg,5.440831135462797,0.0,1.7603887775551104,0.6373997521409733
H1_95d_9.jpg,5.284313843613929,0.0,1.8200360721442883,0.6398742019691994
H1_96a_1.jpg,5.554171666234834,0.0,1.4601362725450906,0.6670006844898436
H1_96a_2.jpg,5.004693858197095,0.0,1.1466653306613226,0.7122569409375232
H1_96a_3.jpg,4.676367257713999,0.0,1.11761122244489,0.7069452406579859
H1_96a_4.jpg,5.36025564056873,0.0,1.2710981963927854,0.6941541697190221
H1_96a_5.jpg,4.794602563878669,0.0,1.084300601202405,0.7215461253218542
H1_96a_6.jpg,4.3481162610203095,0.0,1.0583807615230458,0.7195526397014961
H1_96b_1.jpg,4.368239056602846,0.0,1.11811623246493,0.710434602789546
H1_96b_10.jpg,5.24023358867557,0.0,1.4519799599198397,0.6755565670459194
H1_96b_11.jpg,5.468879557011225,0.0,1.42875751503006,0.6675937415659117
H1_96b_12.jpg,5.545802910238411,0.0,1.4388857715430863,0.670956151148018
H1_96b_13.jpg,5.806963421404563,0.0,1.759879759519038,0.6286728024787718
H1_96b_14.jpg,4.530622009677547,0.0,1.1385971943887776,0.7117872134412057
H1_96b_15.jpg,4.396636013629339,0.0,1.1877635270541083,0.7039648887347136
H1_96b_16.jpg,5.613256408980897,0.0,1.42650501002004,0.6751946865013266
H1_96b_17.jpg,5.294649207262825,0.0,1.3537394789579158,0.6780932753975022
H1_96b_18.jpg,5.678168841451923,0.0,1.5181482965931865,0.664991398742935
H1_96b_19.jpg,4.457843681251238,0.0,1.090865731462926,0.7174011132979099
H1_96b_2.jpg,4.339006830604774,0.0,1.022076152304609,0.7285069392941613
H1_96b_20.jpg,4.329550390940784,0.0,1.1384529058116237,0.7124474905745823
H1_96b_3.jpg,4.499464127217611,0.0,1.3417194388777556,0.6826782219410727
H1_96b_4.jpg,5.155323197191863,0.0,1.26349498997996,0.6965785581134715
H1_96b_5.jpg,5.186732019604984,0.0,1.2824088176352704,0.6930307065457355
H1_96b_6.jpg,4.679345258869859,0.0,0.9280721442885773,0.7400445285910323
H1_96b_7.jpg,5.258279304054654,0.0,1.2178797595190383,0.7059017454005369
H1_96b_8.jpg,5.781832002371143,0.0,1.6135591182364728,0.6524811610175163
H1_96b_9.jpg,5.379060219127458,0.0,1.5447094188376755,0.6638924030627615
H1_96c_1.jpg,4.348101627984348,0.0,0.9218236472945891,0.7425311014243415
H1_96c_10.jpg,5.236799955822951,0.0,1.367442885771543,0.6852913944246547
H1_96c_11.jpg,5.457785906522581,0.0,1.2163406813627256,0.6986064559780516
H1_96c_12.jpg,5.541467642775254,0.0,1.3399278557114225,0.6814824948994125
H1_96c_13.jpg,5.801405931272443,0.0,1.536549098196393,0.6607994486567041
H1_96c_14.jpg,4.5240974780638075,0.0,1.043623246492986,0.7214464401061315
H1_96c_15.jpg,4.388294047388539,0.0,1.0882725450901805,0.7153479255242224
H1_96c_16.jpg,5.607044186730844,0.0,1.351014028056112,0.6862788141342385
H1_96c_17.jpg,5.289456597102598,0.0,1.2820440881763528,0.685486199494234
H1_96c_18.jpg,5.675859295531703,0.0,1.4262845691382764,0.6780635627257205
H1_96c_19.jpg,4.451086474834104,0.0,1.0070941883767535,0.7280976054588465
H1_96c_2.jpg,4.329597721110961,0.0,0.9227735470941884,0.7408747955012227
H1_96c_20.jpg,4.321876387070222,0.0,1.0518797595190381,0.72242236102905
H1_96c_3.jpg,4.483160113228906,0.0,1.1235110220440883,0.7179278061736927
H1_96c_4.jpg,5.150788771937371,0.0,1.1676713426853709,0.706890913835087
H1_96c_5.jpg,5.1815960924557745,0.0,1.1910861723446893,0.7025646141423207
H1_96c_6.jpg,4.673873046091182,0.0,0.8644649298597195,0.7509856013848983
H1_96c_7.jpg,5.254104949805914,0.0,1.1567174348697395,0.7124336357276889
H1_96c_8.jpg,5.7770914874952775,0.0,1.5035310621242486,0.6666795627138957
H1_96c_9.jpg,5.37439846208124,0.0,1.4507214428857713,0.6743536358837425
H1_96d_1.jpg,5.095580262884407,0.0,1.1485971943887776,0.7076920745633308
H1_96d_10.jpg,5.071469212234602,0.0,1.4442805611222445,0.6623990656912982
H1_96d_11.jpg,5.348928527698105,0.0,1.9423326653306614,0.6243144678998452
H1_96d_12.jpg,5.73150701557043,0.0,2.103346693386774,0.5993969843758254
H1_96d_13.jpg,4.963053062910907,0.0,1.443871743486974,0.6715873317206589
H1_96d_14.jpg,5.0760772919277715,0.0,1.4276953907815633,0.6651206443183171
H1_96d_15.jpg,5.26331138147278,0.0,1.753739478957916,0.6417844301130309
H1_96d_16.jpg,5.790297373329492,0.0,2.1093146292585176,0.598222878404981
H1_96d_2.jpg,5.091217207748907,0.0,1.3317675350701403,0.678533574588364
H1_96d_3.jpg,5.2352900929343065,0.0,1.5759879759519038,0.6537738693830177
H1_96d_4.jpg,5.379118005422854,0.0,1.4840040080160322,0.6584722306677228
H1_96d_5.jpg,4.52782002147669,0.0,1.1593306613226453,0.7052254639340392
H1_96d_6.jpg,5.2574916276759405,0.0,1.4321402805611223,0.6625371692925847
H1_96d_7.jpg,5.645661708056153,0.0,1.869819639278557,0.6303908575492201
H1_96d_8.jpg,5.663474785279239,0.0,1.7276793587174353,0.6307319492282393
H1_96d_9.jpg,4.900966946601956,0.0,1.5019559118236472,0.6637847850398895
H1_97a_1.jpg,5.223033448151729,0.0,4.3889498997996,0.5257163722718922
H1_97a_2.jpg,5.318329256189917,0.0,4.16988376753507,0.5217314018644142
H1_97a_3.jpg,5.321962387278893,0.0,4.455723446893788,0.510652125071869
H1_97a_4.jpg,4.451098563714936,0.0,3.094801603206413,0.5712031307758653
H1_97a_5.jpg,4.7675912913495555,0.0,3.266573146292585,0.5585573724170906
H1_97a_6.jpg,4.694550324046861,0.0,3.2871903807615235,0.5609079493827427
H1_97a_7.jpg,4.455783103595578,0.0,3.048709418837675,0.574196216976163
H1_97a_8.jpg,4.842377004066353,0.0,3.3254909819639282,0.5564212133263462
H1_97a_9.jpg,4.69924317681609,0.0,3.3220961923847696,0.560506400991326
H1_97b_1.jpg,5.096844733297599,0.0,3.9231543086172347,0.5269509292582638
H1_97b_2.jpg,5.106698981278144,0.0,3.4889659318637274,0.5505802008503482
H1_97b_3.jpg,4.997173247748855,0.0,3.4816192384769535,0.5514245368318734
H1_97b_4.jpg,5.397237348668436,0.0,4.0894829659318646,0.5219690504455728
H1_97b_5.jpg,5.320048945377345,0.0,3.646296593186373,0.5387049203685654
H1_97b_6.jpg,5.057133988479643,0.0,3.00116633266533,0.5645141266194508
H1_97b_7.jpg,5.689164686551738,0.0,4.372549098196393,0.5147220789941321
H1_97b_8.jpg,5.485780555922966,0.0,3.826212424849699,0.5349688691219484
H1_97b_9.jpg,5.471331331931495,0.0,3.8382164328657318,0.5339568860037882
H1_98a_1.jpg,6.423774310926076,0.0,6.208068136272545,0.43328412060558863
H1_98a_10.jpg,6.185598956645825,7.6e-05,5.50262124248497,0.4595094459469208
H1_98a_11.jpg,5.99616894898303,0.0,6.310593186372746,0.43708626974633635
H1_98a_12.jpg,5.96751631238673,0.0,5.73903006012024,0.4517927362144993
H1_98a_13.jpg,6.101057923575305,0.0,5.070769539078157,0.47498968529763375
H1_98a_14.jpg,6.186425329918822,0.0,5.508993987975952,0.4618021880867156
H1_98a_15.jpg,5.985891109190926,0.0,5.893354709418838,0.4519022166741027
H1_98a_16.jpg,5.963686810247024,0.0,5.571691382765531,0.45292830632162673
H1_98a_2.jpg,6.032024778439936,0.0,5.303142284569137,0.46103945522713896
H1_98a_3.jpg,6.043204148741349,0.0,6.544709418837677,0.4302678410367379
H1_98a_4.jpg,6.1497106105483,0.0,6.490821643286575,0.43042955288221424
H1_98a_5.jpg,6.164170467749398,5.6e-05,5.814605210420842,0.46140663819690547
H1_98a_6.jpg,6.161399098195569,0.0,5.317150300601202,0.4599288269267524
H1_98a_7.jpg,6.17787801679814,0.0,6.229847695390781,0.4392721630009098
H1_98a_8.jpg,6.171369478490828,0.0,6.479927855711422,0.43234037276740384
H1_98a_9.jpg,6.114224832177987,0.0,5.4528296593186365,0.4637036339774524
H1_98b_1.jpg,5.849050044233487,0.0,5.778240480961923,0.45632618662913654
H1_98b_2.jpg,5.862688448792121,0.0,5.701026052104208,0.4619048387313639
H1_98b_3.jpg,5.959024494659558,0.0,5.914348697394789,0.4506493184887078
H1_98b_4.jpg,5.650215923146743,0.0,3.9326653306613224,0.5253933122168012
H1_98b_5.jpg,5.983522498773274,0.0,5.3694468937875754,0.4655689264558739
H1_98b_6.jpg,5.893965405963996,0.0,5.94056112224449,0.451475920861051
H1_98b_7.jpg,5.88620650421185,0.0,3.723194388777555,0.5340677609467034
H1_98b_8.jpg,5.997209712071383,4.4e-05,5.338248496993988,0.471047845165672
H1_98b_9.jpg,5.83379326174972,0.000128,5.847222444889779,0.45794316428815685
H1_98c_1.jpg,6.034393261491371,0.0,7.902412825651303,0.39766227334969934
H1_98c_10.jpg,5.803983642262976,0.0,5.019559118236474,0.47843176859971714
H1_98c_11.jpg,6.198589552072899,0.0,7.317831663326653,0.4109737770591123
H1_98c_12.jpg,6.057022451703335,5.6e-05,7.180653306613226,0.41596308680874394
H1_98c_13.jpg,5.948707766233457,0.0,6.91724248496994,0.4293999532507983
H1_98c_14.jpg,5.773248595148334,0.0,6.071911823647294,0.44977134203593794
H1_98c_15.jpg,5.733907399097489,0.0,6.23597995991984,0.4492175638105557
H1_98c_16.jpg,5.810350277407929,5.2e-05,6.594573146292586,0.4337276936930636
H1_98c_17.jpg,6.070625296010154,8e-05,7.2377234468937885,0.4153294925993203
H1_98c_18.jpg,5.725429215932557,0.0,6.200364729458917,0.44899939296187413
H1_98c_19.jpg,5.969702030491143,0.0,5.665839679358717,0.45829655465377916
H1_98c_2.jpg,6.004690045886832,0.0003,7.586204408817635,0.41729302559804493
H1_98c_20.jpg,5.504705714075675,0.0,4.403154308617235,0.4992978616279982
H1_98c_21.jpg,5.767823668314544,2e-05,6.546084168336673,0.43786781468205715
H1_98c_22.jpg,6.058479416895229,0.0,7.2675631262525044,0.4137770133300027
H1_98c_23.jpg,5.737332376980103,0.0,6.2700601202404815,0.4451649710223061
H1_98c_24.jpg,5.940671740916082,4e-05,5.737342685370741,0.45597316894088374
H1_98c_25.jpg,5.494254133184226,0.0,4.350440881763527,0.5011504238082456
H1_98c_3.jpg,6.1660012628274234,0.00026,7.448713426853708,0.41571126157378957
H1_98c_4.jpg,5.9235116065829185,0.0,6.574865731462926,0.43492803733049934
H1_98c_5.jpg,6.120188194486271,0.0,7.25619639278557,0.41911762246520035
H1_98c_6.jpg,6.044212238397225,0.0,6.704717434869739,0.4225329273593503
H1_98c_7.jpg,5.974690346693774,5.2e-05,6.074284569138277,0.44293461011367025
H1_98c_8.jpg,5.982135974016905,0.0,6.742625250501002,0.42730419996302627
H1_98c_9.jpg,5.856841883926794,0.0,5.754160320641283,0.4514392638399763
H1_99a_1.jpg,5.379208477776383,0.0,3.589551102204408,0.5389297917949522
H1_99a_2.jpg,5.967186904672809,0.0,4.718480961923848,0.48142478802027733
H1_99a_3.jpg,5.493642874287665,0.0,3.833803607214429,0.5153107094518435
H1_99a_4.jpg,4.902335593610203,0.0,2.578448897795592,0.5935832288072593
H1_99a_5.jpg,5.352116418616735,0.0,2.9740360721442896,0.56167106014959
H1_99a_6.jpg,4.9140855944607535,0.0,2.106056112224449,0.6157924103812026
H1_99a_7.jpg,4.899863034111953,0.0,2.308809619238477,0.6148169348216213
H1_99a_8.jpg,5.297649054264473,0.0,2.3225771543086173,0.5943913302056286
H1_99a_9.jpg,5.442738316350151,0.0,2.039615230460922,0.6218153282973886
H1_99b_1.jpg,5.460874633523677,0.0,2.9178997995991978,0.566215828379909
H1_99b_2.jpg,5.71027830201564,0.0,2.115318637274549,0.6117410259866517
H1_99b_3.jpg,5.733881606806896,0.0,2.1304408817635276,0.6127688068797569
H1_99b_4.jpg,5.086852236512682,0.0,2.763490981963928,0.5847825583995259
H1_99b_5.jpg,5.72230259290749,0.0,2.6719078156312626,0.5781095582305098
H1_99b_6.jpg,5.541175435033836,0.0,2.5279559118236477,0.5902880322289719
H1_99b_7.jpg,5.115846752441353,0.0,3.009198396793587,0.5791624796914694
H1_99b_8.jpg,5.6926830546047515,0.0,2.8860040080160325,0.5699351730228778
H1_99b_9.jpg,5.51809373555378,0.0,2.724933867735471,0.5829562817934826
H1_99c_1.jpg,4.62801119324247,0.0,2.201234468937876,0.6186084637401993
H1_99c_10.jpg,4.815283536334402,0.0,1.9071382765531062,0.6320513952644817
H1_99c_11.jpg,5.291628988981059,0.0,2.5775430861723447,0.5968342195447277
H1_99c_12.jpg,4.428549333558165,0.0,1.973266533066132,0.6372891600295002
H1_99c_2.jpg,5.103394369895192,0.0,2.537382765531062,0.6109281106480463
H1_99c_3.jpg,5.311478242078648,0.0,2.8994468937875753,0.5683390353450769
H1_99c_4.jpg,5.285201609782394,6e-05,3.013871743486974,0.5808884090406878
H1_99c_5.jpg,4.928022979025245,0.0,2.204012024048096,0.6109605118538914
H1_99c_6.jpg,4.982910886087415,0.0,1.9172184368737475,0.6300650449508393
H1_99c_7.jpg,5.654354643652132,0.0,3.1828817635270545,0.5599416281717907
H1_99c_8.jpg,4.678553514397322,0.0,2.0620360721442887,0.635348407927878
H1_99c_9.jpg,5.276911718624743,0.0,2.5582685370741487,0.5887576164241503
H1_9a_1.jpg,5.36549730374129,0.0,1.5677595190380764,0.6565314857428445
H1_9a_10.jpg,5.1283148337605455,0.0,1.1212745490981963,0.7169704890014743
H1_9a_11.jpg,5.365961270817454,0.0,1.5259799599198391,0.66983443986552
H1_9a_12.jpg,5.283698203312685,0.0,1.4589178356713428,0.67648533206155
H1_9a_2.jpg,4.990773448674447,0.0,1.2107014028056113,0.7038744085645285
H1_9a_3.jpg,5.18444283846698,0.0,1.7259559118236472,0.6547767149134777
H1_9a_4.jpg,5.246619804293591,0.0,1.7651022044088176,0.6464588167798888
H1_9a_5.jpg,5.845863195185711,0.0,2.112328657314629,0.6389408657564807
H1_9a_6.jpg,5.441375417667214,0.0,1.11436873747495,0.7180201107274813
H1_9a_7.jpg,5.632789813012893,0.0,2.014180360721443,0.635737165235628
H1_9a_8.jpg,5.694623906139379,0.0,2.0399198396793587,0.6274255281523867
H1_9a_9.jpg,5.39028897986309,0.0,1.3682845691382766,0.6843018184255014
H1_9b_1.jpg,5.097657918664378,0.000656,13.037006012024051,0.6778895355737988
H1_9b_2.jpg,5.119933115702714,0.0,1.4859559118236472,0.6723084637095275
H1_9b_3.jpg,5.361426342086778,0.0,1.6226132264529052,0.6585574632844307
H1_9b_4.jpg,5.505710976851001,0.002,30.996813627254518,0.6320022818875923
H1_9b_5.jpg,5.458176538972156,0.0,1.3127414829659318,0.6870044755906135
H1_9b_6.jpg,5.793704526629213,0.0,1.5914869739478956,0.6647865515654725
H1_9b_7.jpg,5.664568497358261,0.002,30.58601202404809,0.6360856313630333
H1_9b_8.jpg,5.113995003119739,0.0,1.2444088176352706,0.6974790798304544
H1_9b_9.jpg,5.307952766375892,0.0,1.4555470941883768,0.6761470309807572
H1_9c_1.jpg,5.602599769931981,0.0,1.900865731462926,0.6334504486296275
H1_9c_2.jpg,5.452392821578941,0.0,1.540617234468938,0.6670427896113807
H1_9c_3.jpg,5.659498689661492,0.0,1.7491182364729458,0.658781576435349
H1_9c_4.jpg,5.36614874149116,0.0,1.43549498997996,0.6875311947224436
